2025-12-10T00:29:05.901+03:00  INFO 12144 --- [medical-center-userservice] [main] m.userservice.service.VisitServiceTest   : Starting VisitServiceTest using Java 22.0.2 with PID 12144 (started by voitu in C:\studying\pt_backend\UserService)
2025-12-10T00:29:05.908+03:00 DEBUG 12144 --- [medical-center-userservice] [main] m.userservice.service.VisitServiceTest   : Running with Spring Boot v3.5.5, Spring v6.2.10
2025-12-10T00:29:05.909+03:00  INFO 12144 --- [medical-center-userservice] [main] m.userservice.service.VisitServiceTest   : The following 1 profile is active: "dev"
2025-12-10T00:29:07.256+03:00  INFO 12144 --- [medical-center-userservice] [main] .s.d.r.c.RepositoryConfigurationDelegate : Bootstrapping Spring Data JPA repositories in DEFAULT mode.
2025-12-10T00:29:07.427+03:00  INFO 12144 --- [medical-center-userservice] [main] .s.d.r.c.RepositoryConfigurationDelegate : Finished Spring Data repository scanning in 149 ms. Found 12 JPA repository interfaces.
2025-12-10T00:29:08.258+03:00  INFO 12144 --- [medical-center-userservice] [main] o.hibernate.jpa.internal.util.LogHelper  : HHH000204: Processing PersistenceUnitInfo [name: default]
2025-12-10T00:29:08.348+03:00  INFO 12144 --- [medical-center-userservice] [main] org.hibernate.Version                    : HHH000412: Hibernate ORM core version 6.6.26.Final
2025-12-10T00:29:08.405+03:00  INFO 12144 --- [medical-center-userservice] [main] o.h.c.internal.RegionFactoryInitiator    : HHH000026: Second-level cache disabled
2025-12-10T00:29:08.782+03:00  INFO 12144 --- [medical-center-userservice] [main] o.s.o.j.p.SpringPersistenceUnitInfo      : No LoadTimeWeaver setup: ignoring JPA class transformer
2025-12-10T00:29:08.823+03:00  INFO 12144 --- [medical-center-userservice] [main] com.zaxxer.hikari.HikariDataSource       : HikariPool-1 - Starting...
2025-12-10T00:29:09.076+03:00  INFO 12144 --- [medical-center-userservice] [main] com.zaxxer.hikari.pool.HikariPool        : HikariPool-1 - Added connection org.postgresql.jdbc.PgConnection@a11efe6
2025-12-10T00:29:09.079+03:00  INFO 12144 --- [medical-center-userservice] [main] com.zaxxer.hikari.HikariDataSource       : HikariPool-1 - Start completed.
2025-12-10T00:29:09.120+03:00  WARN 12144 --- [medical-center-userservice] [main] org.hibernate.orm.deprecation            : HHH90000025: PostgreSQLDialect does not need to be specified explicitly using 'hibernate.dialect' (remove the property setting and it will be selected by default)
2025-12-10T00:29:09.147+03:00  INFO 12144 --- [medical-center-userservice] [main] org.hibernate.orm.connections.pooling    : HHH10001005: Database info:
	Database JDBC URL [Connecting through datasource 'HikariDataSource (HikariPool-1)']
	Database driver: undefined/unknown
	Database version: 15.14
	Autocommit mode: undefined/unknown
	Isolation level: undefined/unknown
	Minimum pool size: undefined/unknown
	Maximum pool size: undefined/unknown
2025-12-10T00:29:10.432+03:00  INFO 12144 --- [medical-center-userservice] [main] o.h.e.t.j.p.i.JtaPlatformInitiator       : HHH000489: No JTA platform available (set 'hibernate.transaction.jta.platform' to enable JTA platform integration)
2025-12-10T00:29:10.579+03:00  INFO 12144 --- [medical-center-userservice] [main] j.LocalContainerEntityManagerFactoryBean : Initialized JPA EntityManagerFactory for persistence unit 'default'
2025-12-10T00:29:11.112+03:00  INFO 12144 --- [medical-center-userservice] [main] o.s.d.j.r.query.QueryEnhancerFactory     : Hibernate is in classpath; If applicable, HQL parser will be used.
2025-12-10T00:29:12.531+03:00  WARN 12144 --- [medical-center-userservice] [main] JpaBaseConfiguration$JpaWebConfiguration : spring.jpa.open-in-view is enabled by default. Therefore, database queries may be performed during view rendering. Explicitly configure spring.jpa.open-in-view to disable this warning
2025-12-10T00:29:12.848+03:00  WARN 12144 --- [medical-center-userservice] [main] .s.s.UserDetailsServiceAutoConfiguration : 

Using generated security password: f7670869-17fb-462a-9a78-410544e07d64

This generated password is for development use only. Your security configuration must be updated before running your application in production.

2025-12-10T00:29:12.858+03:00  INFO 12144 --- [medical-center-userservice] [main] r$InitializeUserDetailsManagerConfigurer : Global AuthenticationManager configured with UserDetailsService bean with name inMemoryUserDetailsManager
2025-12-10T00:29:13.479+03:00  INFO 12144 --- [medical-center-userservice] [main] o.s.m.s.b.SimpleBrokerMessageHandler     : Starting...
2025-12-10T00:29:13.481+03:00  INFO 12144 --- [medical-center-userservice] [main] o.s.m.s.b.SimpleBrokerMessageHandler     : BrokerAvailabilityEvent[available=true, SimpleBrokerMessageHandler [org.springframework.messaging.simp.broker.DefaultSubscriptionRegistry@17f141eb]]
2025-12-10T00:29:13.481+03:00  INFO 12144 --- [medical-center-userservice] [main] o.s.m.s.b.SimpleBrokerMessageHandler     : Started.
2025-12-10T00:29:13.491+03:00  INFO 12144 --- [medical-center-userservice] [main] m.userservice.service.VisitServiceTest   : Started VisitServiceTest in 7.976 seconds (process running for 19.116)
2025-12-10T00:29:13.847+03:00 DEBUG 12144 --- [medical-center-userservice] [main] m.userservice.service.impl.VisitService  : cancelling visit with id: a467f548-16e7-4217-be21-7f41a781a2f8
2025-12-10T00:29:13.921+03:00  INFO 12144 --- [medical-center-userservice] [main] m.userservice.service.impl.VisitService  : Visit a467f548-16e7-4217-be21-7f41a781a2f8 cancelled successfully and slot released
2025-12-10T00:29:14.008+03:00 DEBUG 12144 --- [medical-center-userservice] [main] m.userservice.service.impl.VisitService  : rescheduling visit 377ac76a-b0e5-4303-a042-d2e204c78d7a to new date: 2025-12-12T14:00:14.007565400
2025-12-10T00:29:14.020+03:00 DEBUG 12144 --- [medical-center-userservice] [main] m.u.service.impl.TimeSlotsService        : releasing slot 346cd043-0ecd-477e-950d-4d39e4fc17a1
2025-12-10T00:29:14.021+03:00 DEBUG 12144 --- [medical-center-userservice] [main] m.userservice.service.impl.VisitService  : Old slot 346cd043-0ecd-477e-950d-4d39e4fc17a1 released for visit 377ac76a-b0e5-4303-a042-d2e204c78d7a
2025-12-10T00:29:14.059+03:00 DEBUG 12144 --- [medical-center-userservice] [main] m.userservice.service.impl.VisitService  : rescheduling visit 07ce9f23-76fb-40bc-90ec-2e652eb9c7c5 to new date: 2025-12-14T16:00:14.058627600
2025-12-10T00:29:14.071+03:00 DEBUG 12144 --- [medical-center-userservice] [main] m.u.service.impl.TimeSlotsService        : booking slot 5055cb00-d144-406c-9b72-ed0695879c0b for visit Visit(id=07ce9f23-76fb-40bc-90ec-2e652eb9c7c5, dateOfVisit=2025-12-14T16:00:14.058627600, status=scheduled, symptoms=null, diagnosis=null, prescription=null)
2025-12-10T00:29:14.072+03:00  INFO 12144 --- [medical-center-userservice] [main] m.userservice.service.impl.VisitService  : Visit 07ce9f23-76fb-40bc-90ec-2e652eb9c7c5 rescheduled to 2025-12-14T16:00:14.058627600 and new slot 5055cb00-d144-406c-9b72-ed0695879c0b booked
2025-12-10T00:29:14.095+03:00 DEBUG 12144 --- [medical-center-userservice] [main] m.userservice.service.impl.VisitService  : rescheduling visit 8e8a18d1-a255-4415-ae08-4ed3a608d32c to new date: 2025-12-12T14:00:14.094843100
2025-12-10T00:29:14.103+03:00 DEBUG 12144 --- [medical-center-userservice] [main] m.u.service.impl.TimeSlotsService        : releasing slot db3e57fa-23bc-4b5e-8335-13069476cf6c
2025-12-10T00:29:14.103+03:00 DEBUG 12144 --- [medical-center-userservice] [main] m.userservice.service.impl.VisitService  : Old slot db3e57fa-23bc-4b5e-8335-13069476cf6c released for visit 8e8a18d1-a255-4415-ae08-4ed3a608d32c
2025-12-10T00:29:14.107+03:00 DEBUG 12144 --- [medical-center-userservice] [main] m.u.service.impl.TimeSlotsService        : booking slot 2e6cc74c-46a9-4290-aff6-72d2da075c96 for visit Visit(id=8e8a18d1-a255-4415-ae08-4ed3a608d32c, dateOfVisit=2025-12-12T14:00:14.094843100, status=scheduled, symptoms=Головная боль, diagnosis=null, prescription=null)
2025-12-10T00:29:14.109+03:00  INFO 12144 --- [medical-center-userservice] [main] m.userservice.service.impl.VisitService  : Visit 8e8a18d1-a255-4415-ae08-4ed3a608d32c rescheduled to 2025-12-12T14:00:14.094843100 and new slot 2e6cc74c-46a9-4290-aff6-72d2da075c96 booked
2025-12-10T00:29:14.128+03:00 DEBUG 12144 --- [medical-center-userservice] [main] m.userservice.service.impl.VisitService  : cancelling visit with id: 76e32a4a-908e-4349-a9ea-fffa71111771
2025-12-10T00:29:14.136+03:00 DEBUG 12144 --- [medical-center-userservice] [main] m.u.service.impl.TimeSlotsService        : releasing slot a227a2fa-5a43-44f2-b2aa-b158630a236f
2025-12-10T00:29:14.137+03:00 DEBUG 12144 --- [medical-center-userservice] [main] m.userservice.service.impl.VisitService  : Slot a227a2fa-5a43-44f2-b2aa-b158630a236f released for cancelled visit 76e32a4a-908e-4349-a9ea-fffa71111771
2025-12-10T00:29:14.137+03:00  INFO 12144 --- [medical-center-userservice] [main] m.userservice.service.impl.VisitService  : Visit 76e32a4a-908e-4349-a9ea-fffa71111771 cancelled successfully and slot released
2025-12-10T00:29:14.153+03:00 DEBUG 12144 --- [medical-center-userservice] [main] m.userservice.service.impl.VisitService  : rescheduling visit f61672ba-7871-4a14-88ba-3ecc52343c44 to new date: 2025-12-12T14:00:14.152947900
2025-12-10T00:29:14.172+03:00 DEBUG 12144 --- [medical-center-userservice] [main] m.userservice.service.impl.VisitService  : rescheduling visit 544ec0c8-aaaa-410d-9dc6-407fe6a48002 to new date: 2025-12-12T14:00:14.171559900
2025-12-10T00:29:14.195+03:00 DEBUG 12144 --- [medical-center-userservice] [main] m.userservice.service.impl.VisitService  : rescheduling visit 31875242-9262-4161-bb29-9221da9160cc to new date: 2025-12-12T15:00:14.194558900
2025-12-10T00:29:14.204+03:00 DEBUG 12144 --- [medical-center-userservice] [main] m.u.service.impl.TimeSlotsService        : releasing slot fb59d0b6-7108-456f-9dfb-f54c7157970f
2025-12-10T00:29:14.205+03:00 DEBUG 12144 --- [medical-center-userservice] [main] m.userservice.service.impl.VisitService  : Old slot fb59d0b6-7108-456f-9dfb-f54c7157970f released for visit 31875242-9262-4161-bb29-9221da9160cc
2025-12-10T00:29:14.227+03:00 DEBUG 12144 --- [medical-center-userservice] [main] m.userservice.service.impl.VisitService  : cancelling visit with id: 4e468450-8ba6-497b-94a4-ef82e435ba2d
2025-12-10T00:29:14.721+03:00  INFO 12144 --- [medical-center-userservice] [SpringApplicationShutdownHook] o.s.m.s.b.SimpleBrokerMessageHandler     : Stopping...
2025-12-10T00:29:14.721+03:00  INFO 12144 --- [medical-center-userservice] [SpringApplicationShutdownHook] o.s.m.s.b.SimpleBrokerMessageHandler     : BrokerAvailabilityEvent[available=false, SimpleBrokerMessageHandler [org.springframework.messaging.simp.broker.DefaultSubscriptionRegistry@17f141eb]]
2025-12-10T00:29:14.722+03:00  INFO 12144 --- [medical-center-userservice] [SpringApplicationShutdownHook] o.s.m.s.b.SimpleBrokerMessageHandler     : Stopped.
2025-12-10T00:29:14.727+03:00  INFO 12144 --- [medical-center-userservice] [SpringApplicationShutdownHook] j.LocalContainerEntityManagerFactoryBean : Closing JPA EntityManagerFactory for persistence unit 'default'
2025-12-10T00:29:14.735+03:00  WARN 12144 --- [medical-center-userservice] [SpringApplicationShutdownHook] com.zaxxer.hikari.pool.ProxyConnection   : HikariPool-1 - Connection org.postgresql.jdbc.PgConnection@a11efe6 marked as broken because of SQLSTATE(08006), ErrorCode(0)

org.postgresql.util.PSQLException: Ошибка ввода/вывода при отправке бэкенду
	at org.postgresql.core.v3.QueryExecutorImpl.execute(QueryExecutorImpl.java:399) ~[postgresql-42.7.7.jar:42.7.7]
	at org.postgresql.jdbc.PgStatement.executeInternal(PgStatement.java:518) ~[postgresql-42.7.7.jar:42.7.7]
	at org.postgresql.jdbc.PgStatement.execute(PgStatement.java:435) ~[postgresql-42.7.7.jar:42.7.7]
	at org.postgresql.jdbc.PgStatement.executeWithFlags(PgStatement.java:357) ~[postgresql-42.7.7.jar:42.7.7]
	at org.postgresql.jdbc.PgStatement.executeCachedSql(PgStatement.java:342) ~[postgresql-42.7.7.jar:42.7.7]
	at org.postgresql.jdbc.PgStatement.executeWithFlags(PgStatement.java:318) ~[postgresql-42.7.7.jar:42.7.7]
	at org.postgresql.jdbc.PgStatement.execute(PgStatement.java:313) ~[postgresql-42.7.7.jar:42.7.7]
	at com.zaxxer.hikari.pool.ProxyStatement.execute(ProxyStatement.java:95) ~[HikariCP-6.3.2.jar:na]
	at com.zaxxer.hikari.pool.HikariProxyStatement.execute(HikariProxyStatement.java) ~[HikariCP-6.3.2.jar:na]
	at org.hibernate.tool.schema.internal.exec.GenerationTargetToDatabase.accept(GenerationTargetToDatabase.java:80) ~[hibernate-core-6.6.26.Final.jar:6.6.26.Final]
	at org.hibernate.tool.schema.internal.SchemaDropperImpl$DelayedDropActionImpl.perform(SchemaDropperImpl.java:628) ~[hibernate-core-6.6.26.Final.jar:6.6.26.Final]
	at org.hibernate.boot.internal.SessionFactoryObserverForSchemaExport.sessionFactoryClosing(SessionFactoryObserverForSchemaExport.java:48) ~[hibernate-core-6.6.26.Final.jar:6.6.26.Final]
	at org.hibernate.internal.SessionFactoryObserverChain.sessionFactoryClosing(SessionFactoryObserverChain.java:48) ~[hibernate-core-6.6.26.Final.jar:6.6.26.Final]
	at org.hibernate.internal.SessionFactoryImpl.close(SessionFactoryImpl.java:928) ~[hibernate-core-6.6.26.Final.jar:6.6.26.Final]
	at java.base/jdk.internal.reflect.DirectMethodHandleAccessor.invoke(DirectMethodHandleAccessor.java:103) ~[na:na]
	at java.base/java.lang.reflect.Method.invoke(Method.java:580) ~[na:na]
	at org.springframework.orm.jpa.AbstractEntityManagerFactoryBean.invokeProxyMethod(AbstractEntityManagerFactoryBean.java:529) ~[spring-orm-6.2.10.jar:6.2.10]
	at org.springframework.orm.jpa.AbstractEntityManagerFactoryBean$ManagedEntityManagerFactoryInvocationHandler.invoke(AbstractEntityManagerFactoryBean.java:750) ~[spring-orm-6.2.10.jar:6.2.10]
	at jdk.proxy1/jdk.proxy1.$Proxy167.close(Unknown Source) ~[na:na]
	at org.springframework.orm.jpa.AbstractEntityManagerFactoryBean.destroy(AbstractEntityManagerFactoryBean.java:662) ~[spring-orm-6.2.10.jar:6.2.10]
	at org.springframework.beans.factory.support.DisposableBeanAdapter.destroy(DisposableBeanAdapter.java:211) ~[spring-beans-6.2.10.jar:6.2.10]
	at org.springframework.beans.factory.support.DefaultSingletonBeanRegistry.destroyBean(DefaultSingletonBeanRegistry.java:798) ~[spring-beans-6.2.10.jar:6.2.10]
	at org.springframework.beans.factory.support.DefaultSingletonBeanRegistry.destroySingleton(DefaultSingletonBeanRegistry.java:748) ~[spring-beans-6.2.10.jar:6.2.10]
	at org.springframework.beans.factory.support.DefaultListableBeanFactory.destroySingleton(DefaultListableBeanFactory.java:1481) ~[spring-beans-6.2.10.jar:6.2.10]
	at org.springframework.beans.factory.support.DefaultSingletonBeanRegistry.destroySingletons(DefaultSingletonBeanRegistry.java:707) ~[spring-beans-6.2.10.jar:6.2.10]
	at org.springframework.beans.factory.support.DefaultListableBeanFactory.destroySingletons(DefaultListableBeanFactory.java:1474) ~[spring-beans-6.2.10.jar:6.2.10]
	at org.springframework.context.support.AbstractApplicationContext.destroyBeans(AbstractApplicationContext.java:1219) ~[spring-context-6.2.10.jar:6.2.10]
	at org.springframework.context.support.AbstractApplicationContext.doClose(AbstractApplicationContext.java:1180) ~[spring-context-6.2.10.jar:6.2.10]
	at org.springframework.context.support.AbstractApplicationContext.close(AbstractApplicationContext.java:1126) ~[spring-context-6.2.10.jar:6.2.10]
	at org.springframework.boot.SpringApplicationShutdownHook.closeAndWait(SpringApplicationShutdownHook.java:147) ~[spring-boot-3.5.5.jar:3.5.5]
	at java.base/java.lang.Iterable.forEach(Iterable.java:75) ~[na:na]
	at org.springframework.boot.SpringApplicationShutdownHook.run(SpringApplicationShutdownHook.java:116) ~[spring-boot-3.5.5.jar:3.5.5]
	at java.base/java.lang.Thread.run(Thread.java:1570) ~[na:na]
Caused by: java.net.SocketException: Программа на вашем хост-компьютере разорвала установленное подключение
	at java.base/sun.nio.ch.SocketDispatcher.read0(Native Method) ~[na:na]
	at java.base/sun.nio.ch.SocketDispatcher.read(SocketDispatcher.java:46) ~[na:na]
	at java.base/sun.nio.ch.NioSocketImpl.tryRead(NioSocketImpl.java:256) ~[na:na]
	at java.base/sun.nio.ch.NioSocketImpl.implRead(NioSocketImpl.java:307) ~[na:na]
	at java.base/sun.nio.ch.NioSocketImpl.read(NioSocketImpl.java:346) ~[na:na]
	at java.base/sun.nio.ch.NioSocketImpl$1.read(NioSocketImpl.java:796) ~[na:na]
	at java.base/java.net.Socket$SocketInputStream.implRead(Socket.java:1108) ~[na:na]
	at java.base/java.net.Socket$SocketInputStream.read(Socket.java:1095) ~[na:na]
	at org.postgresql.core.VisibleBufferedInputStream.readMore(VisibleBufferedInputStream.java:192) ~[postgresql-42.7.7.jar:42.7.7]
	at org.postgresql.core.VisibleBufferedInputStream.ensureBytes(VisibleBufferedInputStream.java:159) ~[postgresql-42.7.7.jar:42.7.7]
	at org.postgresql.core.VisibleBufferedInputStream.ensureBytes(VisibleBufferedInputStream.java:144) ~[postgresql-42.7.7.jar:42.7.7]
	at org.postgresql.core.VisibleBufferedInputStream.read(VisibleBufferedInputStream.java:76) ~[postgresql-42.7.7.jar:42.7.7]
	at org.postgresql.core.PGStream.receiveChar(PGStream.java:477) ~[postgresql-42.7.7.jar:42.7.7]
	at org.postgresql.core.v3.QueryExecutorImpl.processResults(QueryExecutorImpl.java:2175) ~[postgresql-42.7.7.jar:42.7.7]
	at org.postgresql.core.v3.QueryExecutorImpl.execute(QueryExecutorImpl.java:372) ~[postgresql-42.7.7.jar:42.7.7]
	... 32 common frames omitted

2025-12-10T00:29:14.744+03:00 ERROR 12144 --- [medical-center-userservice] [SpringApplicationShutdownHook] .SchemaDropperImpl$DelayedDropActionImpl : HHH000478: Unsuccessful: set client_min_messages = WARNING
2025-12-10T00:29:14.745+03:00 ERROR 12144 --- [medical-center-userservice] [SpringApplicationShutdownHook] .SchemaDropperImpl$DelayedDropActionImpl : HHH000478: Unsuccessful: alter table if exists doctorreviews drop constraint if exists FK4sy7a9d3tmbjffv5i4rnavmkl
2025-12-10T00:29:14.745+03:00 ERROR 12144 --- [medical-center-userservice] [SpringApplicationShutdownHook] .SchemaDropperImpl$DelayedDropActionImpl : HHH000478: Unsuccessful: alter table if exists doctorreviews drop constraint if exists FK9fqk7k6rb8semh67s715n4myw
2025-12-10T00:29:14.745+03:00 ERROR 12144 --- [medical-center-userservice] [SpringApplicationShutdownHook] .SchemaDropperImpl$DelayedDropActionImpl : HHH000478: Unsuccessful: alter table if exists doctorreviews drop constraint if exists FKojak0bqjfvb02tjue8wjaow3c
2025-12-10T00:29:14.745+03:00 ERROR 12144 --- [medical-center-userservice] [SpringApplicationShutdownHook] .SchemaDropperImpl$DelayedDropActionImpl : HHH000478: Unsuccessful: alter table if exists schedule drop constraint if exists FKqixlhugy7jvrwut9o2s6hqnu8
2025-12-10T00:29:14.746+03:00 ERROR 12144 --- [medical-center-userservice] [SpringApplicationShutdownHook] .SchemaDropperImpl$DelayedDropActionImpl : HHH000478: Unsuccessful: alter table if exists scheduleexceptions drop constraint if exists FKm6jqrkm2bkms5nb3b434na8h8
2025-12-10T00:29:14.746+03:00 ERROR 12144 --- [medical-center-userservice] [SpringApplicationShutdownHook] .SchemaDropperImpl$DelayedDropActionImpl : HHH000478: Unsuccessful: alter table if exists service drop constraint if exists FK6hoq8a5vlhpt29sk7l305uq8e
2025-12-10T00:29:14.746+03:00 ERROR 12144 --- [medical-center-userservice] [SpringApplicationShutdownHook] .SchemaDropperImpl$DelayedDropActionImpl : HHH000478: Unsuccessful: alter table if exists servicerendered drop constraint if exists FK1pffsbs2njddr61y7ftpfbk2
2025-12-10T00:29:14.746+03:00 ERROR 12144 --- [medical-center-userservice] [SpringApplicationShutdownHook] .SchemaDropperImpl$DelayedDropActionImpl : HHH000478: Unsuccessful: alter table if exists servicerendered drop constraint if exists FKmbsw00eihfrr47sjijva3c7yo
2025-12-10T00:29:14.747+03:00 ERROR 12144 --- [medical-center-userservice] [SpringApplicationShutdownHook] .SchemaDropperImpl$DelayedDropActionImpl : HHH000478: Unsuccessful: alter table if exists time_slots drop constraint if exists FKd6dc8ju3341s588y5oquxhqpo
2025-12-10T00:29:14.747+03:00 ERROR 12144 --- [medical-center-userservice] [SpringApplicationShutdownHook] .SchemaDropperImpl$DelayedDropActionImpl : HHH000478: Unsuccessful: alter table if exists time_slots drop constraint if exists FKeeq1cc03jcb0h767ww19vy5l1
2025-12-10T00:29:14.747+03:00 ERROR 12144 --- [medical-center-userservice] [SpringApplicationShutdownHook] .SchemaDropperImpl$DelayedDropActionImpl : HHH000478: Unsuccessful: alter table if exists visit drop constraint if exists FKc63541y8ppkvsovm00gumv90t
2025-12-10T00:29:14.747+03:00 ERROR 12144 --- [medical-center-userservice] [SpringApplicationShutdownHook] .SchemaDropperImpl$DelayedDropActionImpl : HHH000478: Unsuccessful: alter table if exists visit drop constraint if exists FKrban5yeabnx30seqm69jw44e
2025-12-10T00:29:14.748+03:00 ERROR 12144 --- [medical-center-userservice] [SpringApplicationShutdownHook] .SchemaDropperImpl$DelayedDropActionImpl : HHH000478: Unsuccessful: drop table if exists chat_messages cascade
2025-12-10T00:29:14.749+03:00 ERROR 12144 --- [medical-center-userservice] [SpringApplicationShutdownHook] .SchemaDropperImpl$DelayedDropActionImpl : HHH000478: Unsuccessful: drop table if exists doctor cascade
2025-12-10T00:29:14.749+03:00 ERROR 12144 --- [medical-center-userservice] [SpringApplicationShutdownHook] .SchemaDropperImpl$DelayedDropActionImpl : HHH000478: Unsuccessful: drop table if exists doctorreviews cascade
2025-12-10T00:29:14.749+03:00 ERROR 12144 --- [medical-center-userservice] [SpringApplicationShutdownHook] .SchemaDropperImpl$DelayedDropActionImpl : HHH000478: Unsuccessful: drop table if exists manager cascade
2025-12-10T00:29:14.750+03:00 ERROR 12144 --- [medical-center-userservice] [SpringApplicationShutdownHook] .SchemaDropperImpl$DelayedDropActionImpl : HHH000478: Unsuccessful: drop table if exists operators cascade
2025-12-10T00:29:14.750+03:00 ERROR 12144 --- [medical-center-userservice] [SpringApplicationShutdownHook] .SchemaDropperImpl$DelayedDropActionImpl : HHH000478: Unsuccessful: drop table if exists patient cascade
2025-12-10T00:29:14.750+03:00 ERROR 12144 --- [medical-center-userservice] [SpringApplicationShutdownHook] .SchemaDropperImpl$DelayedDropActionImpl : HHH000478: Unsuccessful: drop table if exists schedule cascade
2025-12-10T00:29:14.750+03:00 ERROR 12144 --- [medical-center-userservice] [SpringApplicationShutdownHook] .SchemaDropperImpl$DelayedDropActionImpl : HHH000478: Unsuccessful: drop table if exists scheduleexceptions cascade
2025-12-10T00:29:14.750+03:00 ERROR 12144 --- [medical-center-userservice] [SpringApplicationShutdownHook] .SchemaDropperImpl$DelayedDropActionImpl : HHH000478: Unsuccessful: drop table if exists service cascade
2025-12-10T00:29:14.751+03:00 ERROR 12144 --- [medical-center-userservice] [SpringApplicationShutdownHook] .SchemaDropperImpl$DelayedDropActionImpl : HHH000478: Unsuccessful: drop table if exists servicerendered cascade
2025-12-10T00:29:14.751+03:00 ERROR 12144 --- [medical-center-userservice] [SpringApplicationShutdownHook] .SchemaDropperImpl$DelayedDropActionImpl : HHH000478: Unsuccessful: drop table if exists time_slots cascade
2025-12-10T00:29:14.751+03:00 ERROR 12144 --- [medical-center-userservice] [SpringApplicationShutdownHook] .SchemaDropperImpl$DelayedDropActionImpl : HHH000478: Unsuccessful: drop table if exists visit cascade
2025-12-10T00:29:14.756+03:00  INFO 12144 --- [medical-center-userservice] [SpringApplicationShutdownHook] com.zaxxer.hikari.HikariDataSource       : HikariPool-1 - Shutdown initiated...
2025-12-10T00:29:14.772+03:00  INFO 12144 --- [medical-center-userservice] [SpringApplicationShutdownHook] com.zaxxer.hikari.HikariDataSource       : HikariPool-1 - Shutdown completed.
2025-12-10T00:53:18.183+03:00  INFO 18352 --- [medical-center-userservice] [main] m.u.service.DoctorReviewsServiceTest     : Starting DoctorReviewsServiceTest using Java 22.0.2 with PID 18352 (started by voitu in C:\studying\pt_backend\UserService)
2025-12-10T00:53:18.184+03:00 DEBUG 18352 --- [medical-center-userservice] [main] m.u.service.DoctorReviewsServiceTest     : Running with Spring Boot v3.5.5, Spring v6.2.10
2025-12-10T00:53:18.185+03:00  INFO 18352 --- [medical-center-userservice] [main] m.u.service.DoctorReviewsServiceTest     : The following 1 profile is active: "dev"
2025-12-10T00:53:19.381+03:00  INFO 18352 --- [medical-center-userservice] [main] .s.d.r.c.RepositoryConfigurationDelegate : Bootstrapping Spring Data JPA repositories in DEFAULT mode.
2025-12-10T00:53:19.491+03:00  INFO 18352 --- [medical-center-userservice] [main] .s.d.r.c.RepositoryConfigurationDelegate : Finished Spring Data repository scanning in 99 ms. Found 12 JPA repository interfaces.
2025-12-10T00:53:20.092+03:00  INFO 18352 --- [medical-center-userservice] [main] o.hibernate.jpa.internal.util.LogHelper  : HHH000204: Processing PersistenceUnitInfo [name: default]
2025-12-10T00:53:20.176+03:00  INFO 18352 --- [medical-center-userservice] [main] org.hibernate.Version                    : HHH000412: Hibernate ORM core version 6.6.26.Final
2025-12-10T00:53:20.238+03:00  INFO 18352 --- [medical-center-userservice] [main] o.h.c.internal.RegionFactoryInitiator    : HHH000026: Second-level cache disabled
2025-12-10T00:53:20.636+03:00  INFO 18352 --- [medical-center-userservice] [main] o.s.o.j.p.SpringPersistenceUnitInfo      : No LoadTimeWeaver setup: ignoring JPA class transformer
2025-12-10T00:53:20.672+03:00  INFO 18352 --- [medical-center-userservice] [main] com.zaxxer.hikari.HikariDataSource       : HikariPool-1 - Starting...
2025-12-10T00:53:20.857+03:00  INFO 18352 --- [medical-center-userservice] [main] com.zaxxer.hikari.pool.HikariPool        : HikariPool-1 - Added connection org.postgresql.jdbc.PgConnection@268e30d4
2025-12-10T00:53:20.858+03:00  INFO 18352 --- [medical-center-userservice] [main] com.zaxxer.hikari.HikariDataSource       : HikariPool-1 - Start completed.
2025-12-10T00:53:20.891+03:00  WARN 18352 --- [medical-center-userservice] [main] org.hibernate.orm.deprecation            : HHH90000025: PostgreSQLDialect does not need to be specified explicitly using 'hibernate.dialect' (remove the property setting and it will be selected by default)
2025-12-10T00:53:20.913+03:00  INFO 18352 --- [medical-center-userservice] [main] org.hibernate.orm.connections.pooling    : HHH10001005: Database info:
	Database JDBC URL [Connecting through datasource 'HikariDataSource (HikariPool-1)']
	Database driver: undefined/unknown
	Database version: 16.11
	Autocommit mode: undefined/unknown
	Isolation level: undefined/unknown
	Minimum pool size: undefined/unknown
	Maximum pool size: undefined/unknown
2025-12-10T00:53:21.957+03:00  INFO 18352 --- [medical-center-userservice] [main] o.h.e.t.j.p.i.JtaPlatformInitiator       : HHH000489: No JTA platform available (set 'hibernate.transaction.jta.platform' to enable JTA platform integration)
2025-12-10T00:53:22.075+03:00  INFO 18352 --- [medical-center-userservice] [main] j.LocalContainerEntityManagerFactoryBean : Initialized JPA EntityManagerFactory for persistence unit 'default'
2025-12-10T00:53:22.481+03:00  INFO 18352 --- [medical-center-userservice] [main] o.s.d.j.r.query.QueryEnhancerFactory     : Hibernate is in classpath; If applicable, HQL parser will be used.
2025-12-10T00:53:23.821+03:00  WARN 18352 --- [medical-center-userservice] [main] JpaBaseConfiguration$JpaWebConfiguration : spring.jpa.open-in-view is enabled by default. Therefore, database queries may be performed during view rendering. Explicitly configure spring.jpa.open-in-view to disable this warning
2025-12-10T00:53:24.101+03:00  WARN 18352 --- [medical-center-userservice] [main] .s.s.UserDetailsServiceAutoConfiguration : 

Using generated security password: 84c2f17a-affc-48ac-91b9-7a0c34d2dfec

This generated password is for development use only. Your security configuration must be updated before running your application in production.

2025-12-10T00:53:24.111+03:00  INFO 18352 --- [medical-center-userservice] [main] r$InitializeUserDetailsManagerConfigurer : Global AuthenticationManager configured with UserDetailsService bean with name inMemoryUserDetailsManager
2025-12-10T00:53:24.607+03:00  INFO 18352 --- [medical-center-userservice] [main] o.s.m.s.b.SimpleBrokerMessageHandler     : Starting...
2025-12-10T00:53:24.608+03:00  INFO 18352 --- [medical-center-userservice] [main] o.s.m.s.b.SimpleBrokerMessageHandler     : BrokerAvailabilityEvent[available=true, SimpleBrokerMessageHandler [org.springframework.messaging.simp.broker.DefaultSubscriptionRegistry@1d0aa57d]]
2025-12-10T00:53:24.608+03:00  INFO 18352 --- [medical-center-userservice] [main] o.s.m.s.b.SimpleBrokerMessageHandler     : Started.
2025-12-10T00:53:24.615+03:00  INFO 18352 --- [medical-center-userservice] [main] m.u.service.DoctorReviewsServiceTest     : Started DoctorReviewsServiceTest in 6.875 seconds (process running for 27.623)
2025-12-10T00:53:24.902+03:00 DEBUG 18352 --- [medical-center-userservice] [main] m.u.service.impl.DoctorReviewsService    : saving doctor review: DoctorReviewCreateEditDto[patientId=a33c7285-660e-46cf-a848-825621efb2be, doctorId=f8486c03-59ac-444e-812a-1a9ffa718b9a, visitId=f05026a5-da1a-439e-b7f3-3ea149979f26, rating=5, comment=Отличный врач!, isApproved=true]
2025-12-10T00:53:24.960+03:00 DEBUG 18352 --- [medical-center-userservice] [main] m.u.service.impl.DoctorService           : recalculating rating for doctor with id: f8486c03-59ac-444e-812a-1a9ffa718b9a
2025-12-10T00:53:24.984+03:00 DEBUG 18352 --- [medical-center-userservice] [main] m.u.service.impl.DoctorService           : updated rating for doctor f8486c03-59ac-444e-812a-1a9ffa718b9a to 5.00
2025-12-10T00:53:24.984+03:00 DEBUG 18352 --- [medical-center-userservice] [main] m.u.service.impl.DoctorReviewsService    : saving doctor review: DoctorReviewCreateEditDto[patientId=a33c7285-660e-46cf-a848-825621efb2be, doctorId=f8486c03-59ac-444e-812a-1a9ffa718b9a, visitId=71390e02-b234-46f9-8d6c-8bdb592b2ae8, rating=4, comment=Хороший врач!, isApproved=true]
2025-12-10T00:53:24.996+03:00 DEBUG 18352 --- [medical-center-userservice] [main] m.u.service.impl.DoctorService           : recalculating rating for doctor with id: f8486c03-59ac-444e-812a-1a9ffa718b9a
2025-12-10T00:53:25.002+03:00 DEBUG 18352 --- [medical-center-userservice] [main] m.u.service.impl.DoctorService           : updated rating for doctor f8486c03-59ac-444e-812a-1a9ffa718b9a to 4.50
2025-12-10T00:53:25.089+03:00 DEBUG 18352 --- [medical-center-userservice] [main] m.u.service.impl.DoctorReviewsService    : saving doctor review: DoctorReviewCreateEditDto[patientId=f823b9e8-a815-4809-86bb-80022dd92140, doctorId=12dd2831-aa31-49c9-a035-2e4ae3d97925, visitId=14b8bad8-6078-46c5-b9f0-e86ddaec6fb0, rating=5, comment=Отличный врач!, isApproved=false]
2025-12-10T00:53:25.121+03:00 DEBUG 18352 --- [medical-center-userservice] [main] m.u.service.impl.DoctorReviewsService    : saving doctor review: DoctorReviewCreateEditDto[patientId=53c6d8e0-c71d-4df7-a3d4-b0c953f5757a, doctorId=d0738727-db5d-4436-aa9f-36ffd9591391, visitId=9c60ff96-1451-4c7f-a499-4e3134a6b4de, rating=5, comment=Отличный врач!, isApproved=true]
2025-12-10T00:53:25.130+03:00 DEBUG 18352 --- [medical-center-userservice] [main] m.u.service.impl.DoctorService           : recalculating rating for doctor with id: d0738727-db5d-4436-aa9f-36ffd9591391
2025-12-10T00:53:25.137+03:00 DEBUG 18352 --- [medical-center-userservice] [main] m.u.service.impl.DoctorService           : updated rating for doctor d0738727-db5d-4436-aa9f-36ffd9591391 to 5.00
2025-12-10T00:53:25.138+03:00 DEBUG 18352 --- [medical-center-userservice] [main] m.u.service.impl.DoctorReviewsService    : saving doctor review: DoctorReviewCreateEditDto[patientId=53c6d8e0-c71d-4df7-a3d4-b0c953f5757a, doctorId=d0738727-db5d-4436-aa9f-36ffd9591391, visitId=3b011ad7-5ebc-423c-87a5-fcc79519608c, rating=4, comment=Хороший врач!, isApproved=true]
2025-12-10T00:53:25.146+03:00 DEBUG 18352 --- [medical-center-userservice] [main] m.u.service.impl.DoctorService           : recalculating rating for doctor with id: d0738727-db5d-4436-aa9f-36ffd9591391
2025-12-10T00:53:25.152+03:00 DEBUG 18352 --- [medical-center-userservice] [main] m.u.service.impl.DoctorService           : updated rating for doctor d0738727-db5d-4436-aa9f-36ffd9591391 to 4.50
2025-12-10T00:53:25.157+03:00 DEBUG 18352 --- [medical-center-userservice] [main] m.u.service.impl.DoctorReviewsService    : deleting doctor review with id: 6e605d80-c6f7-4223-a84a-b8ea48525eeb
2025-12-10T00:53:25.160+03:00 DEBUG 18352 --- [medical-center-userservice] [main] m.u.service.impl.DoctorService           : recalculating rating for doctor with id: d0738727-db5d-4436-aa9f-36ffd9591391
2025-12-10T00:53:25.169+03:00 DEBUG 18352 --- [medical-center-userservice] [main] m.u.service.impl.DoctorService           : updated rating for doctor d0738727-db5d-4436-aa9f-36ffd9591391 to 4.00
2025-12-10T00:53:25.193+03:00 DEBUG 18352 --- [medical-center-userservice] [main] m.u.service.impl.DoctorReviewsService    : saving doctor review: DoctorReviewCreateEditDto[patientId=0162a7e4-c46e-452a-ba82-4d7f93b004a8, doctorId=502aec10-6e07-433e-94e1-ad7a1ac22687, visitId=d47638f0-570f-47a5-b888-a5a29a34b854, rating=5, comment=Отличный врач!, isApproved=true]
2025-12-10T00:53:25.203+03:00 DEBUG 18352 --- [medical-center-userservice] [main] m.u.service.impl.DoctorService           : recalculating rating for doctor with id: 502aec10-6e07-433e-94e1-ad7a1ac22687
2025-12-10T00:53:25.211+03:00 DEBUG 18352 --- [medical-center-userservice] [main] m.u.service.impl.DoctorService           : updated rating for doctor 502aec10-6e07-433e-94e1-ad7a1ac22687 to 5.00
2025-12-10T00:53:25.235+03:00 DEBUG 18352 --- [medical-center-userservice] [main] m.u.service.impl.DoctorReviewsService    : saving doctor review: DoctorReviewCreateEditDto[patientId=856a4fc0-55d6-4a88-b8fb-cfedbb88398f, doctorId=84af3899-c071-4c82-8282-1e754615f28a, visitId=1ae5c342-1b55-4f2c-9af3-ab6ab4490298, rating=5, comment=Отличный врач!, isApproved=false]
2025-12-10T00:53:25.246+03:00 DEBUG 18352 --- [medical-center-userservice] [main] m.u.service.impl.DoctorReviewsService    : saving doctor review: DoctorReviewCreateEditDto[patientId=856a4fc0-55d6-4a88-b8fb-cfedbb88398f, doctorId=84af3899-c071-4c82-8282-1e754615f28a, visitId=1ae5c342-1b55-4f2c-9af3-ab6ab4490298, rating=4, comment=Хороший врач!, isApproved=false]
2025-12-10T00:53:25.270+03:00 DEBUG 18352 --- [medical-center-userservice] [main] m.u.service.impl.DoctorReviewsService    : saving doctor review: DoctorReviewCreateEditDto[patientId=3382c564-bf7c-4696-8def-15b7a057846b, doctorId=c4b7d855-1fcf-4719-aaac-1e44fd54adb9, visitId=4e936af5-9472-469a-98e2-22bea49b56c3, rating=5, comment=Отличный врач!, isApproved=false]
2025-12-10T00:53:25.291+03:00 DEBUG 18352 --- [medical-center-userservice] [main] m.u.service.impl.DoctorReviewsService    : saving doctor review: DoctorReviewCreateEditDto[patientId=a6345975-bf70-4fe3-9398-36898ca9b2df, doctorId=348e9d5f-5c7b-43b0-b1b0-e890dc762a42, visitId=21182bed-352a-4f6d-ad0c-6f2cf3287daa, rating=5, comment=Отличный врач!, isApproved=true]
2025-12-10T00:53:25.300+03:00 DEBUG 18352 --- [medical-center-userservice] [main] m.u.service.impl.DoctorService           : recalculating rating for doctor with id: 348e9d5f-5c7b-43b0-b1b0-e890dc762a42
2025-12-10T00:53:25.306+03:00 DEBUG 18352 --- [medical-center-userservice] [main] m.u.service.impl.DoctorService           : updated rating for doctor 348e9d5f-5c7b-43b0-b1b0-e890dc762a42 to 5.00
2025-12-10T00:53:25.306+03:00 DEBUG 18352 --- [medical-center-userservice] [main] m.u.service.impl.DoctorReviewsService    : saving doctor review: DoctorReviewCreateEditDto[patientId=a6345975-bf70-4fe3-9398-36898ca9b2df, doctorId=348e9d5f-5c7b-43b0-b1b0-e890dc762a42, visitId=80795d19-b82d-4064-b69f-c49ff1fe2290, rating=1, comment=Плохой врач!, isApproved=false]
2025-12-10T00:53:25.318+03:00 DEBUG 18352 --- [medical-center-userservice] [main] m.u.service.impl.DoctorReviewsService    : deleting doctor review with id: 42546a84-ee78-4b16-8a6f-e27ec7640af1
2025-12-10T00:53:25.336+03:00 DEBUG 18352 --- [medical-center-userservice] [main] m.u.service.impl.DoctorReviewsService    : saving doctor review: DoctorReviewCreateEditDto[patientId=6fb707d8-cb42-4091-968e-815ddc0e3669, doctorId=bd75e306-f2e7-4b96-a690-fad3b9572648, visitId=082d1179-5eef-4a7e-9d73-59f8c55b91f8, rating=5, comment=Отличный врач!, isApproved=false]
2025-12-10T00:53:25.353+03:00 DEBUG 18352 --- [medical-center-userservice] [main] m.u.service.impl.DoctorReviewsService    : saving doctor review: DoctorReviewCreateEditDto[patientId=2810315c-ad85-423d-a245-44db8c581a59, doctorId=276df9c3-4431-4c69-81c1-8e98df620e2e, visitId=21ee0879-cdea-4043-8fcb-362706f19549, rating=5, comment=Отличный врач!, isApproved=false]
2025-12-10T00:53:25.372+03:00 DEBUG 18352 --- [medical-center-userservice] [main] m.u.service.impl.DoctorReviewsService    : saving doctor review: DoctorReviewCreateEditDto[patientId=68f4eac2-c518-4c5e-b9d1-56a73fff6f8f, doctorId=f3166b71-4d6e-4827-bbc3-3bb84ce85206, visitId=5fcd7840-4c5d-45cc-8ffb-01ea01276a44, rating=5, comment=Отличный врач!, isApproved=false]
2025-12-10T00:53:25.390+03:00 DEBUG 18352 --- [medical-center-userservice] [main] m.u.service.impl.DoctorReviewsService    : saving doctor review: DoctorReviewCreateEditDto[patientId=c15e11dc-658a-4aa1-8641-eef40e4a8050, doctorId=04078fdf-b381-4cc6-9ab0-3a91ce49c522, visitId=2b07736f-42c6-4850-8359-eb40b5d1077d, rating=5, comment=Отличный врач!, isApproved=false]
2025-12-10T00:53:25.399+03:00 DEBUG 18352 --- [medical-center-userservice] [main] m.u.service.impl.DoctorReviewsService    : saving doctor review: DoctorReviewCreateEditDto[patientId=c15e11dc-658a-4aa1-8641-eef40e4a8050, doctorId=04078fdf-b381-4cc6-9ab0-3a91ce49c522, visitId=a4b70621-3c61-45b1-a77b-6874510fe6c8, rating=4, comment=Хороший врач!, isApproved=true]
2025-12-10T00:53:25.402+03:00 DEBUG 18352 --- [medical-center-userservice] [main] m.u.service.impl.DoctorService           : recalculating rating for doctor with id: 04078fdf-b381-4cc6-9ab0-3a91ce49c522
2025-12-10T00:53:25.408+03:00 DEBUG 18352 --- [medical-center-userservice] [main] m.u.service.impl.DoctorService           : updated rating for doctor 04078fdf-b381-4cc6-9ab0-3a91ce49c522 to 4.00
2025-12-10T00:53:25.412+03:00 DEBUG 18352 --- [medical-center-userservice] [main] m.u.service.impl.DoctorReviewsService    : approving review with id: 3b5d0c30-0d3b-469f-a0c1-0977926956f1
2025-12-10T00:53:25.414+03:00 DEBUG 18352 --- [medical-center-userservice] [main] m.u.service.impl.DoctorService           : recalculating rating for doctor with id: 04078fdf-b381-4cc6-9ab0-3a91ce49c522
2025-12-10T00:53:25.424+03:00 DEBUG 18352 --- [medical-center-userservice] [main] m.u.service.impl.DoctorService           : updated rating for doctor 04078fdf-b381-4cc6-9ab0-3a91ce49c522 to 4.50
2025-12-10T00:53:25.448+03:00 DEBUG 18352 --- [medical-center-userservice] [main] m.u.service.impl.DoctorReviewsService    : saving doctor review: DoctorReviewCreateEditDto[patientId=c52065e5-5050-4450-89ca-c6586a9083e8, doctorId=69a0cced-b959-46a5-8a69-f9a2de68cea4, visitId=5a398fe3-967e-4785-9a3b-f7be0b7ff570, rating=5, comment=Отличный врач!, isApproved=false]
2025-12-10T00:53:25.892+03:00  INFO 18352 --- [medical-center-userservice] [main] t.c.s.AnnotationConfigContextLoaderUtils : Could not detect default configuration classes for test class [medicalcenter.userservice.service.DoctorServiceTest]: DoctorServiceTest does not declare any static, non-private, non-final, nested classes annotated with @Configuration.
2025-12-10T00:53:25.896+03:00  INFO 18352 --- [medical-center-userservice] [main] .b.t.c.SpringBootTestContextBootstrapper : Found @SpringBootConfiguration medicalcenter.userservice.UserServiceApplication for test class medicalcenter.userservice.service.DoctorServiceTest
2025-12-10T00:53:25.900+03:00  INFO 18352 --- [medical-center-userservice] [main] tc.postgres:16-alpine                    : Creating container for image: postgres:16-alpine
2025-12-10T00:53:25.995+03:00  INFO 18352 --- [medical-center-userservice] [main] tc.postgres:16-alpine                    : Container postgres:16-alpine is starting: ca23145333d0861ff497c952d2866091e7bcb4f70aea1887cc7e7edcd99350cf
2025-12-10T00:53:28.309+03:00  INFO 18352 --- [medical-center-userservice] [main] tc.postgres:16-alpine                    : Container postgres:16-alpine started in PT2.4089773S
2025-12-10T00:53:28.310+03:00  INFO 18352 --- [medical-center-userservice] [main] tc.postgres:16-alpine                    : Container is started (JDBC URL: jdbc:postgresql://localhost:65381/testdb?loggerLevel=OFF)
2025-12-10T00:53:28.338+03:00  INFO 18352 --- [medical-center-userservice] [main] m.userservice.service.DoctorServiceTest  : Starting DoctorServiceTest using Java 22.0.2 with PID 18352 (started by voitu in C:\studying\pt_backend\UserService)
2025-12-10T00:53:28.338+03:00 DEBUG 18352 --- [medical-center-userservice] [main] m.userservice.service.DoctorServiceTest  : Running with Spring Boot v3.5.5, Spring v6.2.10
2025-12-10T00:53:28.339+03:00  INFO 18352 --- [medical-center-userservice] [main] m.userservice.service.DoctorServiceTest  : The following 1 profile is active: "dev"
2025-12-10T00:53:28.655+03:00  INFO 18352 --- [medical-center-userservice] [main] .s.d.r.c.RepositoryConfigurationDelegate : Bootstrapping Spring Data JPA repositories in DEFAULT mode.
2025-12-10T00:53:28.685+03:00  INFO 18352 --- [medical-center-userservice] [main] .s.d.r.c.RepositoryConfigurationDelegate : Finished Spring Data repository scanning in 29 ms. Found 12 JPA repository interfaces.
2025-12-10T00:53:28.759+03:00  INFO 18352 --- [medical-center-userservice] [main] o.hibernate.jpa.internal.util.LogHelper  : HHH000204: Processing PersistenceUnitInfo [name: default]
2025-12-10T00:53:28.761+03:00  INFO 18352 --- [medical-center-userservice] [main] o.h.c.internal.RegionFactoryInitiator    : HHH000026: Second-level cache disabled
2025-12-10T00:53:28.768+03:00  INFO 18352 --- [medical-center-userservice] [main] o.s.o.j.p.SpringPersistenceUnitInfo      : No LoadTimeWeaver setup: ignoring JPA class transformer
2025-12-10T00:53:28.770+03:00  INFO 18352 --- [medical-center-userservice] [main] com.zaxxer.hikari.HikariDataSource       : HikariPool-2 - Starting...
2025-12-10T00:53:28.798+03:00  INFO 18352 --- [medical-center-userservice] [main] com.zaxxer.hikari.pool.HikariPool        : HikariPool-2 - Added connection org.postgresql.jdbc.PgConnection@3dc70c5a
2025-12-10T00:53:28.798+03:00  INFO 18352 --- [medical-center-userservice] [main] com.zaxxer.hikari.HikariDataSource       : HikariPool-2 - Start completed.
2025-12-10T00:53:28.804+03:00  WARN 18352 --- [medical-center-userservice] [main] org.hibernate.orm.deprecation            : HHH90000025: PostgreSQLDialect does not need to be specified explicitly using 'hibernate.dialect' (remove the property setting and it will be selected by default)
2025-12-10T00:53:28.808+03:00  INFO 18352 --- [medical-center-userservice] [main] org.hibernate.orm.connections.pooling    : HHH10001005: Database info:
	Database JDBC URL [Connecting through datasource 'HikariDataSource (HikariPool-2)']
	Database driver: undefined/unknown
	Database version: 16.11
	Autocommit mode: undefined/unknown
	Isolation level: undefined/unknown
	Minimum pool size: undefined/unknown
	Maximum pool size: undefined/unknown
2025-12-10T00:53:28.925+03:00  INFO 18352 --- [medical-center-userservice] [main] o.h.e.t.j.p.i.JtaPlatformInitiator       : HHH000489: No JTA platform available (set 'hibernate.transaction.jta.platform' to enable JTA platform integration)
2025-12-10T00:53:29.052+03:00  INFO 18352 --- [medical-center-userservice] [main] j.LocalContainerEntityManagerFactoryBean : Initialized JPA EntityManagerFactory for persistence unit 'default'
2025-12-10T00:53:29.349+03:00  WARN 18352 --- [medical-center-userservice] [main] JpaBaseConfiguration$JpaWebConfiguration : spring.jpa.open-in-view is enabled by default. Therefore, database queries may be performed during view rendering. Explicitly configure spring.jpa.open-in-view to disable this warning
2025-12-10T00:53:29.417+03:00  WARN 18352 --- [medical-center-userservice] [main] .s.s.UserDetailsServiceAutoConfiguration : 

Using generated security password: 36277536-c5a3-4596-b411-77aa937c539a

This generated password is for development use only. Your security configuration must be updated before running your application in production.

2025-12-10T00:53:29.418+03:00  INFO 18352 --- [medical-center-userservice] [main] r$InitializeUserDetailsManagerConfigurer : Global AuthenticationManager configured with UserDetailsService bean with name inMemoryUserDetailsManager
2025-12-10T00:53:29.512+03:00  INFO 18352 --- [medical-center-userservice] [main] o.s.m.s.b.SimpleBrokerMessageHandler     : Starting...
2025-12-10T00:53:29.512+03:00  INFO 18352 --- [medical-center-userservice] [main] o.s.m.s.b.SimpleBrokerMessageHandler     : BrokerAvailabilityEvent[available=true, SimpleBrokerMessageHandler [org.springframework.messaging.simp.broker.DefaultSubscriptionRegistry@38979c5f]]
2025-12-10T00:53:29.512+03:00  INFO 18352 --- [medical-center-userservice] [main] o.s.m.s.b.SimpleBrokerMessageHandler     : Started.
2025-12-10T00:53:29.514+03:00  INFO 18352 --- [medical-center-userservice] [main] m.userservice.service.DoctorServiceTest  : Started DoctorServiceTest in 1.202 seconds (process running for 32.521)
2025-12-10T00:53:29.538+03:00 DEBUG 18352 --- [medical-center-userservice] [main] m.u.service.impl.DoctorService           : recalculating rating for doctor with id: 59270e18-915d-4b37-8140-adbc1104a0e5
2025-12-10T00:53:29.570+03:00 DEBUG 18352 --- [medical-center-userservice] [main] m.u.service.impl.DoctorService           : updated rating for doctor 59270e18-915d-4b37-8140-adbc1104a0e5 to 4.00
2025-12-10T00:53:29.601+03:00 DEBUG 18352 --- [medical-center-userservice] [main] m.u.service.impl.DoctorService           : recalculating rating for doctor with id: d28689f0-7987-4ffd-a019-449c5fca66b8
2025-12-10T00:53:29.619+03:00 DEBUG 18352 --- [medical-center-userservice] [main] m.u.service.impl.DoctorService           : updated rating for doctor d28689f0-7987-4ffd-a019-449c5fca66b8 to 5.00
2025-12-10T00:53:29.642+03:00 DEBUG 18352 --- [medical-center-userservice] [main] m.u.service.impl.DoctorService           : recalculating rating for doctor with id: 401606ad-426b-497e-9c4d-5de09b62737c
2025-12-10T00:53:29.663+03:00 DEBUG 18352 --- [medical-center-userservice] [main] m.u.service.impl.DoctorService           : recalculating rating for doctor with id: 546e05a3-1698-424e-9c40-ff787d034e91
2025-12-10T00:53:29.682+03:00 DEBUG 18352 --- [medical-center-userservice] [main] m.u.service.impl.DoctorService           : updated rating for doctor 546e05a3-1698-424e-9c40-ff787d034e91 to 4.67
2025-12-10T00:53:29.700+03:00 DEBUG 18352 --- [medical-center-userservice] [main] m.u.service.impl.DoctorService           : recalculating rating for doctor with id: 81616352-c055-4c2c-997e-cbe39858e5d0
2025-12-10T00:53:29.715+03:00 DEBUG 18352 --- [medical-center-userservice] [main] m.u.service.impl.DoctorService           : updated rating for doctor 81616352-c055-4c2c-997e-cbe39858e5d0 to 0
2025-12-10T00:53:29.731+03:00 DEBUG 18352 --- [medical-center-userservice] [main] m.u.service.impl.DoctorService           : getting rating for doctor with id: 7895d5ae-8a3b-4446-a365-28ef66233a65
2025-12-10T00:53:29.746+03:00 DEBUG 18352 --- [medical-center-userservice] [main] m.u.service.impl.DoctorService           : getting rating for doctor with id: 5588bd97-e9e1-4b3c-8d55-037c8bd491a4
2025-12-10T00:53:29.762+03:00 DEBUG 18352 --- [medical-center-userservice] [main] m.u.service.impl.DoctorService           : getting rating for doctor with id: 26c59bd2-db58-4bd0-ab63-fa52edd58d0f
2025-12-10T00:53:29.777+03:00 DEBUG 18352 --- [medical-center-userservice] [main] m.u.service.impl.DoctorService           : recalculating rating for doctor with id: b17e2cb6-4473-49d1-a799-16e25b425627
2025-12-10T00:53:29.794+03:00 DEBUG 18352 --- [medical-center-userservice] [main] m.u.service.impl.DoctorService           : updated rating for doctor b17e2cb6-4473-49d1-a799-16e25b425627 to 4.50
2025-12-10T00:53:30.312+03:00  INFO 18352 --- [medical-center-userservice] [main] t.c.s.AnnotationConfigContextLoaderUtils : Could not detect default configuration classes for test class [medicalcenter.userservice.service.VisitServiceTest]: VisitServiceTest does not declare any static, non-private, non-final, nested classes annotated with @Configuration.
2025-12-10T00:53:30.316+03:00  INFO 18352 --- [medical-center-userservice] [main] .b.t.c.SpringBootTestContextBootstrapper : Found @SpringBootConfiguration medicalcenter.userservice.UserServiceApplication for test class medicalcenter.userservice.service.VisitServiceTest
2025-12-10T00:53:30.319+03:00  INFO 18352 --- [medical-center-userservice] [main] tc.postgres:16-alpine                    : Creating container for image: postgres:16-alpine
2025-12-10T00:53:30.409+03:00  INFO 18352 --- [medical-center-userservice] [main] tc.postgres:16-alpine                    : Container postgres:16-alpine is starting: a734dfe2455a04e1c68213d4bd9c1e6405504c1b85afc80c75bd17f5e692ec6e
2025-12-10T00:53:32.791+03:00  INFO 18352 --- [medical-center-userservice] [main] tc.postgres:16-alpine                    : Container postgres:16-alpine started in PT2.472073S
2025-12-10T00:53:32.791+03:00  INFO 18352 --- [medical-center-userservice] [main] tc.postgres:16-alpine                    : Container is started (JDBC URL: jdbc:postgresql://localhost:65395/testdb?loggerLevel=OFF)
2025-12-10T00:53:32.819+03:00  INFO 18352 --- [medical-center-userservice] [main] m.userservice.service.VisitServiceTest   : Starting VisitServiceTest using Java 22.0.2 with PID 18352 (started by voitu in C:\studying\pt_backend\UserService)
2025-12-10T00:53:32.819+03:00 DEBUG 18352 --- [medical-center-userservice] [main] m.userservice.service.VisitServiceTest   : Running with Spring Boot v3.5.5, Spring v6.2.10
2025-12-10T00:53:32.819+03:00  INFO 18352 --- [medical-center-userservice] [main] m.userservice.service.VisitServiceTest   : The following 1 profile is active: "dev"
2025-12-10T00:53:33.075+03:00  INFO 18352 --- [medical-center-userservice] [main] .s.d.r.c.RepositoryConfigurationDelegate : Bootstrapping Spring Data JPA repositories in DEFAULT mode.
2025-12-10T00:53:33.105+03:00  INFO 18352 --- [medical-center-userservice] [main] .s.d.r.c.RepositoryConfigurationDelegate : Finished Spring Data repository scanning in 28 ms. Found 12 JPA repository interfaces.
2025-12-10T00:53:33.199+03:00  INFO 18352 --- [medical-center-userservice] [main] o.hibernate.jpa.internal.util.LogHelper  : HHH000204: Processing PersistenceUnitInfo [name: default]
2025-12-10T00:53:33.202+03:00  INFO 18352 --- [medical-center-userservice] [main] o.h.c.internal.RegionFactoryInitiator    : HHH000026: Second-level cache disabled
2025-12-10T00:53:33.213+03:00  INFO 18352 --- [medical-center-userservice] [main] o.s.o.j.p.SpringPersistenceUnitInfo      : No LoadTimeWeaver setup: ignoring JPA class transformer
2025-12-10T00:53:33.214+03:00  INFO 18352 --- [medical-center-userservice] [main] com.zaxxer.hikari.HikariDataSource       : HikariPool-3 - Starting...
2025-12-10T00:53:33.247+03:00  INFO 18352 --- [medical-center-userservice] [main] com.zaxxer.hikari.pool.HikariPool        : HikariPool-3 - Added connection org.postgresql.jdbc.PgConnection@34144ac
2025-12-10T00:53:33.247+03:00  INFO 18352 --- [medical-center-userservice] [main] com.zaxxer.hikari.HikariDataSource       : HikariPool-3 - Start completed.
2025-12-10T00:53:33.252+03:00  WARN 18352 --- [medical-center-userservice] [main] org.hibernate.orm.deprecation            : HHH90000025: PostgreSQLDialect does not need to be specified explicitly using 'hibernate.dialect' (remove the property setting and it will be selected by default)
2025-12-10T00:53:33.255+03:00  INFO 18352 --- [medical-center-userservice] [main] org.hibernate.orm.connections.pooling    : HHH10001005: Database info:
	Database JDBC URL [Connecting through datasource 'HikariDataSource (HikariPool-3)']
	Database driver: undefined/unknown
	Database version: 16.11
	Autocommit mode: undefined/unknown
	Isolation level: undefined/unknown
	Minimum pool size: undefined/unknown
	Maximum pool size: undefined/unknown
2025-12-10T00:53:33.361+03:00  INFO 18352 --- [medical-center-userservice] [main] o.h.e.t.j.p.i.JtaPlatformInitiator       : HHH000489: No JTA platform available (set 'hibernate.transaction.jta.platform' to enable JTA platform integration)
2025-12-10T00:53:33.482+03:00  INFO 18352 --- [medical-center-userservice] [main] j.LocalContainerEntityManagerFactoryBean : Initialized JPA EntityManagerFactory for persistence unit 'default'
2025-12-10T00:53:33.769+03:00  WARN 18352 --- [medical-center-userservice] [main] JpaBaseConfiguration$JpaWebConfiguration : spring.jpa.open-in-view is enabled by default. Therefore, database queries may be performed during view rendering. Explicitly configure spring.jpa.open-in-view to disable this warning
2025-12-10T00:53:33.839+03:00  WARN 18352 --- [medical-center-userservice] [main] .s.s.UserDetailsServiceAutoConfiguration : 

Using generated security password: 2dc80213-f879-40d2-a750-c312151a64a3

This generated password is for development use only. Your security configuration must be updated before running your application in production.

2025-12-10T00:53:33.840+03:00  INFO 18352 --- [medical-center-userservice] [main] r$InitializeUserDetailsManagerConfigurer : Global AuthenticationManager configured with UserDetailsService bean with name inMemoryUserDetailsManager
2025-12-10T00:53:33.942+03:00  INFO 18352 --- [medical-center-userservice] [main] o.s.m.s.b.SimpleBrokerMessageHandler     : Starting...
2025-12-10T00:53:33.942+03:00  INFO 18352 --- [medical-center-userservice] [main] o.s.m.s.b.SimpleBrokerMessageHandler     : BrokerAvailabilityEvent[available=true, SimpleBrokerMessageHandler [org.springframework.messaging.simp.broker.DefaultSubscriptionRegistry@42a6b1ef]]
2025-12-10T00:53:33.942+03:00  INFO 18352 --- [medical-center-userservice] [main] o.s.m.s.b.SimpleBrokerMessageHandler     : Started.
2025-12-10T00:53:33.945+03:00  INFO 18352 --- [medical-center-userservice] [main] m.userservice.service.VisitServiceTest   : Started VisitServiceTest in 1.15 seconds (process running for 36.952)
2025-12-10T00:53:33.961+03:00 DEBUG 18352 --- [medical-center-userservice] [main] m.userservice.service.impl.VisitService  : cancelling visit with id: eee25474-2f46-401c-bb2c-9ada1b216d8c
2025-12-10T00:53:33.979+03:00  INFO 18352 --- [medical-center-userservice] [main] m.userservice.service.impl.VisitService  : Visit eee25474-2f46-401c-bb2c-9ada1b216d8c cancelled successfully and slot released
2025-12-10T00:53:34.000+03:00 DEBUG 18352 --- [medical-center-userservice] [main] m.userservice.service.impl.VisitService  : rescheduling visit 36d909d9-210a-401f-a467-a28f5b94e050 to new date: 2025-12-12T14:00:34.000345200
2025-12-10T00:53:34.013+03:00 DEBUG 18352 --- [medical-center-userservice] [main] m.u.service.impl.TimeSlotsService        : releasing slot 1d4cbc86-2629-450e-8d73-1b4dfd5e74f1
2025-12-10T00:53:34.014+03:00 DEBUG 18352 --- [medical-center-userservice] [main] m.userservice.service.impl.VisitService  : Old slot 1d4cbc86-2629-450e-8d73-1b4dfd5e74f1 released for visit 36d909d9-210a-401f-a467-a28f5b94e050
2025-12-10T00:53:34.040+03:00 DEBUG 18352 --- [medical-center-userservice] [main] m.userservice.service.impl.VisitService  : rescheduling visit 77751f30-4f55-4f3f-b564-d883f92ae1f0 to new date: 2025-12-14T16:00:34.039737100
2025-12-10T00:53:34.053+03:00 DEBUG 18352 --- [medical-center-userservice] [main] m.u.service.impl.TimeSlotsService        : booking slot 5f897c19-ae28-4de5-986b-f64292f1f3ed for visit Visit(id=77751f30-4f55-4f3f-b564-d883f92ae1f0, dateOfVisit=2025-12-14T16:00:34.039737100, status=scheduled, symptoms=null, diagnosis=null, prescription=null)
2025-12-10T00:53:34.054+03:00  INFO 18352 --- [medical-center-userservice] [main] m.userservice.service.impl.VisitService  : Visit 77751f30-4f55-4f3f-b564-d883f92ae1f0 rescheduled to 2025-12-14T16:00:34.039737100 and new slot 5f897c19-ae28-4de5-986b-f64292f1f3ed booked
2025-12-10T00:53:34.074+03:00 DEBUG 18352 --- [medical-center-userservice] [main] m.userservice.service.impl.VisitService  : rescheduling visit f9f0176e-2f55-4003-b78d-c993d067a379 to new date: 2025-12-12T14:00:34.073586900
2025-12-10T00:53:34.083+03:00 DEBUG 18352 --- [medical-center-userservice] [main] m.u.service.impl.TimeSlotsService        : releasing slot 0a6132aa-1b64-4edb-a619-7aa6ebcbb405
2025-12-10T00:53:34.083+03:00 DEBUG 18352 --- [medical-center-userservice] [main] m.userservice.service.impl.VisitService  : Old slot 0a6132aa-1b64-4edb-a619-7aa6ebcbb405 released for visit f9f0176e-2f55-4003-b78d-c993d067a379
2025-12-10T00:53:34.086+03:00 DEBUG 18352 --- [medical-center-userservice] [main] m.u.service.impl.TimeSlotsService        : booking slot 97f18f1c-ff58-46e9-9f3e-f9565caeec72 for visit Visit(id=f9f0176e-2f55-4003-b78d-c993d067a379, dateOfVisit=2025-12-12T14:00:34.073586900, status=scheduled, symptoms=Головная боль, diagnosis=null, prescription=null)
2025-12-10T00:53:34.087+03:00  INFO 18352 --- [medical-center-userservice] [main] m.userservice.service.impl.VisitService  : Visit f9f0176e-2f55-4003-b78d-c993d067a379 rescheduled to 2025-12-12T14:00:34.073586900 and new slot 97f18f1c-ff58-46e9-9f3e-f9565caeec72 booked
2025-12-10T00:53:34.100+03:00 DEBUG 18352 --- [medical-center-userservice] [main] m.userservice.service.impl.VisitService  : cancelling visit with id: a583cbf2-cbf9-4749-913b-fab329748218
2025-12-10T00:53:34.106+03:00 DEBUG 18352 --- [medical-center-userservice] [main] m.u.service.impl.TimeSlotsService        : releasing slot c824d0cf-f0d6-4375-b1f1-9821f55341a2
2025-12-10T00:53:34.106+03:00 DEBUG 18352 --- [medical-center-userservice] [main] m.userservice.service.impl.VisitService  : Slot c824d0cf-f0d6-4375-b1f1-9821f55341a2 released for cancelled visit a583cbf2-cbf9-4749-913b-fab329748218
2025-12-10T00:53:34.107+03:00  INFO 18352 --- [medical-center-userservice] [main] m.userservice.service.impl.VisitService  : Visit a583cbf2-cbf9-4749-913b-fab329748218 cancelled successfully and slot released
2025-12-10T00:53:34.118+03:00 DEBUG 18352 --- [medical-center-userservice] [main] m.userservice.service.impl.VisitService  : rescheduling visit b27654a1-3570-405e-8dc0-8d3abf0bbff6 to new date: 2025-12-12T14:00:34.118313600
2025-12-10T00:53:34.130+03:00 DEBUG 18352 --- [medical-center-userservice] [main] m.userservice.service.impl.VisitService  : rescheduling visit d1f41523-060b-4519-82d9-1561adccd116 to new date: 2025-12-12T14:00:34.130223800
2025-12-10T00:53:34.142+03:00 DEBUG 18352 --- [medical-center-userservice] [main] m.userservice.service.impl.VisitService  : rescheduling visit e8ad009c-d072-4b5f-8521-f43ff90205ee to new date: 2025-12-12T15:00:34.142899900
2025-12-10T00:53:34.149+03:00 DEBUG 18352 --- [medical-center-userservice] [main] m.u.service.impl.TimeSlotsService        : releasing slot 6411dd4e-5bf7-49ce-baa1-e2a9339637b6
2025-12-10T00:53:34.150+03:00 DEBUG 18352 --- [medical-center-userservice] [main] m.userservice.service.impl.VisitService  : Old slot 6411dd4e-5bf7-49ce-baa1-e2a9339637b6 released for visit e8ad009c-d072-4b5f-8521-f43ff90205ee
2025-12-10T00:53:34.166+03:00 DEBUG 18352 --- [medical-center-userservice] [main] m.userservice.service.impl.VisitService  : cancelling visit with id: d31b3df6-b1a6-46bc-a2ca-45e70a64b51d
2025-12-10T00:53:34.599+03:00  INFO 18352 --- [medical-center-userservice] [main] t.c.s.AnnotationConfigContextLoaderUtils : Could not detect default configuration classes for test class [medicalcenter.userservice.controller.DoctorControllerIntegrationTest]: DoctorControllerIntegrationTest does not declare any static, non-private, non-final, nested classes annotated with @Configuration.
2025-12-10T00:53:34.627+03:00  INFO 18352 --- [medical-center-userservice] [main] .b.t.c.SpringBootTestContextBootstrapper : Found @SpringBootConfiguration medicalcenter.userservice.UserServiceApplication for test class medicalcenter.userservice.controller.DoctorControllerIntegrationTest
2025-12-10T00:53:34.630+03:00  INFO 18352 --- [medical-center-userservice] [main] tc.postgres:16-alpine                    : Creating container for image: postgres:16-alpine
2025-12-10T00:53:34.717+03:00  INFO 18352 --- [medical-center-userservice] [main] tc.postgres:16-alpine                    : Container postgres:16-alpine is starting: acf08b1640baa49951aedcb5b426ef81caee07458814d382347f3404818fefc1
2025-12-10T00:53:37.114+03:00  INFO 18352 --- [medical-center-userservice] [main] tc.postgres:16-alpine                    : Container postgres:16-alpine started in PT2.4832521S
2025-12-10T00:53:37.114+03:00  INFO 18352 --- [medical-center-userservice] [main] tc.postgres:16-alpine                    : Container is started (JDBC URL: jdbc:postgresql://localhost:65408/testdb?loggerLevel=OFF)
2025-12-10T00:53:37.143+03:00  INFO 18352 --- [medical-center-userservice] [main] m.u.c.DoctorControllerIntegrationTest    : Starting DoctorControllerIntegrationTest using Java 22.0.2 with PID 18352 (started by voitu in C:\studying\pt_backend\UserService)
2025-12-10T00:53:37.143+03:00 DEBUG 18352 --- [medical-center-userservice] [main] m.u.c.DoctorControllerIntegrationTest    : Running with Spring Boot v3.5.5, Spring v6.2.10
2025-12-10T00:53:37.144+03:00  INFO 18352 --- [medical-center-userservice] [main] m.u.c.DoctorControllerIntegrationTest    : The following 1 profile is active: "dev"
2025-12-10T00:53:37.342+03:00  INFO 18352 --- [medical-center-userservice] [main] .s.d.r.c.RepositoryConfigurationDelegate : Bootstrapping Spring Data JPA repositories in DEFAULT mode.
2025-12-10T00:53:37.367+03:00  INFO 18352 --- [medical-center-userservice] [main] .s.d.r.c.RepositoryConfigurationDelegate : Finished Spring Data repository scanning in 23 ms. Found 12 JPA repository interfaces.
2025-12-10T00:53:37.447+03:00  INFO 18352 --- [medical-center-userservice] [main] o.hibernate.jpa.internal.util.LogHelper  : HHH000204: Processing PersistenceUnitInfo [name: default]
2025-12-10T00:53:37.449+03:00  INFO 18352 --- [medical-center-userservice] [main] o.h.c.internal.RegionFactoryInitiator    : HHH000026: Second-level cache disabled
2025-12-10T00:53:37.457+03:00  INFO 18352 --- [medical-center-userservice] [main] o.s.o.j.p.SpringPersistenceUnitInfo      : No LoadTimeWeaver setup: ignoring JPA class transformer
2025-12-10T00:53:37.459+03:00  INFO 18352 --- [medical-center-userservice] [main] com.zaxxer.hikari.HikariDataSource       : HikariPool-4 - Starting...
2025-12-10T00:53:37.501+03:00  INFO 18352 --- [medical-center-userservice] [main] com.zaxxer.hikari.pool.HikariPool        : HikariPool-4 - Added connection org.postgresql.jdbc.PgConnection@6d549137
2025-12-10T00:53:37.501+03:00  INFO 18352 --- [medical-center-userservice] [main] com.zaxxer.hikari.HikariDataSource       : HikariPool-4 - Start completed.
2025-12-10T00:53:37.507+03:00  WARN 18352 --- [medical-center-userservice] [main] org.hibernate.orm.deprecation            : HHH90000025: PostgreSQLDialect does not need to be specified explicitly using 'hibernate.dialect' (remove the property setting and it will be selected by default)
2025-12-10T00:53:37.510+03:00  INFO 18352 --- [medical-center-userservice] [main] org.hibernate.orm.connections.pooling    : HHH10001005: Database info:
	Database JDBC URL [Connecting through datasource 'HikariDataSource (HikariPool-4)']
	Database driver: undefined/unknown
	Database version: 16.11
	Autocommit mode: undefined/unknown
	Isolation level: undefined/unknown
	Minimum pool size: undefined/unknown
	Maximum pool size: undefined/unknown
2025-12-10T00:53:37.618+03:00  INFO 18352 --- [medical-center-userservice] [main] o.h.e.t.j.p.i.JtaPlatformInitiator       : HHH000489: No JTA platform available (set 'hibernate.transaction.jta.platform' to enable JTA platform integration)
2025-12-10T00:53:37.732+03:00  INFO 18352 --- [medical-center-userservice] [main] j.LocalContainerEntityManagerFactoryBean : Initialized JPA EntityManagerFactory for persistence unit 'default'
2025-12-10T00:53:37.944+03:00  WARN 18352 --- [medical-center-userservice] [main] JpaBaseConfiguration$JpaWebConfiguration : spring.jpa.open-in-view is enabled by default. Therefore, database queries may be performed during view rendering. Explicitly configure spring.jpa.open-in-view to disable this warning
2025-12-10T00:53:37.991+03:00  WARN 18352 --- [medical-center-userservice] [main] .s.s.UserDetailsServiceAutoConfiguration : 

Using generated security password: a980782c-dc99-4f10-9303-ed64c0fb34de

This generated password is for development use only. Your security configuration must be updated before running your application in production.

2025-12-10T00:53:37.992+03:00  INFO 18352 --- [medical-center-userservice] [main] r$InitializeUserDetailsManagerConfigurer : Global AuthenticationManager configured with UserDetailsService bean with name inMemoryUserDetailsManager
2025-12-10T00:53:38.086+03:00 DEBUG 18352 --- [medical-center-userservice] [main] m.u.c.security.JwtAuthenticationFilter   : Filter 'jwtAuthenticationFilter' configured for use
2025-12-10T00:53:38.086+03:00  INFO 18352 --- [medical-center-userservice] [main] o.s.b.t.m.w.SpringBootMockServletContext : Initializing Spring TestDispatcherServlet ''
2025-12-10T00:53:38.087+03:00  INFO 18352 --- [medical-center-userservice] [main] o.s.t.web.servlet.TestDispatcherServlet  : Initializing Servlet ''
2025-12-10T00:53:38.087+03:00  INFO 18352 --- [medical-center-userservice] [main] o.s.t.web.servlet.TestDispatcherServlet  : Completed initialization in 0 ms
2025-12-10T00:53:38.095+03:00  INFO 18352 --- [medical-center-userservice] [main] o.s.m.s.b.SimpleBrokerMessageHandler     : Starting...
2025-12-10T00:53:38.095+03:00  INFO 18352 --- [medical-center-userservice] [main] o.s.m.s.b.SimpleBrokerMessageHandler     : BrokerAvailabilityEvent[available=true, SimpleBrokerMessageHandler [org.springframework.messaging.simp.broker.DefaultSubscriptionRegistry@7683d1b2]]
2025-12-10T00:53:38.097+03:00  INFO 18352 --- [medical-center-userservice] [main] o.s.m.s.b.SimpleBrokerMessageHandler     : Started.
2025-12-10T00:53:38.101+03:00  INFO 18352 --- [medical-center-userservice] [main] m.u.c.DoctorControllerIntegrationTest    : Started DoctorControllerIntegrationTest in 0.983 seconds (process running for 41.108)
2025-12-10T00:53:38.174+03:00 DEBUG 18352 --- [medical-center-userservice] [main] m.u.service.impl.DoctorService           : recalculating rating for doctor with id: a43a7345-4ae4-4b47-8391-c2bb2e688d19
2025-12-10T00:53:38.195+03:00 DEBUG 18352 --- [medical-center-userservice] [main] m.u.service.impl.DoctorService           : updated rating for doctor a43a7345-4ae4-4b47-8391-c2bb2e688d19 to 4.00
2025-12-10T00:53:38.304+03:00 DEBUG 18352 --- [medical-center-userservice] [main] m.u.service.impl.DoctorService           : recalculating rating for doctor with id: 0c161564-cd6c-406c-92ad-465239fd7db1
2025-12-10T00:53:38.314+03:00 DEBUG 18352 --- [medical-center-userservice] [main] m.u.service.impl.DoctorService           : updated rating for doctor 0c161564-cd6c-406c-92ad-465239fd7db1 to 0
2025-12-10T00:53:38.337+03:00 DEBUG 18352 --- [medical-center-userservice] [main] m.u.service.impl.DoctorService           : getting rating for doctor with id: 3cbfa48e-8cc6-4646-a931-46cb55660090
2025-12-10T00:53:38.353+03:00 DEBUG 18352 --- [medical-center-userservice] [main] m.u.service.impl.DoctorService           : getting rating for doctor with id: b2d90881-fc32-4d11-aae1-8167bb3b8077
2025-12-10T00:53:38.355+03:00 ERROR 18352 --- [medical-center-userservice] [main] m.u.exception.GlobalExceptionHandler     : Internal server error: Entity with id 'b2d90881-fc32-4d11-aae1-8167bb3b8077' not found

medicalcenter.userservice.exception.NotFoundException: Entity with id 'b2d90881-fc32-4d11-aae1-8167bb3b8077' not found
	at medicalcenter.userservice.service.impl.DoctorService.lambda$getRating$6(DoctorService.java:205) ~[classes/:na]
	at java.base/java.util.Optional.orElseThrow(Optional.java:403) ~[na:na]
	at medicalcenter.userservice.service.impl.DoctorService.getRating(DoctorService.java:205) ~[classes/:na]
	at java.base/jdk.internal.reflect.DirectMethodHandleAccessor.invoke(DirectMethodHandleAccessor.java:103) ~[na:na]
	at java.base/java.lang.reflect.Method.invoke(Method.java:580) ~[na:na]
	at org.springframework.aop.support.AopUtils.invokeJoinpointUsingReflection(AopUtils.java:360) ~[spring-aop-6.2.10.jar:6.2.10]
	at org.springframework.aop.framework.ReflectiveMethodInvocation.invokeJoinpoint(ReflectiveMethodInvocation.java:196) ~[spring-aop-6.2.10.jar:6.2.10]
	at org.springframework.aop.framework.ReflectiveMethodInvocation.proceed(ReflectiveMethodInvocation.java:163) ~[spring-aop-6.2.10.jar:6.2.10]
	at org.springframework.transaction.interceptor.TransactionAspectSupport.invokeWithinTransaction(TransactionAspectSupport.java:380) ~[spring-tx-6.2.10.jar:6.2.10]
	at org.springframework.transaction.interceptor.TransactionInterceptor.invoke(TransactionInterceptor.java:119) ~[spring-tx-6.2.10.jar:6.2.10]
	at org.springframework.aop.framework.ReflectiveMethodInvocation.proceed(ReflectiveMethodInvocation.java:184) ~[spring-aop-6.2.10.jar:6.2.10]
	at org.springframework.aop.framework.CglibAopProxy$DynamicAdvisedInterceptor.intercept(CglibAopProxy.java:728) ~[spring-aop-6.2.10.jar:6.2.10]
	at medicalcenter.userservice.service.impl.DoctorService$$SpringCGLIB$$0.getRating(<generated>) ~[classes/:na]
	at medicalcenter.userservice.controller.DoctorController.getRating(DoctorController.java:317) ~[classes/:na]
	at java.base/jdk.internal.reflect.DirectMethodHandleAccessor.invoke(DirectMethodHandleAccessor.java:103) ~[na:na]
	at java.base/java.lang.reflect.Method.invoke(Method.java:580) ~[na:na]
	at org.springframework.web.method.support.InvocableHandlerMethod.doInvoke(InvocableHandlerMethod.java:258) ~[spring-web-6.2.10.jar:6.2.10]
	at org.springframework.web.method.support.InvocableHandlerMethod.invokeForRequest(InvocableHandlerMethod.java:191) ~[spring-web-6.2.10.jar:6.2.10]
	at org.springframework.web.servlet.mvc.method.annotation.ServletInvocableHandlerMethod.invokeAndHandle(ServletInvocableHandlerMethod.java:118) ~[spring-webmvc-6.2.10.jar:6.2.10]
	at org.springframework.web.servlet.mvc.method.annotation.RequestMappingHandlerAdapter.invokeHandlerMethod(RequestMappingHandlerAdapter.java:991) ~[spring-webmvc-6.2.10.jar:6.2.10]
	at org.springframework.web.servlet.mvc.method.annotation.RequestMappingHandlerAdapter.handleInternal(RequestMappingHandlerAdapter.java:896) ~[spring-webmvc-6.2.10.jar:6.2.10]
	at org.springframework.web.servlet.mvc.method.AbstractHandlerMethodAdapter.handle(AbstractHandlerMethodAdapter.java:87) ~[spring-webmvc-6.2.10.jar:6.2.10]
	at org.springframework.web.servlet.DispatcherServlet.doDispatch(DispatcherServlet.java:1089) ~[spring-webmvc-6.2.10.jar:6.2.10]
	at org.springframework.web.servlet.DispatcherServlet.doService(DispatcherServlet.java:979) ~[spring-webmvc-6.2.10.jar:6.2.10]
	at org.springframework.web.servlet.FrameworkServlet.processRequest(FrameworkServlet.java:1014) ~[spring-webmvc-6.2.10.jar:6.2.10]
	at org.springframework.web.servlet.FrameworkServlet.doGet(FrameworkServlet.java:903) ~[spring-webmvc-6.2.10.jar:6.2.10]
	at jakarta.servlet.http.HttpServlet.service(HttpServlet.java:564) ~[tomcat-embed-core-10.1.44.jar:6.0]
	at org.springframework.web.servlet.FrameworkServlet.service(FrameworkServlet.java:885) ~[spring-webmvc-6.2.10.jar:6.2.10]
	at org.springframework.test.web.servlet.TestDispatcherServlet.service(TestDispatcherServlet.java:72) ~[spring-test-6.2.10.jar:6.2.10]
	at jakarta.servlet.http.HttpServlet.service(HttpServlet.java:658) ~[tomcat-embed-core-10.1.44.jar:6.0]
	at org.springframework.mock.web.MockFilterChain$ServletFilterProxy.doFilter(MockFilterChain.java:165) ~[spring-test-6.2.10.jar:6.2.10]
	at org.springframework.mock.web.MockFilterChain.doFilter(MockFilterChain.java:132) ~[spring-test-6.2.10.jar:6.2.10]
	at org.springframework.web.filter.OncePerRequestFilter.doFilter(OncePerRequestFilter.java:110) ~[spring-web-6.2.10.jar:6.2.10]
	at org.springframework.test.web.servlet.setup.MockMvcFilterDecorator.doFilter(MockMvcFilterDecorator.java:162) ~[spring-test-6.2.10.jar:6.2.10]
	at org.springframework.mock.web.MockFilterChain.doFilter(MockFilterChain.java:132) ~[spring-test-6.2.10.jar:6.2.10]
	at org.springframework.web.filter.CompositeFilter$VirtualFilterChain.doFilter(CompositeFilter.java:108) ~[spring-web-6.2.10.jar:6.2.10]
	at org.springframework.web.filter.CompositeFilter$VirtualFilterChain.doFilter(CompositeFilter.java:108) ~[spring-web-6.2.10.jar:6.2.10]
	at org.springframework.security.web.FilterChainProxy.lambda$doFilterInternal$3(FilterChainProxy.java:231) ~[spring-security-web-6.5.3.jar:6.5.3]
	at org.springframework.security.web.FilterChainProxy$VirtualFilterChain.doFilter(FilterChainProxy.java:365) ~[spring-security-web-6.5.3.jar:6.5.3]
	at org.springframework.security.web.access.intercept.AuthorizationFilter.doFilter(AuthorizationFilter.java:101) ~[spring-security-web-6.5.3.jar:6.5.3]
	at org.springframework.security.web.FilterChainProxy$VirtualFilterChain.doFilter(FilterChainProxy.java:374) ~[spring-security-web-6.5.3.jar:6.5.3]
	at org.springframework.security.web.access.ExceptionTranslationFilter.doFilter(ExceptionTranslationFilter.java:125) ~[spring-security-web-6.5.3.jar:6.5.3]
	at org.springframework.security.web.access.ExceptionTranslationFilter.doFilter(ExceptionTranslationFilter.java:119) ~[spring-security-web-6.5.3.jar:6.5.3]
	at org.springframework.security.web.FilterChainProxy$VirtualFilterChain.doFilter(FilterChainProxy.java:374) ~[spring-security-web-6.5.3.jar:6.5.3]
	at org.springframework.security.web.session.SessionManagementFilter.doFilter(SessionManagementFilter.java:131) ~[spring-security-web-6.5.3.jar:6.5.3]
	at org.springframework.security.web.session.SessionManagementFilter.doFilter(SessionManagementFilter.java:85) ~[spring-security-web-6.5.3.jar:6.5.3]
	at org.springframework.security.web.FilterChainProxy$VirtualFilterChain.doFilter(FilterChainProxy.java:374) ~[spring-security-web-6.5.3.jar:6.5.3]
	at org.springframework.security.web.authentication.AnonymousAuthenticationFilter.doFilter(AnonymousAuthenticationFilter.java:100) ~[spring-security-web-6.5.3.jar:6.5.3]
	at org.springframework.security.web.FilterChainProxy$VirtualFilterChain.doFilter(FilterChainProxy.java:374) ~[spring-security-web-6.5.3.jar:6.5.3]
	at org.springframework.security.web.servletapi.SecurityContextHolderAwareRequestFilter.doFilter(SecurityContextHolderAwareRequestFilter.java:179) ~[spring-security-web-6.5.3.jar:6.5.3]
	at org.springframework.security.web.FilterChainProxy$VirtualFilterChain.doFilter(FilterChainProxy.java:374) ~[spring-security-web-6.5.3.jar:6.5.3]
	at org.springframework.security.web.savedrequest.RequestCacheAwareFilter.doFilter(RequestCacheAwareFilter.java:63) ~[spring-security-web-6.5.3.jar:6.5.3]
	at org.springframework.security.web.FilterChainProxy$VirtualFilterChain.doFilter(FilterChainProxy.java:374) ~[spring-security-web-6.5.3.jar:6.5.3]
	at medicalcenter.userservice.configuration.security.JwtAuthenticationFilter.doFilterInternal(JwtAuthenticationFilter.java:39) ~[classes/:na]
	at org.springframework.web.filter.OncePerRequestFilter.doFilter(OncePerRequestFilter.java:116) ~[spring-web-6.2.10.jar:6.2.10]
	at org.springframework.security.web.FilterChainProxy$VirtualFilterChain.doFilter(FilterChainProxy.java:374) ~[spring-security-web-6.5.3.jar:6.5.3]
	at org.springframework.security.web.authentication.logout.LogoutFilter.doFilter(LogoutFilter.java:107) ~[spring-security-web-6.5.3.jar:6.5.3]
	at org.springframework.security.web.authentication.logout.LogoutFilter.doFilter(LogoutFilter.java:93) ~[spring-security-web-6.5.3.jar:6.5.3]
	at org.springframework.security.web.FilterChainProxy$VirtualFilterChain.doFilter(FilterChainProxy.java:374) ~[spring-security-web-6.5.3.jar:6.5.3]
	at org.springframework.web.filter.CorsFilter.doFilterInternal(CorsFilter.java:91) ~[spring-web-6.2.10.jar:6.2.10]
	at org.springframework.web.filter.OncePerRequestFilter.doFilter(OncePerRequestFilter.java:116) ~[spring-web-6.2.10.jar:6.2.10]
	at org.springframework.security.web.FilterChainProxy$VirtualFilterChain.doFilter(FilterChainProxy.java:374) ~[spring-security-web-6.5.3.jar:6.5.3]
	at org.springframework.security.web.header.HeaderWriterFilter.doHeadersAfter(HeaderWriterFilter.java:90) ~[spring-security-web-6.5.3.jar:6.5.3]
	at org.springframework.security.web.header.HeaderWriterFilter.doFilterInternal(HeaderWriterFilter.java:75) ~[spring-security-web-6.5.3.jar:6.5.3]
	at org.springframework.web.filter.OncePerRequestFilter.doFilter(OncePerRequestFilter.java:116) ~[spring-web-6.2.10.jar:6.2.10]
	at org.springframework.security.web.FilterChainProxy$VirtualFilterChain.doFilter(FilterChainProxy.java:374) ~[spring-security-web-6.5.3.jar:6.5.3]
	at org.springframework.security.web.context.SecurityContextHolderFilter.doFilter(SecurityContextHolderFilter.java:82) ~[spring-security-web-6.5.3.jar:6.5.3]
	at org.springframework.security.web.context.SecurityContextHolderFilter.doFilter(SecurityContextHolderFilter.java:69) ~[spring-security-web-6.5.3.jar:6.5.3]
	at org.springframework.security.web.FilterChainProxy$VirtualFilterChain.doFilter(FilterChainProxy.java:374) ~[spring-security-web-6.5.3.jar:6.5.3]
	at org.springframework.security.web.context.request.async.WebAsyncManagerIntegrationFilter.doFilterInternal(WebAsyncManagerIntegrationFilter.java:62) ~[spring-security-web-6.5.3.jar:6.5.3]
	at org.springframework.web.filter.OncePerRequestFilter.doFilter(OncePerRequestFilter.java:116) ~[spring-web-6.2.10.jar:6.2.10]
	at org.springframework.security.web.FilterChainProxy$VirtualFilterChain.doFilter(FilterChainProxy.java:374) ~[spring-security-web-6.5.3.jar:6.5.3]
	at org.springframework.security.web.session.DisableEncodeUrlFilter.doFilterInternal(DisableEncodeUrlFilter.java:42) ~[spring-security-web-6.5.3.jar:6.5.3]
	at org.springframework.web.filter.OncePerRequestFilter.doFilter(OncePerRequestFilter.java:116) ~[spring-web-6.2.10.jar:6.2.10]
	at org.springframework.security.web.FilterChainProxy$VirtualFilterChain.doFilter(FilterChainProxy.java:374) ~[spring-security-web-6.5.3.jar:6.5.3]
	at org.springframework.security.web.FilterChainProxy.doFilterInternal(FilterChainProxy.java:233) ~[spring-security-web-6.5.3.jar:6.5.3]
	at org.springframework.security.web.FilterChainProxy.doFilter(FilterChainProxy.java:191) ~[spring-security-web-6.5.3.jar:6.5.3]
	at org.springframework.web.filter.CompositeFilter$VirtualFilterChain.doFilter(CompositeFilter.java:113) ~[spring-web-6.2.10.jar:6.2.10]
	at org.springframework.web.filter.ServletRequestPathFilter.doFilter(ServletRequestPathFilter.java:52) ~[spring-web-6.2.10.jar:6.2.10]
	at org.springframework.web.filter.CompositeFilter$VirtualFilterChain.doFilter(CompositeFilter.java:113) ~[spring-web-6.2.10.jar:6.2.10]
	at org.springframework.web.filter.CompositeFilter.doFilter(CompositeFilter.java:74) ~[spring-web-6.2.10.jar:6.2.10]
	at org.springframework.security.config.annotation.web.configuration.WebSecurityConfiguration$CompositeFilterChainProxy.doFilter(WebSecurityConfiguration.java:319) ~[spring-security-config-6.5.3.jar:6.5.3]
	at org.springframework.web.filter.CompositeFilter$VirtualFilterChain.doFilter(CompositeFilter.java:113) ~[spring-web-6.2.10.jar:6.2.10]
	at org.springframework.web.servlet.handler.HandlerMappingIntrospector.lambda$createCacheFilter$4(HandlerMappingIntrospector.java:267) ~[spring-webmvc-6.2.10.jar:6.2.10]
	at org.springframework.web.filter.CompositeFilter$VirtualFilterChain.doFilter(CompositeFilter.java:113) ~[spring-web-6.2.10.jar:6.2.10]
	at org.springframework.web.filter.CompositeFilter.doFilter(CompositeFilter.java:74) ~[spring-web-6.2.10.jar:6.2.10]
	at org.springframework.security.config.annotation.web.configuration.WebMvcSecurityConfiguration$CompositeFilterChainProxy.doFilter(WebMvcSecurityConfiguration.java:240) ~[spring-security-config-6.5.3.jar:6.5.3]
	at org.springframework.web.filter.DelegatingFilterProxy.invokeDelegate(DelegatingFilterProxy.java:362) ~[spring-web-6.2.10.jar:6.2.10]
	at org.springframework.web.filter.DelegatingFilterProxy.doFilter(DelegatingFilterProxy.java:278) ~[spring-web-6.2.10.jar:6.2.10]
	at org.springframework.test.web.servlet.setup.MockMvcFilterDecorator.doFilter(MockMvcFilterDecorator.java:162) ~[spring-test-6.2.10.jar:6.2.10]
	at org.springframework.mock.web.MockFilterChain.doFilter(MockFilterChain.java:132) ~[spring-test-6.2.10.jar:6.2.10]
	at org.springframework.web.filter.RequestContextFilter.doFilterInternal(RequestContextFilter.java:100) ~[spring-web-6.2.10.jar:6.2.10]
	at org.springframework.web.filter.OncePerRequestFilter.doFilter(OncePerRequestFilter.java:116) ~[spring-web-6.2.10.jar:6.2.10]
	at org.springframework.test.web.servlet.setup.MockMvcFilterDecorator.doFilter(MockMvcFilterDecorator.java:162) ~[spring-test-6.2.10.jar:6.2.10]
	at org.springframework.mock.web.MockFilterChain.doFilter(MockFilterChain.java:132) ~[spring-test-6.2.10.jar:6.2.10]
	at org.springframework.web.filter.FormContentFilter.doFilterInternal(FormContentFilter.java:93) ~[spring-web-6.2.10.jar:6.2.10]
	at org.springframework.web.filter.OncePerRequestFilter.doFilter(OncePerRequestFilter.java:116) ~[spring-web-6.2.10.jar:6.2.10]
	at org.springframework.test.web.servlet.setup.MockMvcFilterDecorator.doFilter(MockMvcFilterDecorator.java:162) ~[spring-test-6.2.10.jar:6.2.10]
	at org.springframework.mock.web.MockFilterChain.doFilter(MockFilterChain.java:132) ~[spring-test-6.2.10.jar:6.2.10]
	at org.springframework.web.filter.CharacterEncodingFilter.doFilterInternal(CharacterEncodingFilter.java:201) ~[spring-web-6.2.10.jar:6.2.10]
	at org.springframework.web.filter.OncePerRequestFilter.doFilter(OncePerRequestFilter.java:116) ~[spring-web-6.2.10.jar:6.2.10]
	at org.springframework.test.web.servlet.setup.MockMvcFilterDecorator.doFilter(MockMvcFilterDecorator.java:162) ~[spring-test-6.2.10.jar:6.2.10]
	at org.springframework.mock.web.MockFilterChain.doFilter(MockFilterChain.java:132) ~[spring-test-6.2.10.jar:6.2.10]
	at org.springframework.test.web.servlet.MockMvc.perform(MockMvc.java:201) ~[spring-test-6.2.10.jar:6.2.10]
	at medicalcenter.userservice.controller.DoctorControllerIntegrationTest.getRating_WhenDoctorNotFound_ShouldReturn404(DoctorControllerIntegrationTest.java:147) ~[test-classes/:na]
	at java.base/jdk.internal.reflect.DirectMethodHandleAccessor.invoke(DirectMethodHandleAccessor.java:103) ~[na:na]
	at java.base/java.lang.reflect.Method.invoke(Method.java:580) ~[na:na]
	at org.junit.platform.commons.util.ReflectionUtils.invokeMethod(ReflectionUtils.java:775) ~[junit-platform-commons-1.12.2.jar:1.12.2]
	at org.junit.platform.commons.support.ReflectionSupport.invokeMethod(ReflectionSupport.java:479) ~[junit-platform-commons-1.12.2.jar:1.12.2]
	at org.junit.jupiter.engine.execution.MethodInvocation.proceed(MethodInvocation.java:60) ~[junit-jupiter-engine-5.12.2.jar:5.12.2]
	at org.junit.jupiter.engine.execution.InvocationInterceptorChain$ValidatingInvocation.proceed(InvocationInterceptorChain.java:131) ~[junit-jupiter-engine-5.12.2.jar:5.12.2]
	at org.junit.jupiter.engine.extension.TimeoutExtension.intercept(TimeoutExtension.java:161) ~[junit-jupiter-engine-5.12.2.jar:5.12.2]
	at org.junit.jupiter.engine.extension.TimeoutExtension.interceptTestableMethod(TimeoutExtension.java:152) ~[junit-jupiter-engine-5.12.2.jar:5.12.2]
	at org.junit.jupiter.engine.extension.TimeoutExtension.interceptTestMethod(TimeoutExtension.java:91) ~[junit-jupiter-engine-5.12.2.jar:5.12.2]
	at org.junit.jupiter.engine.execution.InterceptingExecutableInvoker$ReflectiveInterceptorCall.lambda$ofVoidMethod$0(InterceptingExecutableInvoker.java:112) ~[junit-jupiter-engine-5.12.2.jar:5.12.2]
	at org.junit.jupiter.engine.execution.InterceptingExecutableInvoker.lambda$invoke$0(InterceptingExecutableInvoker.java:94) ~[junit-jupiter-engine-5.12.2.jar:5.12.2]
	at org.junit.jupiter.engine.execution.InvocationInterceptorChain$InterceptedInvocation.proceed(InvocationInterceptorChain.java:106) ~[junit-jupiter-engine-5.12.2.jar:5.12.2]
	at org.junit.jupiter.engine.execution.InvocationInterceptorChain.proceed(InvocationInterceptorChain.java:64) ~[junit-jupiter-engine-5.12.2.jar:5.12.2]
	at org.junit.jupiter.engine.execution.InvocationInterceptorChain.chainAndInvoke(InvocationInterceptorChain.java:45) ~[junit-jupiter-engine-5.12.2.jar:5.12.2]
	at org.junit.jupiter.engine.execution.InvocationInterceptorChain.invoke(InvocationInterceptorChain.java:37) ~[junit-jupiter-engine-5.12.2.jar:5.12.2]
	at org.junit.jupiter.engine.execution.InterceptingExecutableInvoker.invoke(InterceptingExecutableInvoker.java:93) ~[junit-jupiter-engine-5.12.2.jar:5.12.2]
	at org.junit.jupiter.engine.execution.InterceptingExecutableInvoker.invoke(InterceptingExecutableInvoker.java:87) ~[junit-jupiter-engine-5.12.2.jar:5.12.2]
	at org.junit.jupiter.engine.descriptor.TestMethodTestDescriptor.lambda$invokeTestMethod$7(TestMethodTestDescriptor.java:216) ~[junit-jupiter-engine-5.12.2.jar:5.12.2]
	at org.junit.platform.engine.support.hierarchical.ThrowableCollector.execute(ThrowableCollector.java:73) ~[junit-platform-engine-1.12.2.jar:1.12.2]
	at org.junit.jupiter.engine.descriptor.TestMethodTestDescriptor.invokeTestMethod(TestMethodTestDescriptor.java:212) ~[junit-jupiter-engine-5.12.2.jar:5.12.2]
	at org.junit.jupiter.engine.descriptor.TestMethodTestDescriptor.execute(TestMethodTestDescriptor.java:137) ~[junit-jupiter-engine-5.12.2.jar:5.12.2]
	at org.junit.jupiter.engine.descriptor.TestMethodTestDescriptor.execute(TestMethodTestDescriptor.java:69) ~[junit-jupiter-engine-5.12.2.jar:5.12.2]
	at org.junit.platform.engine.support.hierarchical.NodeTestTask.lambda$executeRecursively$6(NodeTestTask.java:156) ~[junit-platform-engine-1.12.2.jar:1.12.2]
	at org.junit.platform.engine.support.hierarchical.ThrowableCollector.execute(ThrowableCollector.java:73) ~[junit-platform-engine-1.12.2.jar:1.12.2]
	at org.junit.platform.engine.support.hierarchical.NodeTestTask.lambda$executeRecursively$8(NodeTestTask.java:146) ~[junit-platform-engine-1.12.2.jar:1.12.2]
	at org.junit.platform.engine.support.hierarchical.Node.around(Node.java:137) ~[junit-platform-engine-1.12.2.jar:1.12.2]
	at org.junit.platform.engine.support.hierarchical.NodeTestTask.lambda$executeRecursively$9(NodeTestTask.java:144) ~[junit-platform-engine-1.12.2.jar:1.12.2]
	at org.junit.platform.engine.support.hierarchical.ThrowableCollector.execute(ThrowableCollector.java:73) ~[junit-platform-engine-1.12.2.jar:1.12.2]
	at org.junit.platform.engine.support.hierarchical.NodeTestTask.executeRecursively(NodeTestTask.java:143) ~[junit-platform-engine-1.12.2.jar:1.12.2]
	at org.junit.platform.engine.support.hierarchical.NodeTestTask.execute(NodeTestTask.java:100) ~[junit-platform-engine-1.12.2.jar:1.12.2]
	at java.base/java.util.ArrayList.forEach(ArrayList.java:1597) ~[na:na]
	at org.junit.platform.engine.support.hierarchical.SameThreadHierarchicalTestExecutorService.invokeAll(SameThreadHierarchicalTestExecutorService.java:41) ~[junit-platform-engine-1.12.2.jar:1.12.2]
	at org.junit.platform.engine.support.hierarchical.NodeTestTask.lambda$executeRecursively$6(NodeTestTask.java:160) ~[junit-platform-engine-1.12.2.jar:1.12.2]
	at org.junit.platform.engine.support.hierarchical.ThrowableCollector.execute(ThrowableCollector.java:73) ~[junit-platform-engine-1.12.2.jar:1.12.2]
	at org.junit.platform.engine.support.hierarchical.NodeTestTask.lambda$executeRecursively$8(NodeTestTask.java:146) ~[junit-platform-engine-1.12.2.jar:1.12.2]
	at org.junit.platform.engine.support.hierarchical.Node.around(Node.java:137) ~[junit-platform-engine-1.12.2.jar:1.12.2]
	at org.junit.platform.engine.support.hierarchical.NodeTestTask.lambda$executeRecursively$9(NodeTestTask.java:144) ~[junit-platform-engine-1.12.2.jar:1.12.2]
	at org.junit.platform.engine.support.hierarchical.ThrowableCollector.execute(ThrowableCollector.java:73) ~[junit-platform-engine-1.12.2.jar:1.12.2]
	at org.junit.platform.engine.support.hierarchical.NodeTestTask.executeRecursively(NodeTestTask.java:143) ~[junit-platform-engine-1.12.2.jar:1.12.2]
	at org.junit.platform.engine.support.hierarchical.NodeTestTask.execute(NodeTestTask.java:100) ~[junit-platform-engine-1.12.2.jar:1.12.2]
	at java.base/java.util.ArrayList.forEach(ArrayList.java:1597) ~[na:na]
	at org.junit.platform.engine.support.hierarchical.SameThreadHierarchicalTestExecutorService.invokeAll(SameThreadHierarchicalTestExecutorService.java:41) ~[junit-platform-engine-1.12.2.jar:1.12.2]
	at org.junit.platform.engine.support.hierarchical.NodeTestTask.lambda$executeRecursively$6(NodeTestTask.java:160) ~[junit-platform-engine-1.12.2.jar:1.12.2]
	at org.junit.platform.engine.support.hierarchical.ThrowableCollector.execute(ThrowableCollector.java:73) ~[junit-platform-engine-1.12.2.jar:1.12.2]
	at org.junit.platform.engine.support.hierarchical.NodeTestTask.lambda$executeRecursively$8(NodeTestTask.java:146) ~[junit-platform-engine-1.12.2.jar:1.12.2]
	at org.junit.platform.engine.support.hierarchical.Node.around(Node.java:137) ~[junit-platform-engine-1.12.2.jar:1.12.2]
	at org.junit.platform.engine.support.hierarchical.NodeTestTask.lambda$executeRecursively$9(NodeTestTask.java:144) ~[junit-platform-engine-1.12.2.jar:1.12.2]
	at org.junit.platform.engine.support.hierarchical.ThrowableCollector.execute(ThrowableCollector.java:73) ~[junit-platform-engine-1.12.2.jar:1.12.2]
	at org.junit.platform.engine.support.hierarchical.NodeTestTask.executeRecursively(NodeTestTask.java:143) ~[junit-platform-engine-1.12.2.jar:1.12.2]
	at org.junit.platform.engine.support.hierarchical.NodeTestTask.execute(NodeTestTask.java:100) ~[junit-platform-engine-1.12.2.jar:1.12.2]
	at org.junit.platform.engine.support.hierarchical.SameThreadHierarchicalTestExecutorService.submit(SameThreadHierarchicalTestExecutorService.java:35) ~[junit-platform-engine-1.12.2.jar:1.12.2]
	at org.junit.platform.engine.support.hierarchical.HierarchicalTestExecutor.execute(HierarchicalTestExecutor.java:57) ~[junit-platform-engine-1.12.2.jar:1.12.2]
	at org.junit.platform.engine.support.hierarchical.HierarchicalTestEngine.execute(HierarchicalTestEngine.java:54) ~[junit-platform-engine-1.12.2.jar:1.12.2]
	at org.junit.platform.launcher.core.EngineExecutionOrchestrator.execute(EngineExecutionOrchestrator.java:201) ~[junit-platform-launcher-1.12.2.jar:1.12.2]
	at org.junit.platform.launcher.core.EngineExecutionOrchestrator.execute(EngineExecutionOrchestrator.java:170) ~[junit-platform-launcher-1.12.2.jar:1.12.2]
	at org.junit.platform.launcher.core.EngineExecutionOrchestrator.execute(EngineExecutionOrchestrator.java:94) ~[junit-platform-launcher-1.12.2.jar:1.12.2]
	at org.junit.platform.launcher.core.EngineExecutionOrchestrator.lambda$execute$0(EngineExecutionOrchestrator.java:59) ~[junit-platform-launcher-1.12.2.jar:1.12.2]
	at org.junit.platform.launcher.core.EngineExecutionOrchestrator.withInterceptedStreams(EngineExecutionOrchestrator.java:142) ~[junit-platform-launcher-1.12.2.jar:1.12.2]
	at org.junit.platform.launcher.core.EngineExecutionOrchestrator.execute(EngineExecutionOrchestrator.java:58) ~[junit-platform-launcher-1.12.2.jar:1.12.2]
	at org.junit.platform.launcher.core.DefaultLauncher.execute(DefaultLauncher.java:103) ~[junit-platform-launcher-1.12.2.jar:1.12.2]
	at org.junit.platform.launcher.core.DefaultLauncher.execute(DefaultLauncher.java:85) ~[junit-platform-launcher-1.12.2.jar:1.12.2]
	at org.junit.platform.launcher.core.DelegatingLauncher.execute(DelegatingLauncher.java:47) ~[junit-platform-launcher-1.12.2.jar:1.12.2]
	at org.junit.platform.launcher.core.InterceptingLauncher.lambda$execute$1(InterceptingLauncher.java:39) ~[junit-platform-launcher-1.12.2.jar:1.12.2]
	at org.junit.platform.launcher.core.ClasspathAlignmentCheckingLauncherInterceptor.intercept(ClasspathAlignmentCheckingLauncherInterceptor.java:25) ~[junit-platform-launcher-1.12.2.jar:1.12.2]
	at org.junit.platform.launcher.core.InterceptingLauncher.execute(InterceptingLauncher.java:38) ~[junit-platform-launcher-1.12.2.jar:1.12.2]
	at org.junit.platform.launcher.core.DelegatingLauncher.execute(DelegatingLauncher.java:47) ~[junit-platform-launcher-1.12.2.jar:1.12.2]
	at org.junit.platform.launcher.core.SessionPerRequestLauncher.execute(SessionPerRequestLauncher.java:63) ~[junit-platform-launcher-1.12.2.jar:1.12.2]
	at com.intellij.junit5.JUnit5IdeaTestRunner.startRunnerWithArgs(JUnit5IdeaTestRunner.java:66) ~[junit5-rt.jar:na]
	at com.intellij.rt.junit.IdeaTestRunner$Repeater$1.execute(IdeaTestRunner.java:38) ~[junit-rt.jar:na]
	at com.intellij.rt.execution.junit.TestsRepeater.repeat(TestsRepeater.java:11) ~[idea_rt.jar:na]
	at com.intellij.rt.junit.IdeaTestRunner$Repeater.startRunnerWithArgs(IdeaTestRunner.java:35) ~[junit-rt.jar:na]
	at com.intellij.rt.junit.JUnitStarter.prepareStreamsAndStart(JUnitStarter.java:237) ~[junit-rt.jar:na]
	at com.intellij.rt.junit.JUnitStarter.main(JUnitStarter.java:58) ~[junit-rt.jar:na]

2025-12-10T00:53:38.395+03:00 DEBUG 18352 --- [medical-center-userservice] [main] m.u.service.impl.DoctorService           : getting rating for doctor with id: cd4efb53-ab3a-4607-a9df-759d58a330fb
2025-12-10T00:53:38.409+03:00 DEBUG 18352 --- [medical-center-userservice] [main] m.u.service.impl.DoctorService           : recalculating rating for doctor with id: 3b9946d9-efb6-485a-a861-26e190d4b662
2025-12-10T00:53:38.411+03:00 ERROR 18352 --- [medical-center-userservice] [main] m.u.exception.GlobalExceptionHandler     : Internal server error: Entity with id '3b9946d9-efb6-485a-a861-26e190d4b662' not found

medicalcenter.userservice.exception.NotFoundException: Entity with id '3b9946d9-efb6-485a-a861-26e190d4b662' not found
	at medicalcenter.userservice.service.impl.DoctorService.lambda$recalculateRating$5(DoctorService.java:171) ~[classes/:na]
	at java.base/java.util.Optional.orElseThrow(Optional.java:403) ~[na:na]
	at medicalcenter.userservice.service.impl.DoctorService.recalculateRating(DoctorService.java:171) ~[classes/:na]
	at java.base/jdk.internal.reflect.DirectMethodHandleAccessor.invoke(DirectMethodHandleAccessor.java:103) ~[na:na]
	at java.base/java.lang.reflect.Method.invoke(Method.java:580) ~[na:na]
	at org.springframework.aop.support.AopUtils.invokeJoinpointUsingReflection(AopUtils.java:360) ~[spring-aop-6.2.10.jar:6.2.10]
	at org.springframework.aop.framework.ReflectiveMethodInvocation.invokeJoinpoint(ReflectiveMethodInvocation.java:196) ~[spring-aop-6.2.10.jar:6.2.10]
	at org.springframework.aop.framework.ReflectiveMethodInvocation.proceed(ReflectiveMethodInvocation.java:163) ~[spring-aop-6.2.10.jar:6.2.10]
	at org.springframework.transaction.interceptor.TransactionAspectSupport.invokeWithinTransaction(TransactionAspectSupport.java:380) ~[spring-tx-6.2.10.jar:6.2.10]
	at org.springframework.transaction.interceptor.TransactionInterceptor.invoke(TransactionInterceptor.java:119) ~[spring-tx-6.2.10.jar:6.2.10]
	at org.springframework.aop.framework.ReflectiveMethodInvocation.proceed(ReflectiveMethodInvocation.java:184) ~[spring-aop-6.2.10.jar:6.2.10]
	at org.springframework.aop.framework.CglibAopProxy$DynamicAdvisedInterceptor.intercept(CglibAopProxy.java:728) ~[spring-aop-6.2.10.jar:6.2.10]
	at medicalcenter.userservice.service.impl.DoctorService$$SpringCGLIB$$0.recalculateRating(<generated>) ~[classes/:na]
	at medicalcenter.userservice.controller.DoctorController.recalculateRating(DoctorController.java:333) ~[classes/:na]
	at java.base/jdk.internal.reflect.DirectMethodHandleAccessor.invoke(DirectMethodHandleAccessor.java:103) ~[na:na]
	at java.base/java.lang.reflect.Method.invoke(Method.java:580) ~[na:na]
	at org.springframework.web.method.support.InvocableHandlerMethod.doInvoke(InvocableHandlerMethod.java:258) ~[spring-web-6.2.10.jar:6.2.10]
	at org.springframework.web.method.support.InvocableHandlerMethod.invokeForRequest(InvocableHandlerMethod.java:191) ~[spring-web-6.2.10.jar:6.2.10]
	at org.springframework.web.servlet.mvc.method.annotation.ServletInvocableHandlerMethod.invokeAndHandle(ServletInvocableHandlerMethod.java:118) ~[spring-webmvc-6.2.10.jar:6.2.10]
	at org.springframework.web.servlet.mvc.method.annotation.RequestMappingHandlerAdapter.invokeHandlerMethod(RequestMappingHandlerAdapter.java:991) ~[spring-webmvc-6.2.10.jar:6.2.10]
	at org.springframework.web.servlet.mvc.method.annotation.RequestMappingHandlerAdapter.handleInternal(RequestMappingHandlerAdapter.java:896) ~[spring-webmvc-6.2.10.jar:6.2.10]
	at org.springframework.web.servlet.mvc.method.AbstractHandlerMethodAdapter.handle(AbstractHandlerMethodAdapter.java:87) ~[spring-webmvc-6.2.10.jar:6.2.10]
	at org.springframework.web.servlet.DispatcherServlet.doDispatch(DispatcherServlet.java:1089) ~[spring-webmvc-6.2.10.jar:6.2.10]
	at org.springframework.web.servlet.DispatcherServlet.doService(DispatcherServlet.java:979) ~[spring-webmvc-6.2.10.jar:6.2.10]
	at org.springframework.web.servlet.FrameworkServlet.processRequest(FrameworkServlet.java:1014) ~[spring-webmvc-6.2.10.jar:6.2.10]
	at org.springframework.web.servlet.FrameworkServlet.doPost(FrameworkServlet.java:914) ~[spring-webmvc-6.2.10.jar:6.2.10]
	at jakarta.servlet.http.HttpServlet.service(HttpServlet.java:590) ~[tomcat-embed-core-10.1.44.jar:6.0]
	at org.springframework.web.servlet.FrameworkServlet.service(FrameworkServlet.java:885) ~[spring-webmvc-6.2.10.jar:6.2.10]
	at org.springframework.test.web.servlet.TestDispatcherServlet.service(TestDispatcherServlet.java:72) ~[spring-test-6.2.10.jar:6.2.10]
	at jakarta.servlet.http.HttpServlet.service(HttpServlet.java:658) ~[tomcat-embed-core-10.1.44.jar:6.0]
	at org.springframework.mock.web.MockFilterChain$ServletFilterProxy.doFilter(MockFilterChain.java:165) ~[spring-test-6.2.10.jar:6.2.10]
	at org.springframework.mock.web.MockFilterChain.doFilter(MockFilterChain.java:132) ~[spring-test-6.2.10.jar:6.2.10]
	at org.springframework.web.filter.OncePerRequestFilter.doFilter(OncePerRequestFilter.java:110) ~[spring-web-6.2.10.jar:6.2.10]
	at org.springframework.test.web.servlet.setup.MockMvcFilterDecorator.doFilter(MockMvcFilterDecorator.java:162) ~[spring-test-6.2.10.jar:6.2.10]
	at org.springframework.mock.web.MockFilterChain.doFilter(MockFilterChain.java:132) ~[spring-test-6.2.10.jar:6.2.10]
	at org.springframework.web.filter.CompositeFilter$VirtualFilterChain.doFilter(CompositeFilter.java:108) ~[spring-web-6.2.10.jar:6.2.10]
	at org.springframework.web.filter.CompositeFilter$VirtualFilterChain.doFilter(CompositeFilter.java:108) ~[spring-web-6.2.10.jar:6.2.10]
	at org.springframework.security.web.FilterChainProxy.lambda$doFilterInternal$3(FilterChainProxy.java:231) ~[spring-security-web-6.5.3.jar:6.5.3]
	at org.springframework.security.web.FilterChainProxy$VirtualFilterChain.doFilter(FilterChainProxy.java:365) ~[spring-security-web-6.5.3.jar:6.5.3]
	at org.springframework.security.web.access.intercept.AuthorizationFilter.doFilter(AuthorizationFilter.java:101) ~[spring-security-web-6.5.3.jar:6.5.3]
	at org.springframework.security.web.FilterChainProxy$VirtualFilterChain.doFilter(FilterChainProxy.java:374) ~[spring-security-web-6.5.3.jar:6.5.3]
	at org.springframework.security.web.access.ExceptionTranslationFilter.doFilter(ExceptionTranslationFilter.java:125) ~[spring-security-web-6.5.3.jar:6.5.3]
	at org.springframework.security.web.access.ExceptionTranslationFilter.doFilter(ExceptionTranslationFilter.java:119) ~[spring-security-web-6.5.3.jar:6.5.3]
	at org.springframework.security.web.FilterChainProxy$VirtualFilterChain.doFilter(FilterChainProxy.java:374) ~[spring-security-web-6.5.3.jar:6.5.3]
	at org.springframework.security.web.session.SessionManagementFilter.doFilter(SessionManagementFilter.java:131) ~[spring-security-web-6.5.3.jar:6.5.3]
	at org.springframework.security.web.session.SessionManagementFilter.doFilter(SessionManagementFilter.java:85) ~[spring-security-web-6.5.3.jar:6.5.3]
	at org.springframework.security.web.FilterChainProxy$VirtualFilterChain.doFilter(FilterChainProxy.java:374) ~[spring-security-web-6.5.3.jar:6.5.3]
	at org.springframework.security.web.authentication.AnonymousAuthenticationFilter.doFilter(AnonymousAuthenticationFilter.java:100) ~[spring-security-web-6.5.3.jar:6.5.3]
	at org.springframework.security.web.FilterChainProxy$VirtualFilterChain.doFilter(FilterChainProxy.java:374) ~[spring-security-web-6.5.3.jar:6.5.3]
	at org.springframework.security.web.servletapi.SecurityContextHolderAwareRequestFilter.doFilter(SecurityContextHolderAwareRequestFilter.java:179) ~[spring-security-web-6.5.3.jar:6.5.3]
	at org.springframework.security.web.FilterChainProxy$VirtualFilterChain.doFilter(FilterChainProxy.java:374) ~[spring-security-web-6.5.3.jar:6.5.3]
	at org.springframework.security.web.savedrequest.RequestCacheAwareFilter.doFilter(RequestCacheAwareFilter.java:63) ~[spring-security-web-6.5.3.jar:6.5.3]
	at org.springframework.security.web.FilterChainProxy$VirtualFilterChain.doFilter(FilterChainProxy.java:374) ~[spring-security-web-6.5.3.jar:6.5.3]
	at medicalcenter.userservice.configuration.security.JwtAuthenticationFilter.doFilterInternal(JwtAuthenticationFilter.java:39) ~[classes/:na]
	at org.springframework.web.filter.OncePerRequestFilter.doFilter(OncePerRequestFilter.java:116) ~[spring-web-6.2.10.jar:6.2.10]
	at org.springframework.security.web.FilterChainProxy$VirtualFilterChain.doFilter(FilterChainProxy.java:374) ~[spring-security-web-6.5.3.jar:6.5.3]
	at org.springframework.security.web.authentication.logout.LogoutFilter.doFilter(LogoutFilter.java:107) ~[spring-security-web-6.5.3.jar:6.5.3]
	at org.springframework.security.web.authentication.logout.LogoutFilter.doFilter(LogoutFilter.java:93) ~[spring-security-web-6.5.3.jar:6.5.3]
	at org.springframework.security.web.FilterChainProxy$VirtualFilterChain.doFilter(FilterChainProxy.java:374) ~[spring-security-web-6.5.3.jar:6.5.3]
	at org.springframework.web.filter.CorsFilter.doFilterInternal(CorsFilter.java:91) ~[spring-web-6.2.10.jar:6.2.10]
	at org.springframework.web.filter.OncePerRequestFilter.doFilter(OncePerRequestFilter.java:116) ~[spring-web-6.2.10.jar:6.2.10]
	at org.springframework.security.web.FilterChainProxy$VirtualFilterChain.doFilter(FilterChainProxy.java:374) ~[spring-security-web-6.5.3.jar:6.5.3]
	at org.springframework.security.web.header.HeaderWriterFilter.doHeadersAfter(HeaderWriterFilter.java:90) ~[spring-security-web-6.5.3.jar:6.5.3]
	at org.springframework.security.web.header.HeaderWriterFilter.doFilterInternal(HeaderWriterFilter.java:75) ~[spring-security-web-6.5.3.jar:6.5.3]
	at org.springframework.web.filter.OncePerRequestFilter.doFilter(OncePerRequestFilter.java:116) ~[spring-web-6.2.10.jar:6.2.10]
	at org.springframework.security.web.FilterChainProxy$VirtualFilterChain.doFilter(FilterChainProxy.java:374) ~[spring-security-web-6.5.3.jar:6.5.3]
	at org.springframework.security.web.context.SecurityContextHolderFilter.doFilter(SecurityContextHolderFilter.java:82) ~[spring-security-web-6.5.3.jar:6.5.3]
	at org.springframework.security.web.context.SecurityContextHolderFilter.doFilter(SecurityContextHolderFilter.java:69) ~[spring-security-web-6.5.3.jar:6.5.3]
	at org.springframework.security.web.FilterChainProxy$VirtualFilterChain.doFilter(FilterChainProxy.java:374) ~[spring-security-web-6.5.3.jar:6.5.3]
	at org.springframework.security.web.context.request.async.WebAsyncManagerIntegrationFilter.doFilterInternal(WebAsyncManagerIntegrationFilter.java:62) ~[spring-security-web-6.5.3.jar:6.5.3]
	at org.springframework.web.filter.OncePerRequestFilter.doFilter(OncePerRequestFilter.java:116) ~[spring-web-6.2.10.jar:6.2.10]
	at org.springframework.security.web.FilterChainProxy$VirtualFilterChain.doFilter(FilterChainProxy.java:374) ~[spring-security-web-6.5.3.jar:6.5.3]
	at org.springframework.security.web.session.DisableEncodeUrlFilter.doFilterInternal(DisableEncodeUrlFilter.java:42) ~[spring-security-web-6.5.3.jar:6.5.3]
	at org.springframework.web.filter.OncePerRequestFilter.doFilter(OncePerRequestFilter.java:116) ~[spring-web-6.2.10.jar:6.2.10]
	at org.springframework.security.web.FilterChainProxy$VirtualFilterChain.doFilter(FilterChainProxy.java:374) ~[spring-security-web-6.5.3.jar:6.5.3]
	at org.springframework.security.web.FilterChainProxy.doFilterInternal(FilterChainProxy.java:233) ~[spring-security-web-6.5.3.jar:6.5.3]
	at org.springframework.security.web.FilterChainProxy.doFilter(FilterChainProxy.java:191) ~[spring-security-web-6.5.3.jar:6.5.3]
	at org.springframework.web.filter.CompositeFilter$VirtualFilterChain.doFilter(CompositeFilter.java:113) ~[spring-web-6.2.10.jar:6.2.10]
	at org.springframework.web.filter.ServletRequestPathFilter.doFilter(ServletRequestPathFilter.java:52) ~[spring-web-6.2.10.jar:6.2.10]
	at org.springframework.web.filter.CompositeFilter$VirtualFilterChain.doFilter(CompositeFilter.java:113) ~[spring-web-6.2.10.jar:6.2.10]
	at org.springframework.web.filter.CompositeFilter.doFilter(CompositeFilter.java:74) ~[spring-web-6.2.10.jar:6.2.10]
	at org.springframework.security.config.annotation.web.configuration.WebSecurityConfiguration$CompositeFilterChainProxy.doFilter(WebSecurityConfiguration.java:319) ~[spring-security-config-6.5.3.jar:6.5.3]
	at org.springframework.web.filter.CompositeFilter$VirtualFilterChain.doFilter(CompositeFilter.java:113) ~[spring-web-6.2.10.jar:6.2.10]
	at org.springframework.web.servlet.handler.HandlerMappingIntrospector.lambda$createCacheFilter$4(HandlerMappingIntrospector.java:267) ~[spring-webmvc-6.2.10.jar:6.2.10]
	at org.springframework.web.filter.CompositeFilter$VirtualFilterChain.doFilter(CompositeFilter.java:113) ~[spring-web-6.2.10.jar:6.2.10]
	at org.springframework.web.filter.CompositeFilter.doFilter(CompositeFilter.java:74) ~[spring-web-6.2.10.jar:6.2.10]
	at org.springframework.security.config.annotation.web.configuration.WebMvcSecurityConfiguration$CompositeFilterChainProxy.doFilter(WebMvcSecurityConfiguration.java:240) ~[spring-security-config-6.5.3.jar:6.5.3]
	at org.springframework.web.filter.DelegatingFilterProxy.invokeDelegate(DelegatingFilterProxy.java:362) ~[spring-web-6.2.10.jar:6.2.10]
	at org.springframework.web.filter.DelegatingFilterProxy.doFilter(DelegatingFilterProxy.java:278) ~[spring-web-6.2.10.jar:6.2.10]
	at org.springframework.test.web.servlet.setup.MockMvcFilterDecorator.doFilter(MockMvcFilterDecorator.java:162) ~[spring-test-6.2.10.jar:6.2.10]
	at org.springframework.mock.web.MockFilterChain.doFilter(MockFilterChain.java:132) ~[spring-test-6.2.10.jar:6.2.10]
	at org.springframework.web.filter.RequestContextFilter.doFilterInternal(RequestContextFilter.java:100) ~[spring-web-6.2.10.jar:6.2.10]
	at org.springframework.web.filter.OncePerRequestFilter.doFilter(OncePerRequestFilter.java:116) ~[spring-web-6.2.10.jar:6.2.10]
	at org.springframework.test.web.servlet.setup.MockMvcFilterDecorator.doFilter(MockMvcFilterDecorator.java:162) ~[spring-test-6.2.10.jar:6.2.10]
	at org.springframework.mock.web.MockFilterChain.doFilter(MockFilterChain.java:132) ~[spring-test-6.2.10.jar:6.2.10]
	at org.springframework.web.filter.FormContentFilter.doFilterInternal(FormContentFilter.java:93) ~[spring-web-6.2.10.jar:6.2.10]
	at org.springframework.web.filter.OncePerRequestFilter.doFilter(OncePerRequestFilter.java:116) ~[spring-web-6.2.10.jar:6.2.10]
	at org.springframework.test.web.servlet.setup.MockMvcFilterDecorator.doFilter(MockMvcFilterDecorator.java:162) ~[spring-test-6.2.10.jar:6.2.10]
	at org.springframework.mock.web.MockFilterChain.doFilter(MockFilterChain.java:132) ~[spring-test-6.2.10.jar:6.2.10]
	at org.springframework.web.filter.CharacterEncodingFilter.doFilterInternal(CharacterEncodingFilter.java:201) ~[spring-web-6.2.10.jar:6.2.10]
	at org.springframework.web.filter.OncePerRequestFilter.doFilter(OncePerRequestFilter.java:116) ~[spring-web-6.2.10.jar:6.2.10]
	at org.springframework.test.web.servlet.setup.MockMvcFilterDecorator.doFilter(MockMvcFilterDecorator.java:162) ~[spring-test-6.2.10.jar:6.2.10]
	at org.springframework.mock.web.MockFilterChain.doFilter(MockFilterChain.java:132) ~[spring-test-6.2.10.jar:6.2.10]
	at org.springframework.test.web.servlet.MockMvc.perform(MockMvc.java:201) ~[spring-test-6.2.10.jar:6.2.10]
	at medicalcenter.userservice.controller.DoctorControllerIntegrationTest.recalculateRating_WhenDoctorNotFound_ShouldReturn404(DoctorControllerIntegrationTest.java:238) ~[test-classes/:na]
	at java.base/jdk.internal.reflect.DirectMethodHandleAccessor.invoke(DirectMethodHandleAccessor.java:103) ~[na:na]
	at java.base/java.lang.reflect.Method.invoke(Method.java:580) ~[na:na]
	at org.junit.platform.commons.util.ReflectionUtils.invokeMethod(ReflectionUtils.java:775) ~[junit-platform-commons-1.12.2.jar:1.12.2]
	at org.junit.platform.commons.support.ReflectionSupport.invokeMethod(ReflectionSupport.java:479) ~[junit-platform-commons-1.12.2.jar:1.12.2]
	at org.junit.jupiter.engine.execution.MethodInvocation.proceed(MethodInvocation.java:60) ~[junit-jupiter-engine-5.12.2.jar:5.12.2]
	at org.junit.jupiter.engine.execution.InvocationInterceptorChain$ValidatingInvocation.proceed(InvocationInterceptorChain.java:131) ~[junit-jupiter-engine-5.12.2.jar:5.12.2]
	at org.junit.jupiter.engine.extension.TimeoutExtension.intercept(TimeoutExtension.java:161) ~[junit-jupiter-engine-5.12.2.jar:5.12.2]
	at org.junit.jupiter.engine.extension.TimeoutExtension.interceptTestableMethod(TimeoutExtension.java:152) ~[junit-jupiter-engine-5.12.2.jar:5.12.2]
	at org.junit.jupiter.engine.extension.TimeoutExtension.interceptTestMethod(TimeoutExtension.java:91) ~[junit-jupiter-engine-5.12.2.jar:5.12.2]
	at org.junit.jupiter.engine.execution.InterceptingExecutableInvoker$ReflectiveInterceptorCall.lambda$ofVoidMethod$0(InterceptingExecutableInvoker.java:112) ~[junit-jupiter-engine-5.12.2.jar:5.12.2]
	at org.junit.jupiter.engine.execution.InterceptingExecutableInvoker.lambda$invoke$0(InterceptingExecutableInvoker.java:94) ~[junit-jupiter-engine-5.12.2.jar:5.12.2]
	at org.junit.jupiter.engine.execution.InvocationInterceptorChain$InterceptedInvocation.proceed(InvocationInterceptorChain.java:106) ~[junit-jupiter-engine-5.12.2.jar:5.12.2]
	at org.junit.jupiter.engine.execution.InvocationInterceptorChain.proceed(InvocationInterceptorChain.java:64) ~[junit-jupiter-engine-5.12.2.jar:5.12.2]
	at org.junit.jupiter.engine.execution.InvocationInterceptorChain.chainAndInvoke(InvocationInterceptorChain.java:45) ~[junit-jupiter-engine-5.12.2.jar:5.12.2]
	at org.junit.jupiter.engine.execution.InvocationInterceptorChain.invoke(InvocationInterceptorChain.java:37) ~[junit-jupiter-engine-5.12.2.jar:5.12.2]
	at org.junit.jupiter.engine.execution.InterceptingExecutableInvoker.invoke(InterceptingExecutableInvoker.java:93) ~[junit-jupiter-engine-5.12.2.jar:5.12.2]
	at org.junit.jupiter.engine.execution.InterceptingExecutableInvoker.invoke(InterceptingExecutableInvoker.java:87) ~[junit-jupiter-engine-5.12.2.jar:5.12.2]
	at org.junit.jupiter.engine.descriptor.TestMethodTestDescriptor.lambda$invokeTestMethod$7(TestMethodTestDescriptor.java:216) ~[junit-jupiter-engine-5.12.2.jar:5.12.2]
	at org.junit.platform.engine.support.hierarchical.ThrowableCollector.execute(ThrowableCollector.java:73) ~[junit-platform-engine-1.12.2.jar:1.12.2]
	at org.junit.jupiter.engine.descriptor.TestMethodTestDescriptor.invokeTestMethod(TestMethodTestDescriptor.java:212) ~[junit-jupiter-engine-5.12.2.jar:5.12.2]
	at org.junit.jupiter.engine.descriptor.TestMethodTestDescriptor.execute(TestMethodTestDescriptor.java:137) ~[junit-jupiter-engine-5.12.2.jar:5.12.2]
	at org.junit.jupiter.engine.descriptor.TestMethodTestDescriptor.execute(TestMethodTestDescriptor.java:69) ~[junit-jupiter-engine-5.12.2.jar:5.12.2]
	at org.junit.platform.engine.support.hierarchical.NodeTestTask.lambda$executeRecursively$6(NodeTestTask.java:156) ~[junit-platform-engine-1.12.2.jar:1.12.2]
	at org.junit.platform.engine.support.hierarchical.ThrowableCollector.execute(ThrowableCollector.java:73) ~[junit-platform-engine-1.12.2.jar:1.12.2]
	at org.junit.platform.engine.support.hierarchical.NodeTestTask.lambda$executeRecursively$8(NodeTestTask.java:146) ~[junit-platform-engine-1.12.2.jar:1.12.2]
	at org.junit.platform.engine.support.hierarchical.Node.around(Node.java:137) ~[junit-platform-engine-1.12.2.jar:1.12.2]
	at org.junit.platform.engine.support.hierarchical.NodeTestTask.lambda$executeRecursively$9(NodeTestTask.java:144) ~[junit-platform-engine-1.12.2.jar:1.12.2]
	at org.junit.platform.engine.support.hierarchical.ThrowableCollector.execute(ThrowableCollector.java:73) ~[junit-platform-engine-1.12.2.jar:1.12.2]
	at org.junit.platform.engine.support.hierarchical.NodeTestTask.executeRecursively(NodeTestTask.java:143) ~[junit-platform-engine-1.12.2.jar:1.12.2]
	at org.junit.platform.engine.support.hierarchical.NodeTestTask.execute(NodeTestTask.java:100) ~[junit-platform-engine-1.12.2.jar:1.12.2]
	at java.base/java.util.ArrayList.forEach(ArrayList.java:1597) ~[na:na]
	at org.junit.platform.engine.support.hierarchical.SameThreadHierarchicalTestExecutorService.invokeAll(SameThreadHierarchicalTestExecutorService.java:41) ~[junit-platform-engine-1.12.2.jar:1.12.2]
	at org.junit.platform.engine.support.hierarchical.NodeTestTask.lambda$executeRecursively$6(NodeTestTask.java:160) ~[junit-platform-engine-1.12.2.jar:1.12.2]
	at org.junit.platform.engine.support.hierarchical.ThrowableCollector.execute(ThrowableCollector.java:73) ~[junit-platform-engine-1.12.2.jar:1.12.2]
	at org.junit.platform.engine.support.hierarchical.NodeTestTask.lambda$executeRecursively$8(NodeTestTask.java:146) ~[junit-platform-engine-1.12.2.jar:1.12.2]
	at org.junit.platform.engine.support.hierarchical.Node.around(Node.java:137) ~[junit-platform-engine-1.12.2.jar:1.12.2]
	at org.junit.platform.engine.support.hierarchical.NodeTestTask.lambda$executeRecursively$9(NodeTestTask.java:144) ~[junit-platform-engine-1.12.2.jar:1.12.2]
	at org.junit.platform.engine.support.hierarchical.ThrowableCollector.execute(ThrowableCollector.java:73) ~[junit-platform-engine-1.12.2.jar:1.12.2]
	at org.junit.platform.engine.support.hierarchical.NodeTestTask.executeRecursively(NodeTestTask.java:143) ~[junit-platform-engine-1.12.2.jar:1.12.2]
	at org.junit.platform.engine.support.hierarchical.NodeTestTask.execute(NodeTestTask.java:100) ~[junit-platform-engine-1.12.2.jar:1.12.2]
	at java.base/java.util.ArrayList.forEach(ArrayList.java:1597) ~[na:na]
	at org.junit.platform.engine.support.hierarchical.SameThreadHierarchicalTestExecutorService.invokeAll(SameThreadHierarchicalTestExecutorService.java:41) ~[junit-platform-engine-1.12.2.jar:1.12.2]
	at org.junit.platform.engine.support.hierarchical.NodeTestTask.lambda$executeRecursively$6(NodeTestTask.java:160) ~[junit-platform-engine-1.12.2.jar:1.12.2]
	at org.junit.platform.engine.support.hierarchical.ThrowableCollector.execute(ThrowableCollector.java:73) ~[junit-platform-engine-1.12.2.jar:1.12.2]
	at org.junit.platform.engine.support.hierarchical.NodeTestTask.lambda$executeRecursively$8(NodeTestTask.java:146) ~[junit-platform-engine-1.12.2.jar:1.12.2]
	at org.junit.platform.engine.support.hierarchical.Node.around(Node.java:137) ~[junit-platform-engine-1.12.2.jar:1.12.2]
	at org.junit.platform.engine.support.hierarchical.NodeTestTask.lambda$executeRecursively$9(NodeTestTask.java:144) ~[junit-platform-engine-1.12.2.jar:1.12.2]
	at org.junit.platform.engine.support.hierarchical.ThrowableCollector.execute(ThrowableCollector.java:73) ~[junit-platform-engine-1.12.2.jar:1.12.2]
	at org.junit.platform.engine.support.hierarchical.NodeTestTask.executeRecursively(NodeTestTask.java:143) ~[junit-platform-engine-1.12.2.jar:1.12.2]
	at org.junit.platform.engine.support.hierarchical.NodeTestTask.execute(NodeTestTask.java:100) ~[junit-platform-engine-1.12.2.jar:1.12.2]
	at org.junit.platform.engine.support.hierarchical.SameThreadHierarchicalTestExecutorService.submit(SameThreadHierarchicalTestExecutorService.java:35) ~[junit-platform-engine-1.12.2.jar:1.12.2]
	at org.junit.platform.engine.support.hierarchical.HierarchicalTestExecutor.execute(HierarchicalTestExecutor.java:57) ~[junit-platform-engine-1.12.2.jar:1.12.2]
	at org.junit.platform.engine.support.hierarchical.HierarchicalTestEngine.execute(HierarchicalTestEngine.java:54) ~[junit-platform-engine-1.12.2.jar:1.12.2]
	at org.junit.platform.launcher.core.EngineExecutionOrchestrator.execute(EngineExecutionOrchestrator.java:201) ~[junit-platform-launcher-1.12.2.jar:1.12.2]
	at org.junit.platform.launcher.core.EngineExecutionOrchestrator.execute(EngineExecutionOrchestrator.java:170) ~[junit-platform-launcher-1.12.2.jar:1.12.2]
	at org.junit.platform.launcher.core.EngineExecutionOrchestrator.execute(EngineExecutionOrchestrator.java:94) ~[junit-platform-launcher-1.12.2.jar:1.12.2]
	at org.junit.platform.launcher.core.EngineExecutionOrchestrator.lambda$execute$0(EngineExecutionOrchestrator.java:59) ~[junit-platform-launcher-1.12.2.jar:1.12.2]
	at org.junit.platform.launcher.core.EngineExecutionOrchestrator.withInterceptedStreams(EngineExecutionOrchestrator.java:142) ~[junit-platform-launcher-1.12.2.jar:1.12.2]
	at org.junit.platform.launcher.core.EngineExecutionOrchestrator.execute(EngineExecutionOrchestrator.java:58) ~[junit-platform-launcher-1.12.2.jar:1.12.2]
	at org.junit.platform.launcher.core.DefaultLauncher.execute(DefaultLauncher.java:103) ~[junit-platform-launcher-1.12.2.jar:1.12.2]
	at org.junit.platform.launcher.core.DefaultLauncher.execute(DefaultLauncher.java:85) ~[junit-platform-launcher-1.12.2.jar:1.12.2]
	at org.junit.platform.launcher.core.DelegatingLauncher.execute(DelegatingLauncher.java:47) ~[junit-platform-launcher-1.12.2.jar:1.12.2]
	at org.junit.platform.launcher.core.InterceptingLauncher.lambda$execute$1(InterceptingLauncher.java:39) ~[junit-platform-launcher-1.12.2.jar:1.12.2]
	at org.junit.platform.launcher.core.ClasspathAlignmentCheckingLauncherInterceptor.intercept(ClasspathAlignmentCheckingLauncherInterceptor.java:25) ~[junit-platform-launcher-1.12.2.jar:1.12.2]
	at org.junit.platform.launcher.core.InterceptingLauncher.execute(InterceptingLauncher.java:38) ~[junit-platform-launcher-1.12.2.jar:1.12.2]
	at org.junit.platform.launcher.core.DelegatingLauncher.execute(DelegatingLauncher.java:47) ~[junit-platform-launcher-1.12.2.jar:1.12.2]
	at org.junit.platform.launcher.core.SessionPerRequestLauncher.execute(SessionPerRequestLauncher.java:63) ~[junit-platform-launcher-1.12.2.jar:1.12.2]
	at com.intellij.junit5.JUnit5IdeaTestRunner.startRunnerWithArgs(JUnit5IdeaTestRunner.java:66) ~[junit5-rt.jar:na]
	at com.intellij.rt.junit.IdeaTestRunner$Repeater$1.execute(IdeaTestRunner.java:38) ~[junit-rt.jar:na]
	at com.intellij.rt.execution.junit.TestsRepeater.repeat(TestsRepeater.java:11) ~[idea_rt.jar:na]
	at com.intellij.rt.junit.IdeaTestRunner$Repeater.startRunnerWithArgs(IdeaTestRunner.java:35) ~[junit-rt.jar:na]
	at com.intellij.rt.junit.JUnitStarter.prepareStreamsAndStart(JUnitStarter.java:237) ~[junit-rt.jar:na]
	at com.intellij.rt.junit.JUnitStarter.main(JUnitStarter.java:58) ~[junit-rt.jar:na]

2025-12-10T00:53:38.862+03:00  INFO 18352 --- [medical-center-userservice] [main] t.c.s.AnnotationConfigContextLoaderUtils : Could not detect default configuration classes for test class [medicalcenter.userservice.controller.DoctorReviewsControllerIntegrationTest]: DoctorReviewsControllerIntegrationTest does not declare any static, non-private, non-final, nested classes annotated with @Configuration.
2025-12-10T00:53:38.869+03:00  INFO 18352 --- [medical-center-userservice] [main] .b.t.c.SpringBootTestContextBootstrapper : Found @SpringBootConfiguration medicalcenter.userservice.UserServiceApplication for test class medicalcenter.userservice.controller.DoctorReviewsControllerIntegrationTest
2025-12-10T00:53:38.872+03:00  INFO 18352 --- [medical-center-userservice] [main] tc.postgres:16-alpine                    : Creating container for image: postgres:16-alpine
2025-12-10T00:53:38.982+03:00  INFO 18352 --- [medical-center-userservice] [main] tc.postgres:16-alpine                    : Container postgres:16-alpine is starting: 80d7d165648b0c8e4150ba49e4a10d5fb42792cb0f4ed06727bcdf59d7dc7d30
2025-12-10T00:53:41.530+03:00  INFO 18352 --- [medical-center-userservice] [main] tc.postgres:16-alpine                    : Container postgres:16-alpine started in PT2.6583272S
2025-12-10T00:53:41.530+03:00  INFO 18352 --- [medical-center-userservice] [main] tc.postgres:16-alpine                    : Container is started (JDBC URL: jdbc:postgresql://localhost:65428/testdb?loggerLevel=OFF)
2025-12-10T00:53:41.554+03:00  INFO 18352 --- [medical-center-userservice] [main] c.DoctorReviewsControllerIntegrationTest : Starting DoctorReviewsControllerIntegrationTest using Java 22.0.2 with PID 18352 (started by voitu in C:\studying\pt_backend\UserService)
2025-12-10T00:53:41.554+03:00 DEBUG 18352 --- [medical-center-userservice] [main] c.DoctorReviewsControllerIntegrationTest : Running with Spring Boot v3.5.5, Spring v6.2.10
2025-12-10T00:53:41.554+03:00  INFO 18352 --- [medical-center-userservice] [main] c.DoctorReviewsControllerIntegrationTest : The following 1 profile is active: "dev"
2025-12-10T00:53:41.720+03:00  INFO 18352 --- [medical-center-userservice] [main] .s.d.r.c.RepositoryConfigurationDelegate : Bootstrapping Spring Data JPA repositories in DEFAULT mode.
2025-12-10T00:53:41.747+03:00  INFO 18352 --- [medical-center-userservice] [main] .s.d.r.c.RepositoryConfigurationDelegate : Finished Spring Data repository scanning in 25 ms. Found 12 JPA repository interfaces.
2025-12-10T00:53:41.808+03:00  INFO 18352 --- [medical-center-userservice] [main] o.hibernate.jpa.internal.util.LogHelper  : HHH000204: Processing PersistenceUnitInfo [name: default]
2025-12-10T00:53:41.810+03:00  INFO 18352 --- [medical-center-userservice] [main] o.h.c.internal.RegionFactoryInitiator    : HHH000026: Second-level cache disabled
2025-12-10T00:53:41.816+03:00  INFO 18352 --- [medical-center-userservice] [main] o.s.o.j.p.SpringPersistenceUnitInfo      : No LoadTimeWeaver setup: ignoring JPA class transformer
2025-12-10T00:53:41.818+03:00  INFO 18352 --- [medical-center-userservice] [main] com.zaxxer.hikari.HikariDataSource       : HikariPool-5 - Starting...
2025-12-10T00:53:41.842+03:00  INFO 18352 --- [medical-center-userservice] [main] com.zaxxer.hikari.pool.HikariPool        : HikariPool-5 - Added connection org.postgresql.jdbc.PgConnection@506f21c9
2025-12-10T00:53:41.843+03:00  INFO 18352 --- [medical-center-userservice] [main] com.zaxxer.hikari.HikariDataSource       : HikariPool-5 - Start completed.
2025-12-10T00:53:41.848+03:00  WARN 18352 --- [medical-center-userservice] [main] org.hibernate.orm.deprecation            : HHH90000025: PostgreSQLDialect does not need to be specified explicitly using 'hibernate.dialect' (remove the property setting and it will be selected by default)
2025-12-10T00:53:41.851+03:00  INFO 18352 --- [medical-center-userservice] [main] org.hibernate.orm.connections.pooling    : HHH10001005: Database info:
	Database JDBC URL [Connecting through datasource 'HikariDataSource (HikariPool-5)']
	Database driver: undefined/unknown
	Database version: 16.11
	Autocommit mode: undefined/unknown
	Isolation level: undefined/unknown
	Minimum pool size: undefined/unknown
	Maximum pool size: undefined/unknown
2025-12-10T00:53:41.914+03:00  INFO 18352 --- [medical-center-userservice] [main] o.h.e.t.j.p.i.JtaPlatformInitiator       : HHH000489: No JTA platform available (set 'hibernate.transaction.jta.platform' to enable JTA platform integration)
2025-12-10T00:53:42.013+03:00  INFO 18352 --- [medical-center-userservice] [main] j.LocalContainerEntityManagerFactoryBean : Initialized JPA EntityManagerFactory for persistence unit 'default'
2025-12-10T00:53:42.208+03:00  WARN 18352 --- [medical-center-userservice] [main] JpaBaseConfiguration$JpaWebConfiguration : spring.jpa.open-in-view is enabled by default. Therefore, database queries may be performed during view rendering. Explicitly configure spring.jpa.open-in-view to disable this warning
2025-12-10T00:53:42.260+03:00  WARN 18352 --- [medical-center-userservice] [main] .s.s.UserDetailsServiceAutoConfiguration : 

Using generated security password: 0bd10d6c-6890-44ae-b429-5bf86958a352

This generated password is for development use only. Your security configuration must be updated before running your application in production.

2025-12-10T00:53:42.261+03:00  INFO 18352 --- [medical-center-userservice] [main] r$InitializeUserDetailsManagerConfigurer : Global AuthenticationManager configured with UserDetailsService bean with name inMemoryUserDetailsManager
2025-12-10T00:53:42.338+03:00 DEBUG 18352 --- [medical-center-userservice] [main] m.u.c.security.JwtAuthenticationFilter   : Filter 'jwtAuthenticationFilter' configured for use
2025-12-10T00:53:42.338+03:00  INFO 18352 --- [medical-center-userservice] [main] o.s.b.t.m.w.SpringBootMockServletContext : Initializing Spring TestDispatcherServlet ''
2025-12-10T00:53:42.338+03:00  INFO 18352 --- [medical-center-userservice] [main] o.s.t.web.servlet.TestDispatcherServlet  : Initializing Servlet ''
2025-12-10T00:53:42.339+03:00  INFO 18352 --- [medical-center-userservice] [main] o.s.t.web.servlet.TestDispatcherServlet  : Completed initialization in 1 ms
2025-12-10T00:53:42.344+03:00  INFO 18352 --- [medical-center-userservice] [main] o.s.m.s.b.SimpleBrokerMessageHandler     : Starting...
2025-12-10T00:53:42.345+03:00  INFO 18352 --- [medical-center-userservice] [main] o.s.m.s.b.SimpleBrokerMessageHandler     : BrokerAvailabilityEvent[available=true, SimpleBrokerMessageHandler [org.springframework.messaging.simp.broker.DefaultSubscriptionRegistry@65ef520a]]
2025-12-10T00:53:42.345+03:00  INFO 18352 --- [medical-center-userservice] [main] o.s.m.s.b.SimpleBrokerMessageHandler     : Started.
2025-12-10T00:53:42.346+03:00  INFO 18352 --- [medical-center-userservice] [main] c.DoctorReviewsControllerIntegrationTest : Started DoctorReviewsControllerIntegrationTest in 0.814 seconds (process running for 45.354)
2025-12-10T00:53:42.474+03:00 ERROR 18352 --- [medical-center-userservice] [main] m.u.exception.GlobalExceptionHandler     : Internal server error: Validation failed for argument [0] in public org.springframework.http.ResponseEntity<medicalcenter.userservice.model.dto.doctorreview.DoctorReviewReadDto> medicalcenter.userservice.controller.DoctorReviewsController.createReview(medicalcenter.userservice.model.dto.doctorreview.DoctorReviewCreateEditDto): [Field error in object 'doctorReviewCreateEditDto' on field 'rating': rejected value [10]; codes [Max.doctorReviewCreateEditDto.rating,Max.rating,Max.java.lang.Integer,Max]; arguments [org.springframework.context.support.DefaultMessageSourceResolvable: codes [doctorReviewCreateEditDto.rating,rating]; arguments []; default message [rating],5]; default message [Rating must be at most 5]] 

org.springframework.web.bind.MethodArgumentNotValidException: Validation failed for argument [0] in public org.springframework.http.ResponseEntity<medicalcenter.userservice.model.dto.doctorreview.DoctorReviewReadDto> medicalcenter.userservice.controller.DoctorReviewsController.createReview(medicalcenter.userservice.model.dto.doctorreview.DoctorReviewCreateEditDto): [Field error in object 'doctorReviewCreateEditDto' on field 'rating': rejected value [10]; codes [Max.doctorReviewCreateEditDto.rating,Max.rating,Max.java.lang.Integer,Max]; arguments [org.springframework.context.support.DefaultMessageSourceResolvable: codes [doctorReviewCreateEditDto.rating,rating]; arguments []; default message [rating],5]; default message [Rating must be at most 5]] 
	at org.springframework.web.servlet.mvc.method.annotation.RequestResponseBodyMethodProcessor.resolveArgument(RequestResponseBodyMethodProcessor.java:159) ~[spring-webmvc-6.2.10.jar:6.2.10]
	at org.springframework.web.method.support.HandlerMethodArgumentResolverComposite.resolveArgument(HandlerMethodArgumentResolverComposite.java:122) ~[spring-web-6.2.10.jar:6.2.10]
	at org.springframework.web.method.support.InvocableHandlerMethod.getMethodArgumentValues(InvocableHandlerMethod.java:227) ~[spring-web-6.2.10.jar:6.2.10]
	at org.springframework.web.method.support.InvocableHandlerMethod.invokeForRequest(InvocableHandlerMethod.java:181) ~[spring-web-6.2.10.jar:6.2.10]
	at org.springframework.web.servlet.mvc.method.annotation.ServletInvocableHandlerMethod.invokeAndHandle(ServletInvocableHandlerMethod.java:118) ~[spring-webmvc-6.2.10.jar:6.2.10]
	at org.springframework.web.servlet.mvc.method.annotation.RequestMappingHandlerAdapter.invokeHandlerMethod(RequestMappingHandlerAdapter.java:991) ~[spring-webmvc-6.2.10.jar:6.2.10]
	at org.springframework.web.servlet.mvc.method.annotation.RequestMappingHandlerAdapter.handleInternal(RequestMappingHandlerAdapter.java:896) ~[spring-webmvc-6.2.10.jar:6.2.10]
	at org.springframework.web.servlet.mvc.method.AbstractHandlerMethodAdapter.handle(AbstractHandlerMethodAdapter.java:87) ~[spring-webmvc-6.2.10.jar:6.2.10]
	at org.springframework.web.servlet.DispatcherServlet.doDispatch(DispatcherServlet.java:1089) ~[spring-webmvc-6.2.10.jar:6.2.10]
	at org.springframework.web.servlet.DispatcherServlet.doService(DispatcherServlet.java:979) ~[spring-webmvc-6.2.10.jar:6.2.10]
	at org.springframework.web.servlet.FrameworkServlet.processRequest(FrameworkServlet.java:1014) ~[spring-webmvc-6.2.10.jar:6.2.10]
	at org.springframework.web.servlet.FrameworkServlet.doPost(FrameworkServlet.java:914) ~[spring-webmvc-6.2.10.jar:6.2.10]
	at jakarta.servlet.http.HttpServlet.service(HttpServlet.java:590) ~[tomcat-embed-core-10.1.44.jar:6.0]
	at org.springframework.web.servlet.FrameworkServlet.service(FrameworkServlet.java:885) ~[spring-webmvc-6.2.10.jar:6.2.10]
	at org.springframework.test.web.servlet.TestDispatcherServlet.service(TestDispatcherServlet.java:72) ~[spring-test-6.2.10.jar:6.2.10]
	at jakarta.servlet.http.HttpServlet.service(HttpServlet.java:658) ~[tomcat-embed-core-10.1.44.jar:6.0]
	at org.springframework.mock.web.MockFilterChain$ServletFilterProxy.doFilter(MockFilterChain.java:165) ~[spring-test-6.2.10.jar:6.2.10]
	at org.springframework.mock.web.MockFilterChain.doFilter(MockFilterChain.java:132) ~[spring-test-6.2.10.jar:6.2.10]
	at org.springframework.web.filter.OncePerRequestFilter.doFilter(OncePerRequestFilter.java:110) ~[spring-web-6.2.10.jar:6.2.10]
	at org.springframework.test.web.servlet.setup.MockMvcFilterDecorator.doFilter(MockMvcFilterDecorator.java:162) ~[spring-test-6.2.10.jar:6.2.10]
	at org.springframework.mock.web.MockFilterChain.doFilter(MockFilterChain.java:132) ~[spring-test-6.2.10.jar:6.2.10]
	at org.springframework.web.filter.CompositeFilter$VirtualFilterChain.doFilter(CompositeFilter.java:108) ~[spring-web-6.2.10.jar:6.2.10]
	at org.springframework.web.filter.CompositeFilter$VirtualFilterChain.doFilter(CompositeFilter.java:108) ~[spring-web-6.2.10.jar:6.2.10]
	at org.springframework.security.web.FilterChainProxy.lambda$doFilterInternal$3(FilterChainProxy.java:231) ~[spring-security-web-6.5.3.jar:6.5.3]
	at org.springframework.security.web.FilterChainProxy$VirtualFilterChain.doFilter(FilterChainProxy.java:365) ~[spring-security-web-6.5.3.jar:6.5.3]
	at org.springframework.security.web.access.intercept.AuthorizationFilter.doFilter(AuthorizationFilter.java:101) ~[spring-security-web-6.5.3.jar:6.5.3]
	at org.springframework.security.web.FilterChainProxy$VirtualFilterChain.doFilter(FilterChainProxy.java:374) ~[spring-security-web-6.5.3.jar:6.5.3]
	at org.springframework.security.web.access.ExceptionTranslationFilter.doFilter(ExceptionTranslationFilter.java:125) ~[spring-security-web-6.5.3.jar:6.5.3]
	at org.springframework.security.web.access.ExceptionTranslationFilter.doFilter(ExceptionTranslationFilter.java:119) ~[spring-security-web-6.5.3.jar:6.5.3]
	at org.springframework.security.web.FilterChainProxy$VirtualFilterChain.doFilter(FilterChainProxy.java:374) ~[spring-security-web-6.5.3.jar:6.5.3]
	at org.springframework.security.web.session.SessionManagementFilter.doFilter(SessionManagementFilter.java:131) ~[spring-security-web-6.5.3.jar:6.5.3]
	at org.springframework.security.web.session.SessionManagementFilter.doFilter(SessionManagementFilter.java:85) ~[spring-security-web-6.5.3.jar:6.5.3]
	at org.springframework.security.web.FilterChainProxy$VirtualFilterChain.doFilter(FilterChainProxy.java:374) ~[spring-security-web-6.5.3.jar:6.5.3]
	at org.springframework.security.web.authentication.AnonymousAuthenticationFilter.doFilter(AnonymousAuthenticationFilter.java:100) ~[spring-security-web-6.5.3.jar:6.5.3]
	at org.springframework.security.web.FilterChainProxy$VirtualFilterChain.doFilter(FilterChainProxy.java:374) ~[spring-security-web-6.5.3.jar:6.5.3]
	at org.springframework.security.web.servletapi.SecurityContextHolderAwareRequestFilter.doFilter(SecurityContextHolderAwareRequestFilter.java:179) ~[spring-security-web-6.5.3.jar:6.5.3]
	at org.springframework.security.web.FilterChainProxy$VirtualFilterChain.doFilter(FilterChainProxy.java:374) ~[spring-security-web-6.5.3.jar:6.5.3]
	at org.springframework.security.web.savedrequest.RequestCacheAwareFilter.doFilter(RequestCacheAwareFilter.java:63) ~[spring-security-web-6.5.3.jar:6.5.3]
	at org.springframework.security.web.FilterChainProxy$VirtualFilterChain.doFilter(FilterChainProxy.java:374) ~[spring-security-web-6.5.3.jar:6.5.3]
	at medicalcenter.userservice.configuration.security.JwtAuthenticationFilter.doFilterInternal(JwtAuthenticationFilter.java:39) ~[classes/:na]
	at org.springframework.web.filter.OncePerRequestFilter.doFilter(OncePerRequestFilter.java:116) ~[spring-web-6.2.10.jar:6.2.10]
	at org.springframework.security.web.FilterChainProxy$VirtualFilterChain.doFilter(FilterChainProxy.java:374) ~[spring-security-web-6.5.3.jar:6.5.3]
	at org.springframework.security.web.authentication.logout.LogoutFilter.doFilter(LogoutFilter.java:107) ~[spring-security-web-6.5.3.jar:6.5.3]
	at org.springframework.security.web.authentication.logout.LogoutFilter.doFilter(LogoutFilter.java:93) ~[spring-security-web-6.5.3.jar:6.5.3]
	at org.springframework.security.web.FilterChainProxy$VirtualFilterChain.doFilter(FilterChainProxy.java:374) ~[spring-security-web-6.5.3.jar:6.5.3]
	at org.springframework.web.filter.CorsFilter.doFilterInternal(CorsFilter.java:91) ~[spring-web-6.2.10.jar:6.2.10]
	at org.springframework.web.filter.OncePerRequestFilter.doFilter(OncePerRequestFilter.java:116) ~[spring-web-6.2.10.jar:6.2.10]
	at org.springframework.security.web.FilterChainProxy$VirtualFilterChain.doFilter(FilterChainProxy.java:374) ~[spring-security-web-6.5.3.jar:6.5.3]
	at org.springframework.security.web.header.HeaderWriterFilter.doHeadersAfter(HeaderWriterFilter.java:90) ~[spring-security-web-6.5.3.jar:6.5.3]
	at org.springframework.security.web.header.HeaderWriterFilter.doFilterInternal(HeaderWriterFilter.java:75) ~[spring-security-web-6.5.3.jar:6.5.3]
	at org.springframework.web.filter.OncePerRequestFilter.doFilter(OncePerRequestFilter.java:116) ~[spring-web-6.2.10.jar:6.2.10]
	at org.springframework.security.web.FilterChainProxy$VirtualFilterChain.doFilter(FilterChainProxy.java:374) ~[spring-security-web-6.5.3.jar:6.5.3]
	at org.springframework.security.web.context.SecurityContextHolderFilter.doFilter(SecurityContextHolderFilter.java:82) ~[spring-security-web-6.5.3.jar:6.5.3]
	at org.springframework.security.web.context.SecurityContextHolderFilter.doFilter(SecurityContextHolderFilter.java:69) ~[spring-security-web-6.5.3.jar:6.5.3]
	at org.springframework.security.web.FilterChainProxy$VirtualFilterChain.doFilter(FilterChainProxy.java:374) ~[spring-security-web-6.5.3.jar:6.5.3]
	at org.springframework.security.web.context.request.async.WebAsyncManagerIntegrationFilter.doFilterInternal(WebAsyncManagerIntegrationFilter.java:62) ~[spring-security-web-6.5.3.jar:6.5.3]
	at org.springframework.web.filter.OncePerRequestFilter.doFilter(OncePerRequestFilter.java:116) ~[spring-web-6.2.10.jar:6.2.10]
	at org.springframework.security.web.FilterChainProxy$VirtualFilterChain.doFilter(FilterChainProxy.java:374) ~[spring-security-web-6.5.3.jar:6.5.3]
	at org.springframework.security.web.session.DisableEncodeUrlFilter.doFilterInternal(DisableEncodeUrlFilter.java:42) ~[spring-security-web-6.5.3.jar:6.5.3]
	at org.springframework.web.filter.OncePerRequestFilter.doFilter(OncePerRequestFilter.java:116) ~[spring-web-6.2.10.jar:6.2.10]
	at org.springframework.security.web.FilterChainProxy$VirtualFilterChain.doFilter(FilterChainProxy.java:374) ~[spring-security-web-6.5.3.jar:6.5.3]
	at org.springframework.security.web.FilterChainProxy.doFilterInternal(FilterChainProxy.java:233) ~[spring-security-web-6.5.3.jar:6.5.3]
	at org.springframework.security.web.FilterChainProxy.doFilter(FilterChainProxy.java:191) ~[spring-security-web-6.5.3.jar:6.5.3]
	at org.springframework.web.filter.CompositeFilter$VirtualFilterChain.doFilter(CompositeFilter.java:113) ~[spring-web-6.2.10.jar:6.2.10]
	at org.springframework.web.filter.ServletRequestPathFilter.doFilter(ServletRequestPathFilter.java:52) ~[spring-web-6.2.10.jar:6.2.10]
	at org.springframework.web.filter.CompositeFilter$VirtualFilterChain.doFilter(CompositeFilter.java:113) ~[spring-web-6.2.10.jar:6.2.10]
	at org.springframework.web.filter.CompositeFilter.doFilter(CompositeFilter.java:74) ~[spring-web-6.2.10.jar:6.2.10]
	at org.springframework.security.config.annotation.web.configuration.WebSecurityConfiguration$CompositeFilterChainProxy.doFilter(WebSecurityConfiguration.java:319) ~[spring-security-config-6.5.3.jar:6.5.3]
	at org.springframework.web.filter.CompositeFilter$VirtualFilterChain.doFilter(CompositeFilter.java:113) ~[spring-web-6.2.10.jar:6.2.10]
	at org.springframework.web.servlet.handler.HandlerMappingIntrospector.lambda$createCacheFilter$4(HandlerMappingIntrospector.java:267) ~[spring-webmvc-6.2.10.jar:6.2.10]
	at org.springframework.web.filter.CompositeFilter$VirtualFilterChain.doFilter(CompositeFilter.java:113) ~[spring-web-6.2.10.jar:6.2.10]
	at org.springframework.web.filter.CompositeFilter.doFilter(CompositeFilter.java:74) ~[spring-web-6.2.10.jar:6.2.10]
	at org.springframework.security.config.annotation.web.configuration.WebMvcSecurityConfiguration$CompositeFilterChainProxy.doFilter(WebMvcSecurityConfiguration.java:240) ~[spring-security-config-6.5.3.jar:6.5.3]
	at org.springframework.web.filter.DelegatingFilterProxy.invokeDelegate(DelegatingFilterProxy.java:362) ~[spring-web-6.2.10.jar:6.2.10]
	at org.springframework.web.filter.DelegatingFilterProxy.doFilter(DelegatingFilterProxy.java:278) ~[spring-web-6.2.10.jar:6.2.10]
	at org.springframework.test.web.servlet.setup.MockMvcFilterDecorator.doFilter(MockMvcFilterDecorator.java:162) ~[spring-test-6.2.10.jar:6.2.10]
	at org.springframework.mock.web.MockFilterChain.doFilter(MockFilterChain.java:132) ~[spring-test-6.2.10.jar:6.2.10]
	at org.springframework.web.filter.RequestContextFilter.doFilterInternal(RequestContextFilter.java:100) ~[spring-web-6.2.10.jar:6.2.10]
	at org.springframework.web.filter.OncePerRequestFilter.doFilter(OncePerRequestFilter.java:116) ~[spring-web-6.2.10.jar:6.2.10]
	at org.springframework.test.web.servlet.setup.MockMvcFilterDecorator.doFilter(MockMvcFilterDecorator.java:162) ~[spring-test-6.2.10.jar:6.2.10]
	at org.springframework.mock.web.MockFilterChain.doFilter(MockFilterChain.java:132) ~[spring-test-6.2.10.jar:6.2.10]
	at org.springframework.web.filter.FormContentFilter.doFilterInternal(FormContentFilter.java:93) ~[spring-web-6.2.10.jar:6.2.10]
	at org.springframework.web.filter.OncePerRequestFilter.doFilter(OncePerRequestFilter.java:116) ~[spring-web-6.2.10.jar:6.2.10]
	at org.springframework.test.web.servlet.setup.MockMvcFilterDecorator.doFilter(MockMvcFilterDecorator.java:162) ~[spring-test-6.2.10.jar:6.2.10]
	at org.springframework.mock.web.MockFilterChain.doFilter(MockFilterChain.java:132) ~[spring-test-6.2.10.jar:6.2.10]
	at org.springframework.web.filter.CharacterEncodingFilter.doFilterInternal(CharacterEncodingFilter.java:201) ~[spring-web-6.2.10.jar:6.2.10]
	at org.springframework.web.filter.OncePerRequestFilter.doFilter(OncePerRequestFilter.java:116) ~[spring-web-6.2.10.jar:6.2.10]
	at org.springframework.test.web.servlet.setup.MockMvcFilterDecorator.doFilter(MockMvcFilterDecorator.java:162) ~[spring-test-6.2.10.jar:6.2.10]
	at org.springframework.mock.web.MockFilterChain.doFilter(MockFilterChain.java:132) ~[spring-test-6.2.10.jar:6.2.10]
	at org.springframework.test.web.servlet.MockMvc.perform(MockMvc.java:201) ~[spring-test-6.2.10.jar:6.2.10]
	at medicalcenter.userservice.controller.DoctorReviewsControllerIntegrationTest.createReview_WhenInvalidData_ShouldReturn400(DoctorReviewsControllerIntegrationTest.java:199) ~[test-classes/:na]
	at java.base/jdk.internal.reflect.DirectMethodHandleAccessor.invoke(DirectMethodHandleAccessor.java:103) ~[na:na]
	at java.base/java.lang.reflect.Method.invoke(Method.java:580) ~[na:na]
	at org.junit.platform.commons.util.ReflectionUtils.invokeMethod(ReflectionUtils.java:775) ~[junit-platform-commons-1.12.2.jar:1.12.2]
	at org.junit.platform.commons.support.ReflectionSupport.invokeMethod(ReflectionSupport.java:479) ~[junit-platform-commons-1.12.2.jar:1.12.2]
	at org.junit.jupiter.engine.execution.MethodInvocation.proceed(MethodInvocation.java:60) ~[junit-jupiter-engine-5.12.2.jar:5.12.2]
	at org.junit.jupiter.engine.execution.InvocationInterceptorChain$ValidatingInvocation.proceed(InvocationInterceptorChain.java:131) ~[junit-jupiter-engine-5.12.2.jar:5.12.2]
	at org.junit.jupiter.engine.extension.TimeoutExtension.intercept(TimeoutExtension.java:161) ~[junit-jupiter-engine-5.12.2.jar:5.12.2]
	at org.junit.jupiter.engine.extension.TimeoutExtension.interceptTestableMethod(TimeoutExtension.java:152) ~[junit-jupiter-engine-5.12.2.jar:5.12.2]
	at org.junit.jupiter.engine.extension.TimeoutExtension.interceptTestMethod(TimeoutExtension.java:91) ~[junit-jupiter-engine-5.12.2.jar:5.12.2]
	at org.junit.jupiter.engine.execution.InterceptingExecutableInvoker$ReflectiveInterceptorCall.lambda$ofVoidMethod$0(InterceptingExecutableInvoker.java:112) ~[junit-jupiter-engine-5.12.2.jar:5.12.2]
	at org.junit.jupiter.engine.execution.InterceptingExecutableInvoker.lambda$invoke$0(InterceptingExecutableInvoker.java:94) ~[junit-jupiter-engine-5.12.2.jar:5.12.2]
	at org.junit.jupiter.engine.execution.InvocationInterceptorChain$InterceptedInvocation.proceed(InvocationInterceptorChain.java:106) ~[junit-jupiter-engine-5.12.2.jar:5.12.2]
	at org.junit.jupiter.engine.execution.InvocationInterceptorChain.proceed(InvocationInterceptorChain.java:64) ~[junit-jupiter-engine-5.12.2.jar:5.12.2]
	at org.junit.jupiter.engine.execution.InvocationInterceptorChain.chainAndInvoke(InvocationInterceptorChain.java:45) ~[junit-jupiter-engine-5.12.2.jar:5.12.2]
	at org.junit.jupiter.engine.execution.InvocationInterceptorChain.invoke(InvocationInterceptorChain.java:37) ~[junit-jupiter-engine-5.12.2.jar:5.12.2]
	at org.junit.jupiter.engine.execution.InterceptingExecutableInvoker.invoke(InterceptingExecutableInvoker.java:93) ~[junit-jupiter-engine-5.12.2.jar:5.12.2]
	at org.junit.jupiter.engine.execution.InterceptingExecutableInvoker.invoke(InterceptingExecutableInvoker.java:87) ~[junit-jupiter-engine-5.12.2.jar:5.12.2]
	at org.junit.jupiter.engine.descriptor.TestMethodTestDescriptor.lambda$invokeTestMethod$7(TestMethodTestDescriptor.java:216) ~[junit-jupiter-engine-5.12.2.jar:5.12.2]
	at org.junit.platform.engine.support.hierarchical.ThrowableCollector.execute(ThrowableCollector.java:73) ~[junit-platform-engine-1.12.2.jar:1.12.2]
	at org.junit.jupiter.engine.descriptor.TestMethodTestDescriptor.invokeTestMethod(TestMethodTestDescriptor.java:212) ~[junit-jupiter-engine-5.12.2.jar:5.12.2]
	at org.junit.jupiter.engine.descriptor.TestMethodTestDescriptor.execute(TestMethodTestDescriptor.java:137) ~[junit-jupiter-engine-5.12.2.jar:5.12.2]
	at org.junit.jupiter.engine.descriptor.TestMethodTestDescriptor.execute(TestMethodTestDescriptor.java:69) ~[junit-jupiter-engine-5.12.2.jar:5.12.2]
	at org.junit.platform.engine.support.hierarchical.NodeTestTask.lambda$executeRecursively$6(NodeTestTask.java:156) ~[junit-platform-engine-1.12.2.jar:1.12.2]
	at org.junit.platform.engine.support.hierarchical.ThrowableCollector.execute(ThrowableCollector.java:73) ~[junit-platform-engine-1.12.2.jar:1.12.2]
	at org.junit.platform.engine.support.hierarchical.NodeTestTask.lambda$executeRecursively$8(NodeTestTask.java:146) ~[junit-platform-engine-1.12.2.jar:1.12.2]
	at org.junit.platform.engine.support.hierarchical.Node.around(Node.java:137) ~[junit-platform-engine-1.12.2.jar:1.12.2]
	at org.junit.platform.engine.support.hierarchical.NodeTestTask.lambda$executeRecursively$9(NodeTestTask.java:144) ~[junit-platform-engine-1.12.2.jar:1.12.2]
	at org.junit.platform.engine.support.hierarchical.ThrowableCollector.execute(ThrowableCollector.java:73) ~[junit-platform-engine-1.12.2.jar:1.12.2]
	at org.junit.platform.engine.support.hierarchical.NodeTestTask.executeRecursively(NodeTestTask.java:143) ~[junit-platform-engine-1.12.2.jar:1.12.2]
	at org.junit.platform.engine.support.hierarchical.NodeTestTask.execute(NodeTestTask.java:100) ~[junit-platform-engine-1.12.2.jar:1.12.2]
	at java.base/java.util.ArrayList.forEach(ArrayList.java:1597) ~[na:na]
	at org.junit.platform.engine.support.hierarchical.SameThreadHierarchicalTestExecutorService.invokeAll(SameThreadHierarchicalTestExecutorService.java:41) ~[junit-platform-engine-1.12.2.jar:1.12.2]
	at org.junit.platform.engine.support.hierarchical.NodeTestTask.lambda$executeRecursively$6(NodeTestTask.java:160) ~[junit-platform-engine-1.12.2.jar:1.12.2]
	at org.junit.platform.engine.support.hierarchical.ThrowableCollector.execute(ThrowableCollector.java:73) ~[junit-platform-engine-1.12.2.jar:1.12.2]
	at org.junit.platform.engine.support.hierarchical.NodeTestTask.lambda$executeRecursively$8(NodeTestTask.java:146) ~[junit-platform-engine-1.12.2.jar:1.12.2]
	at org.junit.platform.engine.support.hierarchical.Node.around(Node.java:137) ~[junit-platform-engine-1.12.2.jar:1.12.2]
	at org.junit.platform.engine.support.hierarchical.NodeTestTask.lambda$executeRecursively$9(NodeTestTask.java:144) ~[junit-platform-engine-1.12.2.jar:1.12.2]
	at org.junit.platform.engine.support.hierarchical.ThrowableCollector.execute(ThrowableCollector.java:73) ~[junit-platform-engine-1.12.2.jar:1.12.2]
	at org.junit.platform.engine.support.hierarchical.NodeTestTask.executeRecursively(NodeTestTask.java:143) ~[junit-platform-engine-1.12.2.jar:1.12.2]
	at org.junit.platform.engine.support.hierarchical.NodeTestTask.execute(NodeTestTask.java:100) ~[junit-platform-engine-1.12.2.jar:1.12.2]
	at java.base/java.util.ArrayList.forEach(ArrayList.java:1597) ~[na:na]
	at org.junit.platform.engine.support.hierarchical.SameThreadHierarchicalTestExecutorService.invokeAll(SameThreadHierarchicalTestExecutorService.java:41) ~[junit-platform-engine-1.12.2.jar:1.12.2]
	at org.junit.platform.engine.support.hierarchical.NodeTestTask.lambda$executeRecursively$6(NodeTestTask.java:160) ~[junit-platform-engine-1.12.2.jar:1.12.2]
	at org.junit.platform.engine.support.hierarchical.ThrowableCollector.execute(ThrowableCollector.java:73) ~[junit-platform-engine-1.12.2.jar:1.12.2]
	at org.junit.platform.engine.support.hierarchical.NodeTestTask.lambda$executeRecursively$8(NodeTestTask.java:146) ~[junit-platform-engine-1.12.2.jar:1.12.2]
	at org.junit.platform.engine.support.hierarchical.Node.around(Node.java:137) ~[junit-platform-engine-1.12.2.jar:1.12.2]
	at org.junit.platform.engine.support.hierarchical.NodeTestTask.lambda$executeRecursively$9(NodeTestTask.java:144) ~[junit-platform-engine-1.12.2.jar:1.12.2]
	at org.junit.platform.engine.support.hierarchical.ThrowableCollector.execute(ThrowableCollector.java:73) ~[junit-platform-engine-1.12.2.jar:1.12.2]
	at org.junit.platform.engine.support.hierarchical.NodeTestTask.executeRecursively(NodeTestTask.java:143) ~[junit-platform-engine-1.12.2.jar:1.12.2]
	at org.junit.platform.engine.support.hierarchical.NodeTestTask.execute(NodeTestTask.java:100) ~[junit-platform-engine-1.12.2.jar:1.12.2]
	at org.junit.platform.engine.support.hierarchical.SameThreadHierarchicalTestExecutorService.submit(SameThreadHierarchicalTestExecutorService.java:35) ~[junit-platform-engine-1.12.2.jar:1.12.2]
	at org.junit.platform.engine.support.hierarchical.HierarchicalTestExecutor.execute(HierarchicalTestExecutor.java:57) ~[junit-platform-engine-1.12.2.jar:1.12.2]
	at org.junit.platform.engine.support.hierarchical.HierarchicalTestEngine.execute(HierarchicalTestEngine.java:54) ~[junit-platform-engine-1.12.2.jar:1.12.2]
	at org.junit.platform.launcher.core.EngineExecutionOrchestrator.execute(EngineExecutionOrchestrator.java:201) ~[junit-platform-launcher-1.12.2.jar:1.12.2]
	at org.junit.platform.launcher.core.EngineExecutionOrchestrator.execute(EngineExecutionOrchestrator.java:170) ~[junit-platform-launcher-1.12.2.jar:1.12.2]
	at org.junit.platform.launcher.core.EngineExecutionOrchestrator.execute(EngineExecutionOrchestrator.java:94) ~[junit-platform-launcher-1.12.2.jar:1.12.2]
	at org.junit.platform.launcher.core.EngineExecutionOrchestrator.lambda$execute$0(EngineExecutionOrchestrator.java:59) ~[junit-platform-launcher-1.12.2.jar:1.12.2]
	at org.junit.platform.launcher.core.EngineExecutionOrchestrator.withInterceptedStreams(EngineExecutionOrchestrator.java:142) ~[junit-platform-launcher-1.12.2.jar:1.12.2]
	at org.junit.platform.launcher.core.EngineExecutionOrchestrator.execute(EngineExecutionOrchestrator.java:58) ~[junit-platform-launcher-1.12.2.jar:1.12.2]
	at org.junit.platform.launcher.core.DefaultLauncher.execute(DefaultLauncher.java:103) ~[junit-platform-launcher-1.12.2.jar:1.12.2]
	at org.junit.platform.launcher.core.DefaultLauncher.execute(DefaultLauncher.java:85) ~[junit-platform-launcher-1.12.2.jar:1.12.2]
	at org.junit.platform.launcher.core.DelegatingLauncher.execute(DelegatingLauncher.java:47) ~[junit-platform-launcher-1.12.2.jar:1.12.2]
	at org.junit.platform.launcher.core.InterceptingLauncher.lambda$execute$1(InterceptingLauncher.java:39) ~[junit-platform-launcher-1.12.2.jar:1.12.2]
	at org.junit.platform.launcher.core.ClasspathAlignmentCheckingLauncherInterceptor.intercept(ClasspathAlignmentCheckingLauncherInterceptor.java:25) ~[junit-platform-launcher-1.12.2.jar:1.12.2]
	at org.junit.platform.launcher.core.InterceptingLauncher.execute(InterceptingLauncher.java:38) ~[junit-platform-launcher-1.12.2.jar:1.12.2]
	at org.junit.platform.launcher.core.DelegatingLauncher.execute(DelegatingLauncher.java:47) ~[junit-platform-launcher-1.12.2.jar:1.12.2]
	at org.junit.platform.launcher.core.SessionPerRequestLauncher.execute(SessionPerRequestLauncher.java:63) ~[junit-platform-launcher-1.12.2.jar:1.12.2]
	at com.intellij.junit5.JUnit5IdeaTestRunner.startRunnerWithArgs(JUnit5IdeaTestRunner.java:66) ~[junit5-rt.jar:na]
	at com.intellij.rt.junit.IdeaTestRunner$Repeater$1.execute(IdeaTestRunner.java:38) ~[junit-rt.jar:na]
	at com.intellij.rt.execution.junit.TestsRepeater.repeat(TestsRepeater.java:11) ~[idea_rt.jar:na]
	at com.intellij.rt.junit.IdeaTestRunner$Repeater.startRunnerWithArgs(IdeaTestRunner.java:35) ~[junit-rt.jar:na]
	at com.intellij.rt.junit.JUnitStarter.prepareStreamsAndStart(JUnitStarter.java:237) ~[junit-rt.jar:na]
	at com.intellij.rt.junit.JUnitStarter.main(JUnitStarter.java:58) ~[junit-rt.jar:na]

2025-12-10T00:53:42.500+03:00 DEBUG 18352 --- [medical-center-userservice] [main] m.u.service.impl.DoctorReviewsService    : approving review with id: 3df67cdf-a7f7-4f39-a666-cf81689ae4e9
2025-12-10T00:53:42.501+03:00 DEBUG 18352 --- [medical-center-userservice] [main] m.u.service.impl.DoctorService           : recalculating rating for doctor with id: 2f301b7b-baa2-45a4-9607-9e21076ab5b3
2025-12-10T00:53:42.518+03:00 DEBUG 18352 --- [medical-center-userservice] [main] m.u.service.impl.DoctorService           : updated rating for doctor 2f301b7b-baa2-45a4-9607-9e21076ab5b3 to 5.00
2025-12-10T00:53:42.539+03:00 DEBUG 18352 --- [medical-center-userservice] [main] m.u.service.impl.DoctorReviewsService    : saving doctor review: DoctorReviewCreateEditDto[patientId=66ef7135-db7e-4c54-a323-e6058e5267d0, doctorId=e0993558-ae85-4a95-ae87-7fdb6c8595dc, visitId=8dbda5f2-b1db-46b2-bed6-0bbc5a1aa9f9, rating=5, comment=Отличный врач!, isApproved=true]
2025-12-10T00:53:42.551+03:00 DEBUG 18352 --- [medical-center-userservice] [main] m.u.service.impl.DoctorService           : recalculating rating for doctor with id: e0993558-ae85-4a95-ae87-7fdb6c8595dc
2025-12-10T00:53:42.557+03:00 DEBUG 18352 --- [medical-center-userservice] [main] m.u.service.impl.DoctorService           : updated rating for doctor e0993558-ae85-4a95-ae87-7fdb6c8595dc to 5.00
2025-12-10T00:53:42.581+03:00 DEBUG 18352 --- [medical-center-userservice] [main] m.u.service.impl.DoctorReviewsService    : approving review with id: a9b006aa-63d4-4a3d-887e-6943a4396126
2025-12-10T00:53:42.584+03:00 ERROR 18352 --- [medical-center-userservice] [main] m.u.exception.GlobalExceptionHandler     : Internal server error: Entity with id 'a9b006aa-63d4-4a3d-887e-6943a4396126' not found

medicalcenter.userservice.exception.NotFoundException: Entity with id 'a9b006aa-63d4-4a3d-887e-6943a4396126' not found
	at medicalcenter.userservice.service.impl.DoctorReviewsService.lambda$approveReview$8(DoctorReviewsService.java:190) ~[classes/:na]
	at java.base/java.util.Optional.orElseThrow(Optional.java:403) ~[na:na]
	at medicalcenter.userservice.service.impl.DoctorReviewsService.approveReview(DoctorReviewsService.java:190) ~[classes/:na]
	at java.base/jdk.internal.reflect.DirectMethodHandleAccessor.invoke(DirectMethodHandleAccessor.java:103) ~[na:na]
	at java.base/java.lang.reflect.Method.invoke(Method.java:580) ~[na:na]
	at org.springframework.aop.support.AopUtils.invokeJoinpointUsingReflection(AopUtils.java:360) ~[spring-aop-6.2.10.jar:6.2.10]
	at org.springframework.aop.framework.ReflectiveMethodInvocation.invokeJoinpoint(ReflectiveMethodInvocation.java:196) ~[spring-aop-6.2.10.jar:6.2.10]
	at org.springframework.aop.framework.ReflectiveMethodInvocation.proceed(ReflectiveMethodInvocation.java:163) ~[spring-aop-6.2.10.jar:6.2.10]
	at org.springframework.transaction.interceptor.TransactionAspectSupport.invokeWithinTransaction(TransactionAspectSupport.java:380) ~[spring-tx-6.2.10.jar:6.2.10]
	at org.springframework.transaction.interceptor.TransactionInterceptor.invoke(TransactionInterceptor.java:119) ~[spring-tx-6.2.10.jar:6.2.10]
	at org.springframework.aop.framework.ReflectiveMethodInvocation.proceed(ReflectiveMethodInvocation.java:184) ~[spring-aop-6.2.10.jar:6.2.10]
	at org.springframework.aop.framework.CglibAopProxy$DynamicAdvisedInterceptor.intercept(CglibAopProxy.java:728) ~[spring-aop-6.2.10.jar:6.2.10]
	at medicalcenter.userservice.service.impl.DoctorReviewsService$$SpringCGLIB$$0.approveReview(<generated>) ~[classes/:na]
	at medicalcenter.userservice.controller.DoctorReviewsController.approveReview(DoctorReviewsController.java:96) ~[classes/:na]
	at java.base/jdk.internal.reflect.DirectMethodHandleAccessor.invoke(DirectMethodHandleAccessor.java:103) ~[na:na]
	at java.base/java.lang.reflect.Method.invoke(Method.java:580) ~[na:na]
	at org.springframework.web.method.support.InvocableHandlerMethod.doInvoke(InvocableHandlerMethod.java:258) ~[spring-web-6.2.10.jar:6.2.10]
	at org.springframework.web.method.support.InvocableHandlerMethod.invokeForRequest(InvocableHandlerMethod.java:191) ~[spring-web-6.2.10.jar:6.2.10]
	at org.springframework.web.servlet.mvc.method.annotation.ServletInvocableHandlerMethod.invokeAndHandle(ServletInvocableHandlerMethod.java:118) ~[spring-webmvc-6.2.10.jar:6.2.10]
	at org.springframework.web.servlet.mvc.method.annotation.RequestMappingHandlerAdapter.invokeHandlerMethod(RequestMappingHandlerAdapter.java:991) ~[spring-webmvc-6.2.10.jar:6.2.10]
	at org.springframework.web.servlet.mvc.method.annotation.RequestMappingHandlerAdapter.handleInternal(RequestMappingHandlerAdapter.java:896) ~[spring-webmvc-6.2.10.jar:6.2.10]
	at org.springframework.web.servlet.mvc.method.AbstractHandlerMethodAdapter.handle(AbstractHandlerMethodAdapter.java:87) ~[spring-webmvc-6.2.10.jar:6.2.10]
	at org.springframework.web.servlet.DispatcherServlet.doDispatch(DispatcherServlet.java:1089) ~[spring-webmvc-6.2.10.jar:6.2.10]
	at org.springframework.web.servlet.DispatcherServlet.doService(DispatcherServlet.java:979) ~[spring-webmvc-6.2.10.jar:6.2.10]
	at org.springframework.web.servlet.FrameworkServlet.processRequest(FrameworkServlet.java:1014) ~[spring-webmvc-6.2.10.jar:6.2.10]
	at org.springframework.web.servlet.FrameworkServlet.doPost(FrameworkServlet.java:914) ~[spring-webmvc-6.2.10.jar:6.2.10]
	at jakarta.servlet.http.HttpServlet.service(HttpServlet.java:590) ~[tomcat-embed-core-10.1.44.jar:6.0]
	at org.springframework.web.servlet.FrameworkServlet.service(FrameworkServlet.java:885) ~[spring-webmvc-6.2.10.jar:6.2.10]
	at org.springframework.test.web.servlet.TestDispatcherServlet.service(TestDispatcherServlet.java:72) ~[spring-test-6.2.10.jar:6.2.10]
	at jakarta.servlet.http.HttpServlet.service(HttpServlet.java:658) ~[tomcat-embed-core-10.1.44.jar:6.0]
	at org.springframework.mock.web.MockFilterChain$ServletFilterProxy.doFilter(MockFilterChain.java:165) ~[spring-test-6.2.10.jar:6.2.10]
	at org.springframework.mock.web.MockFilterChain.doFilter(MockFilterChain.java:132) ~[spring-test-6.2.10.jar:6.2.10]
	at org.springframework.web.filter.OncePerRequestFilter.doFilter(OncePerRequestFilter.java:110) ~[spring-web-6.2.10.jar:6.2.10]
	at org.springframework.test.web.servlet.setup.MockMvcFilterDecorator.doFilter(MockMvcFilterDecorator.java:162) ~[spring-test-6.2.10.jar:6.2.10]
	at org.springframework.mock.web.MockFilterChain.doFilter(MockFilterChain.java:132) ~[spring-test-6.2.10.jar:6.2.10]
	at org.springframework.web.filter.CompositeFilter$VirtualFilterChain.doFilter(CompositeFilter.java:108) ~[spring-web-6.2.10.jar:6.2.10]
	at org.springframework.web.filter.CompositeFilter$VirtualFilterChain.doFilter(CompositeFilter.java:108) ~[spring-web-6.2.10.jar:6.2.10]
	at org.springframework.security.web.FilterChainProxy.lambda$doFilterInternal$3(FilterChainProxy.java:231) ~[spring-security-web-6.5.3.jar:6.5.3]
	at org.springframework.security.web.FilterChainProxy$VirtualFilterChain.doFilter(FilterChainProxy.java:365) ~[spring-security-web-6.5.3.jar:6.5.3]
	at org.springframework.security.web.access.intercept.AuthorizationFilter.doFilter(AuthorizationFilter.java:101) ~[spring-security-web-6.5.3.jar:6.5.3]
	at org.springframework.security.web.FilterChainProxy$VirtualFilterChain.doFilter(FilterChainProxy.java:374) ~[spring-security-web-6.5.3.jar:6.5.3]
	at org.springframework.security.web.access.ExceptionTranslationFilter.doFilter(ExceptionTranslationFilter.java:125) ~[spring-security-web-6.5.3.jar:6.5.3]
	at org.springframework.security.web.access.ExceptionTranslationFilter.doFilter(ExceptionTranslationFilter.java:119) ~[spring-security-web-6.5.3.jar:6.5.3]
	at org.springframework.security.web.FilterChainProxy$VirtualFilterChain.doFilter(FilterChainProxy.java:374) ~[spring-security-web-6.5.3.jar:6.5.3]
	at org.springframework.security.web.session.SessionManagementFilter.doFilter(SessionManagementFilter.java:131) ~[spring-security-web-6.5.3.jar:6.5.3]
	at org.springframework.security.web.session.SessionManagementFilter.doFilter(SessionManagementFilter.java:85) ~[spring-security-web-6.5.3.jar:6.5.3]
	at org.springframework.security.web.FilterChainProxy$VirtualFilterChain.doFilter(FilterChainProxy.java:374) ~[spring-security-web-6.5.3.jar:6.5.3]
	at org.springframework.security.web.authentication.AnonymousAuthenticationFilter.doFilter(AnonymousAuthenticationFilter.java:100) ~[spring-security-web-6.5.3.jar:6.5.3]
	at org.springframework.security.web.FilterChainProxy$VirtualFilterChain.doFilter(FilterChainProxy.java:374) ~[spring-security-web-6.5.3.jar:6.5.3]
	at org.springframework.security.web.servletapi.SecurityContextHolderAwareRequestFilter.doFilter(SecurityContextHolderAwareRequestFilter.java:179) ~[spring-security-web-6.5.3.jar:6.5.3]
	at org.springframework.security.web.FilterChainProxy$VirtualFilterChain.doFilter(FilterChainProxy.java:374) ~[spring-security-web-6.5.3.jar:6.5.3]
	at org.springframework.security.web.savedrequest.RequestCacheAwareFilter.doFilter(RequestCacheAwareFilter.java:63) ~[spring-security-web-6.5.3.jar:6.5.3]
	at org.springframework.security.web.FilterChainProxy$VirtualFilterChain.doFilter(FilterChainProxy.java:374) ~[spring-security-web-6.5.3.jar:6.5.3]
	at medicalcenter.userservice.configuration.security.JwtAuthenticationFilter.doFilterInternal(JwtAuthenticationFilter.java:39) ~[classes/:na]
	at org.springframework.web.filter.OncePerRequestFilter.doFilter(OncePerRequestFilter.java:116) ~[spring-web-6.2.10.jar:6.2.10]
	at org.springframework.security.web.FilterChainProxy$VirtualFilterChain.doFilter(FilterChainProxy.java:374) ~[spring-security-web-6.5.3.jar:6.5.3]
	at org.springframework.security.web.authentication.logout.LogoutFilter.doFilter(LogoutFilter.java:107) ~[spring-security-web-6.5.3.jar:6.5.3]
	at org.springframework.security.web.authentication.logout.LogoutFilter.doFilter(LogoutFilter.java:93) ~[spring-security-web-6.5.3.jar:6.5.3]
	at org.springframework.security.web.FilterChainProxy$VirtualFilterChain.doFilter(FilterChainProxy.java:374) ~[spring-security-web-6.5.3.jar:6.5.3]
	at org.springframework.web.filter.CorsFilter.doFilterInternal(CorsFilter.java:91) ~[spring-web-6.2.10.jar:6.2.10]
	at org.springframework.web.filter.OncePerRequestFilter.doFilter(OncePerRequestFilter.java:116) ~[spring-web-6.2.10.jar:6.2.10]
	at org.springframework.security.web.FilterChainProxy$VirtualFilterChain.doFilter(FilterChainProxy.java:374) ~[spring-security-web-6.5.3.jar:6.5.3]
	at org.springframework.security.web.header.HeaderWriterFilter.doHeadersAfter(HeaderWriterFilter.java:90) ~[spring-security-web-6.5.3.jar:6.5.3]
	at org.springframework.security.web.header.HeaderWriterFilter.doFilterInternal(HeaderWriterFilter.java:75) ~[spring-security-web-6.5.3.jar:6.5.3]
	at org.springframework.web.filter.OncePerRequestFilter.doFilter(OncePerRequestFilter.java:116) ~[spring-web-6.2.10.jar:6.2.10]
	at org.springframework.security.web.FilterChainProxy$VirtualFilterChain.doFilter(FilterChainProxy.java:374) ~[spring-security-web-6.5.3.jar:6.5.3]
	at org.springframework.security.web.context.SecurityContextHolderFilter.doFilter(SecurityContextHolderFilter.java:82) ~[spring-security-web-6.5.3.jar:6.5.3]
	at org.springframework.security.web.context.SecurityContextHolderFilter.doFilter(SecurityContextHolderFilter.java:69) ~[spring-security-web-6.5.3.jar:6.5.3]
	at org.springframework.security.web.FilterChainProxy$VirtualFilterChain.doFilter(FilterChainProxy.java:374) ~[spring-security-web-6.5.3.jar:6.5.3]
	at org.springframework.security.web.context.request.async.WebAsyncManagerIntegrationFilter.doFilterInternal(WebAsyncManagerIntegrationFilter.java:62) ~[spring-security-web-6.5.3.jar:6.5.3]
	at org.springframework.web.filter.OncePerRequestFilter.doFilter(OncePerRequestFilter.java:116) ~[spring-web-6.2.10.jar:6.2.10]
	at org.springframework.security.web.FilterChainProxy$VirtualFilterChain.doFilter(FilterChainProxy.java:374) ~[spring-security-web-6.5.3.jar:6.5.3]
	at org.springframework.security.web.session.DisableEncodeUrlFilter.doFilterInternal(DisableEncodeUrlFilter.java:42) ~[spring-security-web-6.5.3.jar:6.5.3]
	at org.springframework.web.filter.OncePerRequestFilter.doFilter(OncePerRequestFilter.java:116) ~[spring-web-6.2.10.jar:6.2.10]
	at org.springframework.security.web.FilterChainProxy$VirtualFilterChain.doFilter(FilterChainProxy.java:374) ~[spring-security-web-6.5.3.jar:6.5.3]
	at org.springframework.security.web.FilterChainProxy.doFilterInternal(FilterChainProxy.java:233) ~[spring-security-web-6.5.3.jar:6.5.3]
	at org.springframework.security.web.FilterChainProxy.doFilter(FilterChainProxy.java:191) ~[spring-security-web-6.5.3.jar:6.5.3]
	at org.springframework.web.filter.CompositeFilter$VirtualFilterChain.doFilter(CompositeFilter.java:113) ~[spring-web-6.2.10.jar:6.2.10]
	at org.springframework.web.filter.ServletRequestPathFilter.doFilter(ServletRequestPathFilter.java:52) ~[spring-web-6.2.10.jar:6.2.10]
	at org.springframework.web.filter.CompositeFilter$VirtualFilterChain.doFilter(CompositeFilter.java:113) ~[spring-web-6.2.10.jar:6.2.10]
	at org.springframework.web.filter.CompositeFilter.doFilter(CompositeFilter.java:74) ~[spring-web-6.2.10.jar:6.2.10]
	at org.springframework.security.config.annotation.web.configuration.WebSecurityConfiguration$CompositeFilterChainProxy.doFilter(WebSecurityConfiguration.java:319) ~[spring-security-config-6.5.3.jar:6.5.3]
	at org.springframework.web.filter.CompositeFilter$VirtualFilterChain.doFilter(CompositeFilter.java:113) ~[spring-web-6.2.10.jar:6.2.10]
	at org.springframework.web.servlet.handler.HandlerMappingIntrospector.lambda$createCacheFilter$4(HandlerMappingIntrospector.java:267) ~[spring-webmvc-6.2.10.jar:6.2.10]
	at org.springframework.web.filter.CompositeFilter$VirtualFilterChain.doFilter(CompositeFilter.java:113) ~[spring-web-6.2.10.jar:6.2.10]
	at org.springframework.web.filter.CompositeFilter.doFilter(CompositeFilter.java:74) ~[spring-web-6.2.10.jar:6.2.10]
	at org.springframework.security.config.annotation.web.configuration.WebMvcSecurityConfiguration$CompositeFilterChainProxy.doFilter(WebMvcSecurityConfiguration.java:240) ~[spring-security-config-6.5.3.jar:6.5.3]
	at org.springframework.web.filter.DelegatingFilterProxy.invokeDelegate(DelegatingFilterProxy.java:362) ~[spring-web-6.2.10.jar:6.2.10]
	at org.springframework.web.filter.DelegatingFilterProxy.doFilter(DelegatingFilterProxy.java:278) ~[spring-web-6.2.10.jar:6.2.10]
	at org.springframework.test.web.servlet.setup.MockMvcFilterDecorator.doFilter(MockMvcFilterDecorator.java:162) ~[spring-test-6.2.10.jar:6.2.10]
	at org.springframework.mock.web.MockFilterChain.doFilter(MockFilterChain.java:132) ~[spring-test-6.2.10.jar:6.2.10]
	at org.springframework.web.filter.RequestContextFilter.doFilterInternal(RequestContextFilter.java:100) ~[spring-web-6.2.10.jar:6.2.10]
	at org.springframework.web.filter.OncePerRequestFilter.doFilter(OncePerRequestFilter.java:116) ~[spring-web-6.2.10.jar:6.2.10]
	at org.springframework.test.web.servlet.setup.MockMvcFilterDecorator.doFilter(MockMvcFilterDecorator.java:162) ~[spring-test-6.2.10.jar:6.2.10]
	at org.springframework.mock.web.MockFilterChain.doFilter(MockFilterChain.java:132) ~[spring-test-6.2.10.jar:6.2.10]
	at org.springframework.web.filter.FormContentFilter.doFilterInternal(FormContentFilter.java:93) ~[spring-web-6.2.10.jar:6.2.10]
	at org.springframework.web.filter.OncePerRequestFilter.doFilter(OncePerRequestFilter.java:116) ~[spring-web-6.2.10.jar:6.2.10]
	at org.springframework.test.web.servlet.setup.MockMvcFilterDecorator.doFilter(MockMvcFilterDecorator.java:162) ~[spring-test-6.2.10.jar:6.2.10]
	at org.springframework.mock.web.MockFilterChain.doFilter(MockFilterChain.java:132) ~[spring-test-6.2.10.jar:6.2.10]
	at org.springframework.web.filter.CharacterEncodingFilter.doFilterInternal(CharacterEncodingFilter.java:201) ~[spring-web-6.2.10.jar:6.2.10]
	at org.springframework.web.filter.OncePerRequestFilter.doFilter(OncePerRequestFilter.java:116) ~[spring-web-6.2.10.jar:6.2.10]
	at org.springframework.test.web.servlet.setup.MockMvcFilterDecorator.doFilter(MockMvcFilterDecorator.java:162) ~[spring-test-6.2.10.jar:6.2.10]
	at org.springframework.mock.web.MockFilterChain.doFilter(MockFilterChain.java:132) ~[spring-test-6.2.10.jar:6.2.10]
	at org.springframework.test.web.servlet.MockMvc.perform(MockMvc.java:201) ~[spring-test-6.2.10.jar:6.2.10]
	at medicalcenter.userservice.controller.DoctorReviewsControllerIntegrationTest.approveReview_WhenReviewNotFound_ShouldReturn404(DoctorReviewsControllerIntegrationTest.java:276) ~[test-classes/:na]
	at java.base/jdk.internal.reflect.DirectMethodHandleAccessor.invoke(DirectMethodHandleAccessor.java:103) ~[na:na]
	at java.base/java.lang.reflect.Method.invoke(Method.java:580) ~[na:na]
	at org.junit.platform.commons.util.ReflectionUtils.invokeMethod(ReflectionUtils.java:775) ~[junit-platform-commons-1.12.2.jar:1.12.2]
	at org.junit.platform.commons.support.ReflectionSupport.invokeMethod(ReflectionSupport.java:479) ~[junit-platform-commons-1.12.2.jar:1.12.2]
	at org.junit.jupiter.engine.execution.MethodInvocation.proceed(MethodInvocation.java:60) ~[junit-jupiter-engine-5.12.2.jar:5.12.2]
	at org.junit.jupiter.engine.execution.InvocationInterceptorChain$ValidatingInvocation.proceed(InvocationInterceptorChain.java:131) ~[junit-jupiter-engine-5.12.2.jar:5.12.2]
	at org.junit.jupiter.engine.extension.TimeoutExtension.intercept(TimeoutExtension.java:161) ~[junit-jupiter-engine-5.12.2.jar:5.12.2]
	at org.junit.jupiter.engine.extension.TimeoutExtension.interceptTestableMethod(TimeoutExtension.java:152) ~[junit-jupiter-engine-5.12.2.jar:5.12.2]
	at org.junit.jupiter.engine.extension.TimeoutExtension.interceptTestMethod(TimeoutExtension.java:91) ~[junit-jupiter-engine-5.12.2.jar:5.12.2]
	at org.junit.jupiter.engine.execution.InterceptingExecutableInvoker$ReflectiveInterceptorCall.lambda$ofVoidMethod$0(InterceptingExecutableInvoker.java:112) ~[junit-jupiter-engine-5.12.2.jar:5.12.2]
	at org.junit.jupiter.engine.execution.InterceptingExecutableInvoker.lambda$invoke$0(InterceptingExecutableInvoker.java:94) ~[junit-jupiter-engine-5.12.2.jar:5.12.2]
	at org.junit.jupiter.engine.execution.InvocationInterceptorChain$InterceptedInvocation.proceed(InvocationInterceptorChain.java:106) ~[junit-jupiter-engine-5.12.2.jar:5.12.2]
	at org.junit.jupiter.engine.execution.InvocationInterceptorChain.proceed(InvocationInterceptorChain.java:64) ~[junit-jupiter-engine-5.12.2.jar:5.12.2]
	at org.junit.jupiter.engine.execution.InvocationInterceptorChain.chainAndInvoke(InvocationInterceptorChain.java:45) ~[junit-jupiter-engine-5.12.2.jar:5.12.2]
	at org.junit.jupiter.engine.execution.InvocationInterceptorChain.invoke(InvocationInterceptorChain.java:37) ~[junit-jupiter-engine-5.12.2.jar:5.12.2]
	at org.junit.jupiter.engine.execution.InterceptingExecutableInvoker.invoke(InterceptingExecutableInvoker.java:93) ~[junit-jupiter-engine-5.12.2.jar:5.12.2]
	at org.junit.jupiter.engine.execution.InterceptingExecutableInvoker.invoke(InterceptingExecutableInvoker.java:87) ~[junit-jupiter-engine-5.12.2.jar:5.12.2]
	at org.junit.jupiter.engine.descriptor.TestMethodTestDescriptor.lambda$invokeTestMethod$7(TestMethodTestDescriptor.java:216) ~[junit-jupiter-engine-5.12.2.jar:5.12.2]
	at org.junit.platform.engine.support.hierarchical.ThrowableCollector.execute(ThrowableCollector.java:73) ~[junit-platform-engine-1.12.2.jar:1.12.2]
	at org.junit.jupiter.engine.descriptor.TestMethodTestDescriptor.invokeTestMethod(TestMethodTestDescriptor.java:212) ~[junit-jupiter-engine-5.12.2.jar:5.12.2]
	at org.junit.jupiter.engine.descriptor.TestMethodTestDescriptor.execute(TestMethodTestDescriptor.java:137) ~[junit-jupiter-engine-5.12.2.jar:5.12.2]
	at org.junit.jupiter.engine.descriptor.TestMethodTestDescriptor.execute(TestMethodTestDescriptor.java:69) ~[junit-jupiter-engine-5.12.2.jar:5.12.2]
	at org.junit.platform.engine.support.hierarchical.NodeTestTask.lambda$executeRecursively$6(NodeTestTask.java:156) ~[junit-platform-engine-1.12.2.jar:1.12.2]
	at org.junit.platform.engine.support.hierarchical.ThrowableCollector.execute(ThrowableCollector.java:73) ~[junit-platform-engine-1.12.2.jar:1.12.2]
	at org.junit.platform.engine.support.hierarchical.NodeTestTask.lambda$executeRecursively$8(NodeTestTask.java:146) ~[junit-platform-engine-1.12.2.jar:1.12.2]
	at org.junit.platform.engine.support.hierarchical.Node.around(Node.java:137) ~[junit-platform-engine-1.12.2.jar:1.12.2]
	at org.junit.platform.engine.support.hierarchical.NodeTestTask.lambda$executeRecursively$9(NodeTestTask.java:144) ~[junit-platform-engine-1.12.2.jar:1.12.2]
	at org.junit.platform.engine.support.hierarchical.ThrowableCollector.execute(ThrowableCollector.java:73) ~[junit-platform-engine-1.12.2.jar:1.12.2]
	at org.junit.platform.engine.support.hierarchical.NodeTestTask.executeRecursively(NodeTestTask.java:143) ~[junit-platform-engine-1.12.2.jar:1.12.2]
	at org.junit.platform.engine.support.hierarchical.NodeTestTask.execute(NodeTestTask.java:100) ~[junit-platform-engine-1.12.2.jar:1.12.2]
	at java.base/java.util.ArrayList.forEach(ArrayList.java:1597) ~[na:na]
	at org.junit.platform.engine.support.hierarchical.SameThreadHierarchicalTestExecutorService.invokeAll(SameThreadHierarchicalTestExecutorService.java:41) ~[junit-platform-engine-1.12.2.jar:1.12.2]
	at org.junit.platform.engine.support.hierarchical.NodeTestTask.lambda$executeRecursively$6(NodeTestTask.java:160) ~[junit-platform-engine-1.12.2.jar:1.12.2]
	at org.junit.platform.engine.support.hierarchical.ThrowableCollector.execute(ThrowableCollector.java:73) ~[junit-platform-engine-1.12.2.jar:1.12.2]
	at org.junit.platform.engine.support.hierarchical.NodeTestTask.lambda$executeRecursively$8(NodeTestTask.java:146) ~[junit-platform-engine-1.12.2.jar:1.12.2]
	at org.junit.platform.engine.support.hierarchical.Node.around(Node.java:137) ~[junit-platform-engine-1.12.2.jar:1.12.2]
	at org.junit.platform.engine.support.hierarchical.NodeTestTask.lambda$executeRecursively$9(NodeTestTask.java:144) ~[junit-platform-engine-1.12.2.jar:1.12.2]
	at org.junit.platform.engine.support.hierarchical.ThrowableCollector.execute(ThrowableCollector.java:73) ~[junit-platform-engine-1.12.2.jar:1.12.2]
	at org.junit.platform.engine.support.hierarchical.NodeTestTask.executeRecursively(NodeTestTask.java:143) ~[junit-platform-engine-1.12.2.jar:1.12.2]
	at org.junit.platform.engine.support.hierarchical.NodeTestTask.execute(NodeTestTask.java:100) ~[junit-platform-engine-1.12.2.jar:1.12.2]
	at java.base/java.util.ArrayList.forEach(ArrayList.java:1597) ~[na:na]
	at org.junit.platform.engine.support.hierarchical.SameThreadHierarchicalTestExecutorService.invokeAll(SameThreadHierarchicalTestExecutorService.java:41) ~[junit-platform-engine-1.12.2.jar:1.12.2]
	at org.junit.platform.engine.support.hierarchical.NodeTestTask.lambda$executeRecursively$6(NodeTestTask.java:160) ~[junit-platform-engine-1.12.2.jar:1.12.2]
	at org.junit.platform.engine.support.hierarchical.ThrowableCollector.execute(ThrowableCollector.java:73) ~[junit-platform-engine-1.12.2.jar:1.12.2]
	at org.junit.platform.engine.support.hierarchical.NodeTestTask.lambda$executeRecursively$8(NodeTestTask.java:146) ~[junit-platform-engine-1.12.2.jar:1.12.2]
	at org.junit.platform.engine.support.hierarchical.Node.around(Node.java:137) ~[junit-platform-engine-1.12.2.jar:1.12.2]
	at org.junit.platform.engine.support.hierarchical.NodeTestTask.lambda$executeRecursively$9(NodeTestTask.java:144) ~[junit-platform-engine-1.12.2.jar:1.12.2]
	at org.junit.platform.engine.support.hierarchical.ThrowableCollector.execute(ThrowableCollector.java:73) ~[junit-platform-engine-1.12.2.jar:1.12.2]
	at org.junit.platform.engine.support.hierarchical.NodeTestTask.executeRecursively(NodeTestTask.java:143) ~[junit-platform-engine-1.12.2.jar:1.12.2]
	at org.junit.platform.engine.support.hierarchical.NodeTestTask.execute(NodeTestTask.java:100) ~[junit-platform-engine-1.12.2.jar:1.12.2]
	at org.junit.platform.engine.support.hierarchical.SameThreadHierarchicalTestExecutorService.submit(SameThreadHierarchicalTestExecutorService.java:35) ~[junit-platform-engine-1.12.2.jar:1.12.2]
	at org.junit.platform.engine.support.hierarchical.HierarchicalTestExecutor.execute(HierarchicalTestExecutor.java:57) ~[junit-platform-engine-1.12.2.jar:1.12.2]
	at org.junit.platform.engine.support.hierarchical.HierarchicalTestEngine.execute(HierarchicalTestEngine.java:54) ~[junit-platform-engine-1.12.2.jar:1.12.2]
	at org.junit.platform.launcher.core.EngineExecutionOrchestrator.execute(EngineExecutionOrchestrator.java:201) ~[junit-platform-launcher-1.12.2.jar:1.12.2]
	at org.junit.platform.launcher.core.EngineExecutionOrchestrator.execute(EngineExecutionOrchestrator.java:170) ~[junit-platform-launcher-1.12.2.jar:1.12.2]
	at org.junit.platform.launcher.core.EngineExecutionOrchestrator.execute(EngineExecutionOrchestrator.java:94) ~[junit-platform-launcher-1.12.2.jar:1.12.2]
	at org.junit.platform.launcher.core.EngineExecutionOrchestrator.lambda$execute$0(EngineExecutionOrchestrator.java:59) ~[junit-platform-launcher-1.12.2.jar:1.12.2]
	at org.junit.platform.launcher.core.EngineExecutionOrchestrator.withInterceptedStreams(EngineExecutionOrchestrator.java:142) ~[junit-platform-launcher-1.12.2.jar:1.12.2]
	at org.junit.platform.launcher.core.EngineExecutionOrchestrator.execute(EngineExecutionOrchestrator.java:58) ~[junit-platform-launcher-1.12.2.jar:1.12.2]
	at org.junit.platform.launcher.core.DefaultLauncher.execute(DefaultLauncher.java:103) ~[junit-platform-launcher-1.12.2.jar:1.12.2]
	at org.junit.platform.launcher.core.DefaultLauncher.execute(DefaultLauncher.java:85) ~[junit-platform-launcher-1.12.2.jar:1.12.2]
	at org.junit.platform.launcher.core.DelegatingLauncher.execute(DelegatingLauncher.java:47) ~[junit-platform-launcher-1.12.2.jar:1.12.2]
	at org.junit.platform.launcher.core.InterceptingLauncher.lambda$execute$1(InterceptingLauncher.java:39) ~[junit-platform-launcher-1.12.2.jar:1.12.2]
	at org.junit.platform.launcher.core.ClasspathAlignmentCheckingLauncherInterceptor.intercept(ClasspathAlignmentCheckingLauncherInterceptor.java:25) ~[junit-platform-launcher-1.12.2.jar:1.12.2]
	at org.junit.platform.launcher.core.InterceptingLauncher.execute(InterceptingLauncher.java:38) ~[junit-platform-launcher-1.12.2.jar:1.12.2]
	at org.junit.platform.launcher.core.DelegatingLauncher.execute(DelegatingLauncher.java:47) ~[junit-platform-launcher-1.12.2.jar:1.12.2]
	at org.junit.platform.launcher.core.SessionPerRequestLauncher.execute(SessionPerRequestLauncher.java:63) ~[junit-platform-launcher-1.12.2.jar:1.12.2]
	at com.intellij.junit5.JUnit5IdeaTestRunner.startRunnerWithArgs(JUnit5IdeaTestRunner.java:66) ~[junit5-rt.jar:na]
	at com.intellij.rt.junit.IdeaTestRunner$Repeater$1.execute(IdeaTestRunner.java:38) ~[junit-rt.jar:na]
	at com.intellij.rt.execution.junit.TestsRepeater.repeat(TestsRepeater.java:11) ~[idea_rt.jar:na]
	at com.intellij.rt.junit.IdeaTestRunner$Repeater.startRunnerWithArgs(IdeaTestRunner.java:35) ~[junit-rt.jar:na]
	at com.intellij.rt.junit.JUnitStarter.prepareStreamsAndStart(JUnitStarter.java:237) ~[junit-rt.jar:na]
	at com.intellij.rt.junit.JUnitStarter.main(JUnitStarter.java:58) ~[junit-rt.jar:na]

2025-12-10T00:53:42.607+03:00 DEBUG 18352 --- [medical-center-userservice] [main] m.u.service.impl.DoctorReviewsService    : saving doctor review: DoctorReviewCreateEditDto[patientId=785f2b91-9d5b-442a-951c-76a48859774e, doctorId=ef08cc84-9b02-4d3e-a9be-50e0460747d2, visitId=714abc37-6126-4544-8600-9e882f6c77bf, rating=5, comment=Отличный врач!, isApproved=false]
2025-12-10T00:53:42.618+03:00 DEBUG 18352 --- [medical-center-userservice] [main] m.u.service.impl.DoctorReviewsService    : saving doctor review: DoctorReviewCreateEditDto[patientId=785f2b91-9d5b-442a-951c-76a48859774e, doctorId=ef08cc84-9b02-4d3e-a9be-50e0460747d2, visitId=714abc37-6126-4544-8600-9e882f6c77bf, rating=4, comment=Хороший врач!, isApproved=false]
2025-12-10T00:53:42.624+03:00  WARN 18352 --- [medical-center-userservice] [main] m.u.exception.GlobalExceptionHandler     : Invalid argument: Review already exists for visit id: 714abc37-6126-4544-8600-9e882f6c77bf
2025-12-10T00:53:42.702+03:00 DEBUG 18352 --- [medical-center-userservice] [main] m.u.service.impl.DoctorReviewsService    : saving doctor review: DoctorReviewCreateEditDto[patientId=3189b026-30ba-4e41-9dce-773edb6239a6, doctorId=6a0c2b06-32eb-4fcd-b9d4-e21e4c41583c, visitId=aefece8e-6bbb-45bf-b133-1c34b19f5471, rating=5, comment=Отличный врач!, isApproved=false]
2025-12-10T00:53:43.163+03:00  INFO 18352 --- [medical-center-userservice] [SpringApplicationShutdownHook] o.s.m.s.b.SimpleBrokerMessageHandler     : Stopping...
2025-12-10T00:53:43.164+03:00  INFO 18352 --- [medical-center-userservice] [SpringApplicationShutdownHook] o.s.m.s.b.SimpleBrokerMessageHandler     : BrokerAvailabilityEvent[available=false, SimpleBrokerMessageHandler [org.springframework.messaging.simp.broker.DefaultSubscriptionRegistry@1d0aa57d]]
2025-12-10T00:53:43.164+03:00  INFO 18352 --- [medical-center-userservice] [SpringApplicationShutdownHook] o.s.m.s.b.SimpleBrokerMessageHandler     : Stopped.
2025-12-10T00:53:43.169+03:00  INFO 18352 --- [medical-center-userservice] [SpringApplicationShutdownHook] j.LocalContainerEntityManagerFactoryBean : Closing JPA EntityManagerFactory for persistence unit 'default'
2025-12-10T00:53:43.176+03:00  WARN 18352 --- [medical-center-userservice] [SpringApplicationShutdownHook] com.zaxxer.hikari.pool.PoolBase          : HikariPool-1 - Failed to validate connection org.postgresql.jdbc.PgConnection@268e30d4 (Соединение уже было закрыто). Possibly consider using a shorter maxLifetime value.
2025-12-10T00:53:43.178+03:00  WARN 18352 --- [medical-center-userservice] [SpringApplicationShutdownHook] com.zaxxer.hikari.pool.PoolBase          : HikariPool-1 - Failed to validate connection org.postgresql.jdbc.PgConnection@1fba87ff (Соединение уже было закрыто). Possibly consider using a shorter maxLifetime value.
2025-12-10T00:53:43.179+03:00  WARN 18352 --- [medical-center-userservice] [SpringApplicationShutdownHook] com.zaxxer.hikari.pool.PoolBase          : HikariPool-1 - Failed to validate connection org.postgresql.jdbc.PgConnection@eccfb33 (Соединение уже было закрыто). Possibly consider using a shorter maxLifetime value.
2025-12-10T00:53:43.180+03:00  WARN 18352 --- [medical-center-userservice] [SpringApplicationShutdownHook] com.zaxxer.hikari.pool.PoolBase          : HikariPool-1 - Failed to validate connection org.postgresql.jdbc.PgConnection@5117be91 (Соединение уже было закрыто). Possibly consider using a shorter maxLifetime value.
2025-12-10T00:53:43.181+03:00  WARN 18352 --- [medical-center-userservice] [SpringApplicationShutdownHook] com.zaxxer.hikari.pool.PoolBase          : HikariPool-1 - Failed to validate connection org.postgresql.jdbc.PgConnection@402e1636 (Соединение уже было закрыто). Possibly consider using a shorter maxLifetime value.
2025-12-10T00:53:43.182+03:00  WARN 18352 --- [medical-center-userservice] [SpringApplicationShutdownHook] com.zaxxer.hikari.pool.PoolBase          : HikariPool-1 - Failed to validate connection org.postgresql.jdbc.PgConnection@b60e4b3 (Соединение уже было закрыто). Possibly consider using a shorter maxLifetime value.
2025-12-10T00:53:43.184+03:00  WARN 18352 --- [medical-center-userservice] [SpringApplicationShutdownHook] com.zaxxer.hikari.pool.PoolBase          : HikariPool-1 - Failed to validate connection org.postgresql.jdbc.PgConnection@621c838f (Соединение уже было закрыто). Possibly consider using a shorter maxLifetime value.
2025-12-10T00:53:43.186+03:00  WARN 18352 --- [medical-center-userservice] [SpringApplicationShutdownHook] com.zaxxer.hikari.pool.PoolBase          : HikariPool-1 - Failed to validate connection org.postgresql.jdbc.PgConnection@e934a6b (Соединение уже было закрыто). Possibly consider using a shorter maxLifetime value.
2025-12-10T00:53:43.188+03:00  WARN 18352 --- [medical-center-userservice] [SpringApplicationShutdownHook] com.zaxxer.hikari.pool.PoolBase          : HikariPool-1 - Failed to validate connection org.postgresql.jdbc.PgConnection@3e3c6229 (Соединение уже было закрыто). Possibly consider using a shorter maxLifetime value.
2025-12-10T00:53:43.189+03:00  WARN 18352 --- [medical-center-userservice] [SpringApplicationShutdownHook] com.zaxxer.hikari.pool.PoolBase          : HikariPool-1 - Failed to validate connection org.postgresql.jdbc.PgConnection@32f54c21 (Соединение уже было закрыто). Possibly consider using a shorter maxLifetime value.
2025-12-10T00:54:13.185+03:00  WARN 18352 --- [medical-center-userservice] [SpringApplicationShutdownHook] o.h.engine.jdbc.spi.SqlExceptionHelper   : SQL Error: 0, SQLState: 08001
2025-12-10T00:54:13.185+03:00 ERROR 18352 --- [medical-center-userservice] [SpringApplicationShutdownHook] o.h.engine.jdbc.spi.SqlExceptionHelper   : HikariPool-1 - Connection is not available, request timed out after 30010ms (total=0, active=0, idle=0, waiting=0)
2025-12-10T00:54:13.185+03:00 ERROR 18352 --- [medical-center-userservice] [SpringApplicationShutdownHook] o.h.engine.jdbc.spi.SqlExceptionHelper   : Подсоединение по адресу localhost:65366 отклонено. Проверьте что хост и порт указаны правильно и что postmaster принимает TCP/IP-подсоединения.
2025-12-10T00:54:13.187+03:00  WARN 18352 --- [medical-center-userservice] [SpringApplicationShutdownHook] o.s.b.f.support.DisposableBeanAdapter    : Invocation of destroy method failed on bean with name 'entityManagerFactory': org.hibernate.exception.JDBCConnectionException: Unable to open JDBC Connection for DDL execution [HikariPool-1 - Connection is not available, request timed out after 30010ms (total=0, active=0, idle=0, waiting=0)] [n/a]
2025-12-10T00:54:13.188+03:00  INFO 18352 --- [medical-center-userservice] [SpringApplicationShutdownHook] com.zaxxer.hikari.HikariDataSource       : HikariPool-1 - Shutdown initiated...
2025-12-10T00:54:13.445+03:00  INFO 18352 --- [medical-center-userservice] [SpringApplicationShutdownHook] com.zaxxer.hikari.HikariDataSource       : HikariPool-1 - Shutdown completed.
2025-12-10T00:54:13.447+03:00  INFO 18352 --- [medical-center-userservice] [SpringApplicationShutdownHook] o.s.m.s.b.SimpleBrokerMessageHandler     : Stopping...
2025-12-10T00:54:13.447+03:00  INFO 18352 --- [medical-center-userservice] [SpringApplicationShutdownHook] o.s.m.s.b.SimpleBrokerMessageHandler     : BrokerAvailabilityEvent[available=false, SimpleBrokerMessageHandler [org.springframework.messaging.simp.broker.DefaultSubscriptionRegistry@38979c5f]]
2025-12-10T00:54:13.447+03:00  INFO 18352 --- [medical-center-userservice] [SpringApplicationShutdownHook] o.s.m.s.b.SimpleBrokerMessageHandler     : Stopped.
2025-12-10T00:54:13.448+03:00  INFO 18352 --- [medical-center-userservice] [SpringApplicationShutdownHook] j.LocalContainerEntityManagerFactoryBean : Closing JPA EntityManagerFactory for persistence unit 'default'
2025-12-10T00:54:13.449+03:00  WARN 18352 --- [medical-center-userservice] [SpringApplicationShutdownHook] com.zaxxer.hikari.pool.PoolBase          : HikariPool-2 - Failed to validate connection org.postgresql.jdbc.PgConnection@3dc70c5a (Соединение уже было закрыто). Possibly consider using a shorter maxLifetime value.
2025-12-10T00:54:13.450+03:00  WARN 18352 --- [medical-center-userservice] [SpringApplicationShutdownHook] com.zaxxer.hikari.pool.PoolBase          : HikariPool-2 - Failed to validate connection org.postgresql.jdbc.PgConnection@a45a81f (Соединение уже было закрыто). Possibly consider using a shorter maxLifetime value.
2025-12-10T00:54:13.450+03:00  WARN 18352 --- [medical-center-userservice] [SpringApplicationShutdownHook] com.zaxxer.hikari.pool.PoolBase          : HikariPool-2 - Failed to validate connection org.postgresql.jdbc.PgConnection@bc05f8c (Соединение уже было закрыто). Possibly consider using a shorter maxLifetime value.
2025-12-10T00:54:13.450+03:00  WARN 18352 --- [medical-center-userservice] [SpringApplicationShutdownHook] com.zaxxer.hikari.pool.PoolBase          : HikariPool-2 - Failed to validate connection org.postgresql.jdbc.PgConnection@20a4baba (Соединение уже было закрыто). Possibly consider using a shorter maxLifetime value.
2025-12-10T00:54:13.451+03:00  WARN 18352 --- [medical-center-userservice] [SpringApplicationShutdownHook] com.zaxxer.hikari.pool.PoolBase          : HikariPool-2 - Failed to validate connection org.postgresql.jdbc.PgConnection@5865c249 (Соединение уже было закрыто). Possibly consider using a shorter maxLifetime value.
2025-12-10T00:54:13.451+03:00  WARN 18352 --- [medical-center-userservice] [SpringApplicationShutdownHook] com.zaxxer.hikari.pool.PoolBase          : HikariPool-2 - Failed to validate connection org.postgresql.jdbc.PgConnection@7fc79c0a (Соединение уже было закрыто). Possibly consider using a shorter maxLifetime value.
2025-12-10T00:54:13.451+03:00  WARN 18352 --- [medical-center-userservice] [SpringApplicationShutdownHook] com.zaxxer.hikari.pool.PoolBase          : HikariPool-2 - Failed to validate connection org.postgresql.jdbc.PgConnection@76728041 (Соединение уже было закрыто). Possibly consider using a shorter maxLifetime value.
2025-12-10T00:54:13.452+03:00  WARN 18352 --- [medical-center-userservice] [SpringApplicationShutdownHook] com.zaxxer.hikari.pool.PoolBase          : HikariPool-2 - Failed to validate connection org.postgresql.jdbc.PgConnection@7386955f (Соединение уже было закрыто). Possibly consider using a shorter maxLifetime value.
2025-12-10T00:54:13.452+03:00  WARN 18352 --- [medical-center-userservice] [SpringApplicationShutdownHook] com.zaxxer.hikari.pool.PoolBase          : HikariPool-2 - Failed to validate connection org.postgresql.jdbc.PgConnection@58776ec (Соединение уже было закрыто). Possibly consider using a shorter maxLifetime value.
2025-12-10T00:54:13.452+03:00  WARN 18352 --- [medical-center-userservice] [SpringApplicationShutdownHook] com.zaxxer.hikari.pool.PoolBase          : HikariPool-2 - Failed to validate connection org.postgresql.jdbc.PgConnection@46638d9a (Соединение уже было закрыто). Possibly consider using a shorter maxLifetime value.
2025-12-10T00:54:33.960+03:00  INFO 18352 --- [medical-center-userservice] [MessageBroker-1] o.s.w.s.c.WebSocketMessageBrokerStats    : WebSocketSession[0 current WS(0)-HttpStream(0)-HttpPoll(0), 0 total, 0 closed abnormally (0 connect failure, 0 send limit, 0 transport error)], stompSubProtocol[processed CONNECT(0)-CONNECTED(0)-DISCONNECT(0)], stompBrokerRelay[null], inboundChannel[pool size = 0, active threads = 0, queued tasks = 0, completed tasks = 0], outboundChannel[pool size = 0, active threads = 0, queued tasks = 0, completed tasks = 0], sockJsScheduler[pool size = 1, active threads = 1, queued tasks = 0, completed tasks = 0]
2025-12-10T00:54:38.107+03:00  INFO 18352 --- [medical-center-userservice] [MessageBroker-1] o.s.w.s.c.WebSocketMessageBrokerStats    : WebSocketSession[0 current WS(0)-HttpStream(0)-HttpPoll(0), 0 total, 0 closed abnormally (0 connect failure, 0 send limit, 0 transport error)], stompSubProtocol[processed CONNECT(0)-CONNECTED(0)-DISCONNECT(0)], stompBrokerRelay[null], inboundChannel[pool size = 0, active threads = 0, queued tasks = 0, completed tasks = 0], outboundChannel[pool size = 0, active threads = 0, queued tasks = 0, completed tasks = 0], sockJsScheduler[pool size = 1, active threads = 1, queued tasks = 0, completed tasks = 0]
2025-12-10T00:54:42.353+03:00  INFO 18352 --- [medical-center-userservice] [MessageBroker-1] o.s.w.s.c.WebSocketMessageBrokerStats    : WebSocketSession[0 current WS(0)-HttpStream(0)-HttpPoll(0), 0 total, 0 closed abnormally (0 connect failure, 0 send limit, 0 transport error)], stompSubProtocol[processed CONNECT(0)-CONNECTED(0)-DISCONNECT(0)], stompBrokerRelay[null], inboundChannel[pool size = 0, active threads = 0, queued tasks = 0, completed tasks = 0], outboundChannel[pool size = 0, active threads = 0, queued tasks = 0, completed tasks = 0], sockJsScheduler[pool size = 1, active threads = 1, queued tasks = 0, completed tasks = 0]
2025-12-10T00:54:43.458+03:00  WARN 18352 --- [medical-center-userservice] [SpringApplicationShutdownHook] o.h.engine.jdbc.spi.SqlExceptionHelper   : SQL Error: 0, SQLState: 08001
2025-12-10T00:54:43.458+03:00 ERROR 18352 --- [medical-center-userservice] [SpringApplicationShutdownHook] o.h.engine.jdbc.spi.SqlExceptionHelper   : HikariPool-2 - Connection is not available, request timed out after 30009ms (total=0, active=0, idle=0, waiting=0)
2025-12-10T00:54:43.458+03:00 ERROR 18352 --- [medical-center-userservice] [SpringApplicationShutdownHook] o.h.engine.jdbc.spi.SqlExceptionHelper   : Подсоединение по адресу localhost:65381 отклонено. Проверьте что хост и порт указаны правильно и что postmaster принимает TCP/IP-подсоединения.
2025-12-10T00:54:43.458+03:00  WARN 18352 --- [medical-center-userservice] [SpringApplicationShutdownHook] o.s.b.f.support.DisposableBeanAdapter    : Invocation of destroy method failed on bean with name 'entityManagerFactory': org.hibernate.exception.JDBCConnectionException: Unable to open JDBC Connection for DDL execution [HikariPool-2 - Connection is not available, request timed out after 30009ms (total=0, active=0, idle=0, waiting=0)] [n/a]
2025-12-10T00:54:43.458+03:00  INFO 18352 --- [medical-center-userservice] [SpringApplicationShutdownHook] com.zaxxer.hikari.HikariDataSource       : HikariPool-2 - Shutdown initiated...
2025-12-10T00:54:43.739+03:00  INFO 18352 --- [medical-center-userservice] [SpringApplicationShutdownHook] com.zaxxer.hikari.HikariDataSource       : HikariPool-2 - Shutdown completed.
2025-12-10T00:54:43.739+03:00  INFO 18352 --- [medical-center-userservice] [SpringApplicationShutdownHook] o.s.m.s.b.SimpleBrokerMessageHandler     : Stopping...
2025-12-10T00:54:43.739+03:00  INFO 18352 --- [medical-center-userservice] [SpringApplicationShutdownHook] o.s.m.s.b.SimpleBrokerMessageHandler     : BrokerAvailabilityEvent[available=false, SimpleBrokerMessageHandler [org.springframework.messaging.simp.broker.DefaultSubscriptionRegistry@42a6b1ef]]
2025-12-10T00:54:43.739+03:00  INFO 18352 --- [medical-center-userservice] [SpringApplicationShutdownHook] o.s.m.s.b.SimpleBrokerMessageHandler     : Stopped.
2025-12-10T00:54:43.741+03:00  INFO 18352 --- [medical-center-userservice] [SpringApplicationShutdownHook] j.LocalContainerEntityManagerFactoryBean : Closing JPA EntityManagerFactory for persistence unit 'default'
2025-12-10T00:54:43.742+03:00  WARN 18352 --- [medical-center-userservice] [SpringApplicationShutdownHook] com.zaxxer.hikari.pool.PoolBase          : HikariPool-3 - Failed to validate connection org.postgresql.jdbc.PgConnection@34144ac (Соединение уже было закрыто). Possibly consider using a shorter maxLifetime value.
2025-12-10T00:54:43.742+03:00  WARN 18352 --- [medical-center-userservice] [SpringApplicationShutdownHook] com.zaxxer.hikari.pool.PoolBase          : HikariPool-3 - Failed to validate connection org.postgresql.jdbc.PgConnection@7c14bdf (Соединение уже было закрыто). Possibly consider using a shorter maxLifetime value.
2025-12-10T00:54:43.742+03:00  WARN 18352 --- [medical-center-userservice] [SpringApplicationShutdownHook] com.zaxxer.hikari.pool.PoolBase          : HikariPool-3 - Failed to validate connection org.postgresql.jdbc.PgConnection@28f3c33d (Соединение уже было закрыто). Possibly consider using a shorter maxLifetime value.
2025-12-10T00:54:43.743+03:00  WARN 18352 --- [medical-center-userservice] [SpringApplicationShutdownHook] com.zaxxer.hikari.pool.PoolBase          : HikariPool-3 - Failed to validate connection org.postgresql.jdbc.PgConnection@67e6ed1b (Соединение уже было закрыто). Possibly consider using a shorter maxLifetime value.
2025-12-10T00:54:43.743+03:00  WARN 18352 --- [medical-center-userservice] [SpringApplicationShutdownHook] com.zaxxer.hikari.pool.PoolBase          : HikariPool-3 - Failed to validate connection org.postgresql.jdbc.PgConnection@6af4cd8b (Соединение уже было закрыто). Possibly consider using a shorter maxLifetime value.
2025-12-10T00:54:43.743+03:00  WARN 18352 --- [medical-center-userservice] [SpringApplicationShutdownHook] com.zaxxer.hikari.pool.PoolBase          : HikariPool-3 - Failed to validate connection org.postgresql.jdbc.PgConnection@5c2811c3 (Соединение уже было закрыто). Possibly consider using a shorter maxLifetime value.
2025-12-10T00:54:43.743+03:00  WARN 18352 --- [medical-center-userservice] [SpringApplicationShutdownHook] com.zaxxer.hikari.pool.PoolBase          : HikariPool-3 - Failed to validate connection org.postgresql.jdbc.PgConnection@1714c0db (Соединение уже было закрыто). Possibly consider using a shorter maxLifetime value.
2025-12-10T00:54:43.744+03:00  WARN 18352 --- [medical-center-userservice] [SpringApplicationShutdownHook] com.zaxxer.hikari.pool.PoolBase          : HikariPool-3 - Failed to validate connection org.postgresql.jdbc.PgConnection@47ca7917 (Соединение уже было закрыто). Possibly consider using a shorter maxLifetime value.
2025-12-10T00:54:43.744+03:00  WARN 18352 --- [medical-center-userservice] [SpringApplicationShutdownHook] com.zaxxer.hikari.pool.PoolBase          : HikariPool-3 - Failed to validate connection org.postgresql.jdbc.PgConnection@b1e7cf0 (Соединение уже было закрыто). Possibly consider using a shorter maxLifetime value.
2025-12-10T00:54:43.744+03:00  WARN 18352 --- [medical-center-userservice] [SpringApplicationShutdownHook] com.zaxxer.hikari.pool.PoolBase          : HikariPool-3 - Failed to validate connection org.postgresql.jdbc.PgConnection@1724d259 (Соединение уже было закрыто). Possibly consider using a shorter maxLifetime value.
2025-12-10T00:55:13.747+03:00  WARN 18352 --- [medical-center-userservice] [SpringApplicationShutdownHook] o.h.engine.jdbc.spi.SqlExceptionHelper   : SQL Error: 0, SQLState: 08001
2025-12-10T00:55:13.747+03:00 ERROR 18352 --- [medical-center-userservice] [SpringApplicationShutdownHook] o.h.engine.jdbc.spi.SqlExceptionHelper   : HikariPool-3 - Connection is not available, request timed out after 30005ms (total=0, active=0, idle=0, waiting=0)
2025-12-10T00:55:13.747+03:00 ERROR 18352 --- [medical-center-userservice] [SpringApplicationShutdownHook] o.h.engine.jdbc.spi.SqlExceptionHelper   : Подсоединение по адресу localhost:65395 отклонено. Проверьте что хост и порт указаны правильно и что postmaster принимает TCP/IP-подсоединения.
2025-12-10T00:55:13.747+03:00  WARN 18352 --- [medical-center-userservice] [SpringApplicationShutdownHook] o.s.b.f.support.DisposableBeanAdapter    : Invocation of destroy method failed on bean with name 'entityManagerFactory': org.hibernate.exception.JDBCConnectionException: Unable to open JDBC Connection for DDL execution [HikariPool-3 - Connection is not available, request timed out after 30005ms (total=0, active=0, idle=0, waiting=0)] [n/a]
2025-12-10T00:55:13.747+03:00  INFO 18352 --- [medical-center-userservice] [SpringApplicationShutdownHook] com.zaxxer.hikari.HikariDataSource       : HikariPool-3 - Shutdown initiated...
2025-12-10T00:55:13.979+03:00  INFO 18352 --- [medical-center-userservice] [SpringApplicationShutdownHook] com.zaxxer.hikari.HikariDataSource       : HikariPool-3 - Shutdown completed.
2025-12-10T00:55:13.980+03:00  INFO 18352 --- [medical-center-userservice] [SpringApplicationShutdownHook] o.s.m.s.b.SimpleBrokerMessageHandler     : Stopping...
2025-12-10T00:55:13.980+03:00  INFO 18352 --- [medical-center-userservice] [SpringApplicationShutdownHook] o.s.m.s.b.SimpleBrokerMessageHandler     : BrokerAvailabilityEvent[available=false, SimpleBrokerMessageHandler [org.springframework.messaging.simp.broker.DefaultSubscriptionRegistry@7683d1b2]]
2025-12-10T00:55:13.980+03:00  INFO 18352 --- [medical-center-userservice] [SpringApplicationShutdownHook] o.s.m.s.b.SimpleBrokerMessageHandler     : Stopped.
2025-12-10T00:55:13.982+03:00  INFO 18352 --- [medical-center-userservice] [SpringApplicationShutdownHook] j.LocalContainerEntityManagerFactoryBean : Closing JPA EntityManagerFactory for persistence unit 'default'
2025-12-10T00:55:13.984+03:00  WARN 18352 --- [medical-center-userservice] [SpringApplicationShutdownHook] com.zaxxer.hikari.pool.PoolBase          : HikariPool-4 - Failed to validate connection org.postgresql.jdbc.PgConnection@6d549137 (Соединение уже было закрыто). Possibly consider using a shorter maxLifetime value.
2025-12-10T00:55:13.985+03:00  WARN 18352 --- [medical-center-userservice] [SpringApplicationShutdownHook] com.zaxxer.hikari.pool.PoolBase          : HikariPool-4 - Failed to validate connection org.postgresql.jdbc.PgConnection@7b97bb37 (Соединение уже было закрыто). Possibly consider using a shorter maxLifetime value.
2025-12-10T00:55:13.985+03:00  WARN 18352 --- [medical-center-userservice] [SpringApplicationShutdownHook] com.zaxxer.hikari.pool.PoolBase          : HikariPool-4 - Failed to validate connection org.postgresql.jdbc.PgConnection@635b5a01 (Соединение уже было закрыто). Possibly consider using a shorter maxLifetime value.
2025-12-10T00:55:13.985+03:00  WARN 18352 --- [medical-center-userservice] [SpringApplicationShutdownHook] com.zaxxer.hikari.pool.PoolBase          : HikariPool-4 - Failed to validate connection org.postgresql.jdbc.PgConnection@591b61df (Соединение уже было закрыто). Possibly consider using a shorter maxLifetime value.
2025-12-10T00:55:13.986+03:00  WARN 18352 --- [medical-center-userservice] [SpringApplicationShutdownHook] com.zaxxer.hikari.pool.PoolBase          : HikariPool-4 - Failed to validate connection org.postgresql.jdbc.PgConnection@13b0a5e4 (Соединение уже было закрыто). Possibly consider using a shorter maxLifetime value.
2025-12-10T00:55:13.986+03:00  WARN 18352 --- [medical-center-userservice] [SpringApplicationShutdownHook] com.zaxxer.hikari.pool.PoolBase          : HikariPool-4 - Failed to validate connection org.postgresql.jdbc.PgConnection@5538faa6 (Соединение уже было закрыто). Possibly consider using a shorter maxLifetime value.
2025-12-10T00:55:13.987+03:00  WARN 18352 --- [medical-center-userservice] [SpringApplicationShutdownHook] com.zaxxer.hikari.pool.PoolBase          : HikariPool-4 - Failed to validate connection org.postgresql.jdbc.PgConnection@6c0a2952 (Соединение уже было закрыто). Possibly consider using a shorter maxLifetime value.
2025-12-10T00:55:13.987+03:00  WARN 18352 --- [medical-center-userservice] [SpringApplicationShutdownHook] com.zaxxer.hikari.pool.PoolBase          : HikariPool-4 - Failed to validate connection org.postgresql.jdbc.PgConnection@6e1db895 (Соединение уже было закрыто). Possibly consider using a shorter maxLifetime value.
2025-12-10T00:55:13.988+03:00  WARN 18352 --- [medical-center-userservice] [SpringApplicationShutdownHook] com.zaxxer.hikari.pool.PoolBase          : HikariPool-4 - Failed to validate connection org.postgresql.jdbc.PgConnection@7894bf37 (Соединение уже было закрыто). Possibly consider using a shorter maxLifetime value.
2025-12-10T00:55:13.988+03:00  WARN 18352 --- [medical-center-userservice] [SpringApplicationShutdownHook] com.zaxxer.hikari.pool.PoolBase          : HikariPool-4 - Failed to validate connection org.postgresql.jdbc.PgConnection@6aeb8749 (Соединение уже было закрыто). Possibly consider using a shorter maxLifetime value.
2025-12-10T00:55:18.794+03:00  WARN 18352 --- [medical-center-userservice] [HikariPool-5:housekeeper] com.zaxxer.hikari.pool.PoolBase          : HikariPool-5 - Failed to validate connection org.postgresql.jdbc.PgConnection@506f21c9 (Соединение уже было закрыто). Possibly consider using a shorter maxLifetime value.
2025-12-10T00:55:24.121+03:00  WARN 18352 --- [medical-center-userservice] [HikariPool-5:housekeeper] com.zaxxer.hikari.pool.PoolBase          : HikariPool-5 - Failed to validate connection org.postgresql.jdbc.PgConnection@1e15b46e (Соединение уже было закрыто). Possibly consider using a shorter maxLifetime value.
2025-12-10T00:55:24.872+03:00  WARN 18352 --- [medical-center-userservice] [HikariPool-5:housekeeper] com.zaxxer.hikari.pool.PoolBase          : HikariPool-5 - Failed to validate connection org.postgresql.jdbc.PgConnection@12c190e8 (Соединение уже было закрыто). Possibly consider using a shorter maxLifetime value.
2025-12-10T00:55:25.616+03:00  WARN 18352 --- [medical-center-userservice] [HikariPool-5:housekeeper] com.zaxxer.hikari.pool.PoolBase          : HikariPool-5 - Failed to validate connection org.postgresql.jdbc.PgConnection@302e94d3 (Соединение уже было закрыто). Possibly consider using a shorter maxLifetime value.
2025-12-10T00:55:29.523+03:00  WARN 18352 --- [medical-center-userservice] [HikariPool-5:housekeeper] com.zaxxer.hikari.pool.PoolBase          : HikariPool-5 - Failed to validate connection org.postgresql.jdbc.PgConnection@3a29871f (Соединение уже было закрыто). Possibly consider using a shorter maxLifetime value.
2025-12-10T00:55:31.955+03:00  WARN 18352 --- [medical-center-userservice] [HikariPool-5:housekeeper] com.zaxxer.hikari.pool.PoolBase          : HikariPool-5 - Failed to validate connection org.postgresql.jdbc.PgConnection@7bf87513 (Соединение уже было закрыто). Possibly consider using a shorter maxLifetime value.
2025-12-10T00:55:37.240+03:00  WARN 18352 --- [medical-center-userservice] [HikariPool-5:housekeeper] com.zaxxer.hikari.pool.PoolBase          : HikariPool-5 - Failed to validate connection org.postgresql.jdbc.PgConnection@60d7b481 (Соединение уже было закрыто). Possibly consider using a shorter maxLifetime value.
2025-12-10T00:55:38.387+03:00  WARN 18352 --- [medical-center-userservice] [HikariPool-5:housekeeper] com.zaxxer.hikari.pool.PoolBase          : HikariPool-5 - Failed to validate connection org.postgresql.jdbc.PgConnection@4a2a59b4 (Соединение уже было закрыто). Possibly consider using a shorter maxLifetime value.
2025-12-10T00:55:38.920+03:00  WARN 18352 --- [medical-center-userservice] [HikariPool-5:housekeeper] com.zaxxer.hikari.pool.PoolBase          : HikariPool-5 - Failed to validate connection org.postgresql.jdbc.PgConnection@793fef05 (Соединение уже было закрыто). Possibly consider using a shorter maxLifetime value.
2025-12-10T00:55:40.404+03:00  WARN 18352 --- [medical-center-userservice] [HikariPool-5:housekeeper] com.zaxxer.hikari.pool.PoolBase          : HikariPool-5 - Failed to validate connection org.postgresql.jdbc.PgConnection@754d840d (Соединение уже было закрыто). Possibly consider using a shorter maxLifetime value.
2025-12-10T00:55:43.984+03:00  WARN 18352 --- [medical-center-userservice] [SpringApplicationShutdownHook] o.h.engine.jdbc.spi.SqlExceptionHelper   : SQL Error: 0, SQLState: 08001
2025-12-10T00:55:43.984+03:00 ERROR 18352 --- [medical-center-userservice] [SpringApplicationShutdownHook] o.h.engine.jdbc.spi.SqlExceptionHelper   : HikariPool-4 - Connection is not available, request timed out after 30000ms (total=0, active=0, idle=0, waiting=0)
2025-12-10T00:55:43.984+03:00 ERROR 18352 --- [medical-center-userservice] [SpringApplicationShutdownHook] o.h.engine.jdbc.spi.SqlExceptionHelper   : Подсоединение по адресу localhost:65408 отклонено. Проверьте что хост и порт указаны правильно и что postmaster принимает TCP/IP-подсоединения.
2025-12-10T00:55:43.984+03:00  WARN 18352 --- [medical-center-userservice] [SpringApplicationShutdownHook] o.s.b.f.support.DisposableBeanAdapter    : Invocation of destroy method failed on bean with name 'entityManagerFactory': org.hibernate.exception.JDBCConnectionException: Unable to open JDBC Connection for DDL execution [HikariPool-4 - Connection is not available, request timed out after 30000ms (total=0, active=0, idle=0, waiting=0)] [n/a]
2025-12-10T00:55:43.984+03:00  INFO 18352 --- [medical-center-userservice] [SpringApplicationShutdownHook] com.zaxxer.hikari.HikariDataSource       : HikariPool-4 - Shutdown initiated...
2025-12-10T00:55:44.233+03:00  INFO 18352 --- [medical-center-userservice] [SpringApplicationShutdownHook] com.zaxxer.hikari.HikariDataSource       : HikariPool-4 - Shutdown completed.
2025-12-10T00:55:44.233+03:00  INFO 18352 --- [medical-center-userservice] [SpringApplicationShutdownHook] o.s.m.s.b.SimpleBrokerMessageHandler     : Stopping...
2025-12-10T00:55:44.234+03:00  INFO 18352 --- [medical-center-userservice] [SpringApplicationShutdownHook] o.s.m.s.b.SimpleBrokerMessageHandler     : BrokerAvailabilityEvent[available=false, SimpleBrokerMessageHandler [org.springframework.messaging.simp.broker.DefaultSubscriptionRegistry@65ef520a]]
2025-12-10T00:55:44.234+03:00  INFO 18352 --- [medical-center-userservice] [SpringApplicationShutdownHook] o.s.m.s.b.SimpleBrokerMessageHandler     : Stopped.
2025-12-10T00:55:44.234+03:00  INFO 18352 --- [medical-center-userservice] [SpringApplicationShutdownHook] j.LocalContainerEntityManagerFactoryBean : Closing JPA EntityManagerFactory for persistence unit 'default'
2025-12-10T00:56:14.236+03:00  WARN 18352 --- [medical-center-userservice] [SpringApplicationShutdownHook] o.h.engine.jdbc.spi.SqlExceptionHelper   : SQL Error: 0, SQLState: 08001
2025-12-10T00:56:14.236+03:00 ERROR 18352 --- [medical-center-userservice] [SpringApplicationShutdownHook] o.h.engine.jdbc.spi.SqlExceptionHelper   : HikariPool-5 - Connection is not available, request timed out after 30000ms (total=0, active=0, idle=0, waiting=0)
2025-12-10T00:56:14.236+03:00 ERROR 18352 --- [medical-center-userservice] [SpringApplicationShutdownHook] o.h.engine.jdbc.spi.SqlExceptionHelper   : Подсоединение по адресу localhost:65428 отклонено. Проверьте что хост и порт указаны правильно и что postmaster принимает TCP/IP-подсоединения.
2025-12-10T00:56:14.236+03:00  WARN 18352 --- [medical-center-userservice] [SpringApplicationShutdownHook] o.s.b.f.support.DisposableBeanAdapter    : Invocation of destroy method failed on bean with name 'entityManagerFactory': org.hibernate.exception.JDBCConnectionException: Unable to open JDBC Connection for DDL execution [HikariPool-5 - Connection is not available, request timed out after 30000ms (total=0, active=0, idle=0, waiting=0)] [n/a]
2025-12-10T00:56:14.236+03:00  INFO 18352 --- [medical-center-userservice] [SpringApplicationShutdownHook] com.zaxxer.hikari.HikariDataSource       : HikariPool-5 - Shutdown initiated...
2025-12-10T00:56:19.145+03:00  INFO 18352 --- [medical-center-userservice] [SpringApplicationShutdownHook] com.zaxxer.hikari.HikariDataSource       : HikariPool-5 - Shutdown completed.
2025-12-10T00:57:57.113+03:00  INFO 6468 --- [medical-center-userservice] [main] m.u.c.DoctorControllerIntegrationTest    : Starting DoctorControllerIntegrationTest using Java 22.0.2 with PID 6468 (started by voitu in C:\studying\pt_backend\UserService)
2025-12-10T00:57:57.115+03:00 DEBUG 6468 --- [medical-center-userservice] [main] m.u.c.DoctorControllerIntegrationTest    : Running with Spring Boot v3.5.5, Spring v6.2.10
2025-12-10T00:57:57.115+03:00  INFO 6468 --- [medical-center-userservice] [main] m.u.c.DoctorControllerIntegrationTest    : The following 1 profile is active: "dev"
2025-12-10T00:57:58.001+03:00  INFO 6468 --- [medical-center-userservice] [main] .s.d.r.c.RepositoryConfigurationDelegate : Bootstrapping Spring Data JPA repositories in DEFAULT mode.
2025-12-10T00:57:58.125+03:00  INFO 6468 --- [medical-center-userservice] [main] .s.d.r.c.RepositoryConfigurationDelegate : Finished Spring Data repository scanning in 112 ms. Found 12 JPA repository interfaces.
2025-12-10T00:57:58.876+03:00  INFO 6468 --- [medical-center-userservice] [main] o.hibernate.jpa.internal.util.LogHelper  : HHH000204: Processing PersistenceUnitInfo [name: default]
2025-12-10T00:57:58.969+03:00  INFO 6468 --- [medical-center-userservice] [main] org.hibernate.Version                    : HHH000412: Hibernate ORM core version 6.6.26.Final
2025-12-10T00:57:59.033+03:00  INFO 6468 --- [medical-center-userservice] [main] o.h.c.internal.RegionFactoryInitiator    : HHH000026: Second-level cache disabled
2025-12-10T00:57:59.373+03:00  INFO 6468 --- [medical-center-userservice] [main] o.s.o.j.p.SpringPersistenceUnitInfo      : No LoadTimeWeaver setup: ignoring JPA class transformer
2025-12-10T00:57:59.407+03:00  INFO 6468 --- [medical-center-userservice] [main] com.zaxxer.hikari.HikariDataSource       : HikariPool-1 - Starting...
2025-12-10T00:57:59.600+03:00  INFO 6468 --- [medical-center-userservice] [main] com.zaxxer.hikari.pool.HikariPool        : HikariPool-1 - Added connection org.postgresql.jdbc.PgConnection@7c680fe1
2025-12-10T00:57:59.602+03:00  INFO 6468 --- [medical-center-userservice] [main] com.zaxxer.hikari.HikariDataSource       : HikariPool-1 - Start completed.
2025-12-10T00:57:59.631+03:00  WARN 6468 --- [medical-center-userservice] [main] org.hibernate.orm.deprecation            : HHH90000025: PostgreSQLDialect does not need to be specified explicitly using 'hibernate.dialect' (remove the property setting and it will be selected by default)
2025-12-10T00:57:59.651+03:00  INFO 6468 --- [medical-center-userservice] [main] org.hibernate.orm.connections.pooling    : HHH10001005: Database info:
	Database JDBC URL [Connecting through datasource 'HikariDataSource (HikariPool-1)']
	Database driver: undefined/unknown
	Database version: 16.11
	Autocommit mode: undefined/unknown
	Isolation level: undefined/unknown
	Minimum pool size: undefined/unknown
	Maximum pool size: undefined/unknown
2025-12-10T00:58:00.613+03:00  INFO 6468 --- [medical-center-userservice] [main] o.h.e.t.j.p.i.JtaPlatformInitiator       : HHH000489: No JTA platform available (set 'hibernate.transaction.jta.platform' to enable JTA platform integration)
2025-12-10T00:58:00.732+03:00  INFO 6468 --- [medical-center-userservice] [main] j.LocalContainerEntityManagerFactoryBean : Initialized JPA EntityManagerFactory for persistence unit 'default'
2025-12-10T00:58:01.242+03:00  INFO 6468 --- [medical-center-userservice] [main] o.s.d.j.r.query.QueryEnhancerFactory     : Hibernate is in classpath; If applicable, HQL parser will be used.
2025-12-10T00:58:02.667+03:00  WARN 6468 --- [medical-center-userservice] [main] JpaBaseConfiguration$JpaWebConfiguration : spring.jpa.open-in-view is enabled by default. Therefore, database queries may be performed during view rendering. Explicitly configure spring.jpa.open-in-view to disable this warning
2025-12-10T00:58:02.995+03:00  WARN 6468 --- [medical-center-userservice] [main] .s.s.UserDetailsServiceAutoConfiguration : 

Using generated security password: 1431be9c-2c42-4e24-8d77-32f9f3528a80

This generated password is for development use only. Your security configuration must be updated before running your application in production.

2025-12-10T00:58:03.007+03:00  INFO 6468 --- [medical-center-userservice] [main] r$InitializeUserDetailsManagerConfigurer : Global AuthenticationManager configured with UserDetailsService bean with name inMemoryUserDetailsManager
2025-12-10T00:58:03.464+03:00 DEBUG 6468 --- [medical-center-userservice] [main] m.u.c.security.JwtAuthenticationFilter   : Filter 'jwtAuthenticationFilter' configured for use
2025-12-10T00:58:03.465+03:00  INFO 6468 --- [medical-center-userservice] [main] o.s.b.t.m.w.SpringBootMockServletContext : Initializing Spring TestDispatcherServlet ''
2025-12-10T00:58:03.465+03:00  INFO 6468 --- [medical-center-userservice] [main] o.s.t.web.servlet.TestDispatcherServlet  : Initializing Servlet ''
2025-12-10T00:58:03.466+03:00  INFO 6468 --- [medical-center-userservice] [main] o.s.t.web.servlet.TestDispatcherServlet  : Completed initialization in 1 ms
2025-12-10T00:58:03.487+03:00  INFO 6468 --- [medical-center-userservice] [main] o.s.m.s.b.SimpleBrokerMessageHandler     : Starting...
2025-12-10T00:58:03.489+03:00  INFO 6468 --- [medical-center-userservice] [main] o.s.m.s.b.SimpleBrokerMessageHandler     : BrokerAvailabilityEvent[available=true, SimpleBrokerMessageHandler [org.springframework.messaging.simp.broker.DefaultSubscriptionRegistry@7f8ac54f]]
2025-12-10T00:58:03.490+03:00  INFO 6468 --- [medical-center-userservice] [main] o.s.m.s.b.SimpleBrokerMessageHandler     : Started.
2025-12-10T00:58:03.498+03:00  INFO 6468 --- [medical-center-userservice] [main] m.u.c.DoctorControllerIntegrationTest    : Started DoctorControllerIntegrationTest in 6.744 seconds (process running for 12.017)
2025-12-10T00:58:03.836+03:00 DEBUG 6468 --- [medical-center-userservice] [main] m.u.service.impl.DoctorService           : recalculating rating for doctor with id: 22ad19b5-1058-43e2-a807-ba5b607461ba
2025-12-10T00:58:03.915+03:00 DEBUG 6468 --- [medical-center-userservice] [main] m.u.service.impl.DoctorService           : updated rating for doctor 22ad19b5-1058-43e2-a807-ba5b607461ba to 4.00
2025-12-10T00:58:04.072+03:00 DEBUG 6468 --- [medical-center-userservice] [main] m.u.service.impl.DoctorService           : recalculating rating for doctor with id: 5031b310-018f-4559-9c72-5249d449d959
2025-12-10T00:58:04.084+03:00 DEBUG 6468 --- [medical-center-userservice] [main] m.u.service.impl.DoctorService           : updated rating for doctor 5031b310-018f-4559-9c72-5249d449d959 to 0
2025-12-10T00:58:04.113+03:00 DEBUG 6468 --- [medical-center-userservice] [main] m.u.service.impl.DoctorService           : getting rating for doctor with id: 3df3887b-b5c5-4de2-9856-0b1e2d3aae60
2025-12-10T00:58:04.135+03:00 DEBUG 6468 --- [medical-center-userservice] [main] m.u.service.impl.DoctorService           : getting rating for doctor with id: 0433d4f8-9b88-4131-8893-29c699b51ab2
2025-12-10T00:58:04.140+03:00  WARN 6468 --- [medical-center-userservice] [main] m.u.exception.GlobalExceptionHandler     : Entity not found: Entity with id '0433d4f8-9b88-4131-8893-29c699b51ab2' not found
2025-12-10T00:58:04.165+03:00 DEBUG 6468 --- [medical-center-userservice] [main] m.u.service.impl.DoctorService           : getting rating for doctor with id: d2812693-b83b-4810-98f5-36b682bf2f80
2025-12-10T00:58:04.184+03:00 DEBUG 6468 --- [medical-center-userservice] [main] m.u.service.impl.DoctorService           : recalculating rating for doctor with id: 58f74308-0d04-4fc4-a7e7-874f01ac1024
2025-12-10T00:58:04.187+03:00  WARN 6468 --- [medical-center-userservice] [main] m.u.exception.GlobalExceptionHandler     : Entity not found: Entity with id '58f74308-0d04-4fc4-a7e7-874f01ac1024' not found
2025-12-10T00:58:04.628+03:00  INFO 6468 --- [medical-center-userservice] [main] t.c.s.AnnotationConfigContextLoaderUtils : Could not detect default configuration classes for test class [medicalcenter.userservice.controller.DoctorReviewsControllerIntegrationTest]: DoctorReviewsControllerIntegrationTest does not declare any static, non-private, non-final, nested classes annotated with @Configuration.
2025-12-10T00:58:04.635+03:00  INFO 6468 --- [medical-center-userservice] [main] .b.t.c.SpringBootTestContextBootstrapper : Found @SpringBootConfiguration medicalcenter.userservice.UserServiceApplication for test class medicalcenter.userservice.controller.DoctorReviewsControllerIntegrationTest
2025-12-10T00:58:04.639+03:00  INFO 6468 --- [medical-center-userservice] [main] tc.postgres:16-alpine                    : Creating container for image: postgres:16-alpine
2025-12-10T00:58:04.726+03:00  INFO 6468 --- [medical-center-userservice] [main] tc.postgres:16-alpine                    : Container postgres:16-alpine is starting: 15b74f5d154c96828a5eaa46d98c1938029a3f9d8e85f2b042f633dff8e39e3d
2025-12-10T00:58:07.021+03:00  INFO 6468 --- [medical-center-userservice] [main] tc.postgres:16-alpine                    : Container postgres:16-alpine started in PT2.3828048S
2025-12-10T00:58:07.022+03:00  INFO 6468 --- [medical-center-userservice] [main] tc.postgres:16-alpine                    : Container is started (JDBC URL: jdbc:postgresql://localhost:52746/testdb?loggerLevel=OFF)
2025-12-10T00:58:07.045+03:00  INFO 6468 --- [medical-center-userservice] [main] c.DoctorReviewsControllerIntegrationTest : Starting DoctorReviewsControllerIntegrationTest using Java 22.0.2 with PID 6468 (started by voitu in C:\studying\pt_backend\UserService)
2025-12-10T00:58:07.046+03:00 DEBUG 6468 --- [medical-center-userservice] [main] c.DoctorReviewsControllerIntegrationTest : Running with Spring Boot v3.5.5, Spring v6.2.10
2025-12-10T00:58:07.046+03:00  INFO 6468 --- [medical-center-userservice] [main] c.DoctorReviewsControllerIntegrationTest : The following 1 profile is active: "dev"
2025-12-10T00:58:07.293+03:00  INFO 6468 --- [medical-center-userservice] [main] .s.d.r.c.RepositoryConfigurationDelegate : Bootstrapping Spring Data JPA repositories in DEFAULT mode.
2025-12-10T00:58:07.335+03:00  INFO 6468 --- [medical-center-userservice] [main] .s.d.r.c.RepositoryConfigurationDelegate : Finished Spring Data repository scanning in 41 ms. Found 12 JPA repository interfaces.
2025-12-10T00:58:07.438+03:00  INFO 6468 --- [medical-center-userservice] [main] o.hibernate.jpa.internal.util.LogHelper  : HHH000204: Processing PersistenceUnitInfo [name: default]
2025-12-10T00:58:07.440+03:00  INFO 6468 --- [medical-center-userservice] [main] o.h.c.internal.RegionFactoryInitiator    : HHH000026: Second-level cache disabled
2025-12-10T00:58:07.448+03:00  INFO 6468 --- [medical-center-userservice] [main] o.s.o.j.p.SpringPersistenceUnitInfo      : No LoadTimeWeaver setup: ignoring JPA class transformer
2025-12-10T00:58:07.449+03:00  INFO 6468 --- [medical-center-userservice] [main] com.zaxxer.hikari.HikariDataSource       : HikariPool-2 - Starting...
2025-12-10T00:58:07.481+03:00  INFO 6468 --- [medical-center-userservice] [main] com.zaxxer.hikari.pool.HikariPool        : HikariPool-2 - Added connection org.postgresql.jdbc.PgConnection@5196c8c0
2025-12-10T00:58:07.482+03:00  INFO 6468 --- [medical-center-userservice] [main] com.zaxxer.hikari.HikariDataSource       : HikariPool-2 - Start completed.
2025-12-10T00:58:07.488+03:00  WARN 6468 --- [medical-center-userservice] [main] org.hibernate.orm.deprecation            : HHH90000025: PostgreSQLDialect does not need to be specified explicitly using 'hibernate.dialect' (remove the property setting and it will be selected by default)
2025-12-10T00:58:07.492+03:00  INFO 6468 --- [medical-center-userservice] [main] org.hibernate.orm.connections.pooling    : HHH10001005: Database info:
	Database JDBC URL [Connecting through datasource 'HikariDataSource (HikariPool-2)']
	Database driver: undefined/unknown
	Database version: 16.11
	Autocommit mode: undefined/unknown
	Isolation level: undefined/unknown
	Minimum pool size: undefined/unknown
	Maximum pool size: undefined/unknown
2025-12-10T00:58:07.616+03:00  INFO 6468 --- [medical-center-userservice] [main] o.h.e.t.j.p.i.JtaPlatformInitiator       : HHH000489: No JTA platform available (set 'hibernate.transaction.jta.platform' to enable JTA platform integration)
2025-12-10T00:58:07.713+03:00  INFO 6468 --- [medical-center-userservice] [main] j.LocalContainerEntityManagerFactoryBean : Initialized JPA EntityManagerFactory for persistence unit 'default'
2025-12-10T00:58:07.999+03:00  WARN 6468 --- [medical-center-userservice] [main] JpaBaseConfiguration$JpaWebConfiguration : spring.jpa.open-in-view is enabled by default. Therefore, database queries may be performed during view rendering. Explicitly configure spring.jpa.open-in-view to disable this warning
2025-12-10T00:58:08.061+03:00  WARN 6468 --- [medical-center-userservice] [main] .s.s.UserDetailsServiceAutoConfiguration : 

Using generated security password: ab4c350b-9c3a-4179-bb14-1f6512218dbe

This generated password is for development use only. Your security configuration must be updated before running your application in production.

2025-12-10T00:58:08.062+03:00  INFO 6468 --- [medical-center-userservice] [main] r$InitializeUserDetailsManagerConfigurer : Global AuthenticationManager configured with UserDetailsService bean with name inMemoryUserDetailsManager
2025-12-10T00:58:08.143+03:00 DEBUG 6468 --- [medical-center-userservice] [main] m.u.c.security.JwtAuthenticationFilter   : Filter 'jwtAuthenticationFilter' configured for use
2025-12-10T00:58:08.143+03:00  INFO 6468 --- [medical-center-userservice] [main] o.s.b.t.m.w.SpringBootMockServletContext : Initializing Spring TestDispatcherServlet ''
2025-12-10T00:58:08.143+03:00  INFO 6468 --- [medical-center-userservice] [main] o.s.t.web.servlet.TestDispatcherServlet  : Initializing Servlet ''
2025-12-10T00:58:08.144+03:00  INFO 6468 --- [medical-center-userservice] [main] o.s.t.web.servlet.TestDispatcherServlet  : Completed initialization in 0 ms
2025-12-10T00:58:08.149+03:00  INFO 6468 --- [medical-center-userservice] [main] o.s.m.s.b.SimpleBrokerMessageHandler     : Starting...
2025-12-10T00:58:08.149+03:00  INFO 6468 --- [medical-center-userservice] [main] o.s.m.s.b.SimpleBrokerMessageHandler     : BrokerAvailabilityEvent[available=true, SimpleBrokerMessageHandler [org.springframework.messaging.simp.broker.DefaultSubscriptionRegistry@3cceea18]]
2025-12-10T00:58:08.149+03:00  INFO 6468 --- [medical-center-userservice] [main] o.s.m.s.b.SimpleBrokerMessageHandler     : Started.
2025-12-10T00:58:08.152+03:00  INFO 6468 --- [medical-center-userservice] [main] c.DoctorReviewsControllerIntegrationTest : Started DoctorReviewsControllerIntegrationTest in 1.127 seconds (process running for 16.672)
2025-12-10T00:58:08.256+03:00  WARN 6468 --- [medical-center-userservice] [main] m.u.exception.GlobalExceptionHandler     : Validation failed: Validation failed for argument [0] in public org.springframework.http.ResponseEntity<medicalcenter.userservice.model.dto.doctorreview.DoctorReviewReadDto> medicalcenter.userservice.controller.DoctorReviewsController.createReview(medicalcenter.userservice.model.dto.doctorreview.DoctorReviewCreateEditDto): [Field error in object 'doctorReviewCreateEditDto' on field 'rating': rejected value [10]; codes [Max.doctorReviewCreateEditDto.rating,Max.rating,Max.java.lang.Integer,Max]; arguments [org.springframework.context.support.DefaultMessageSourceResolvable: codes [doctorReviewCreateEditDto.rating,rating]; arguments []; default message [rating],5]; default message [Rating must be at most 5]] 
2025-12-10T00:58:08.277+03:00 DEBUG 6468 --- [medical-center-userservice] [main] m.u.service.impl.DoctorReviewsService    : approving review with id: be1c2a07-f67a-4341-b15c-4e09f5e963a1
2025-12-10T00:58:08.278+03:00 DEBUG 6468 --- [medical-center-userservice] [main] m.u.service.impl.DoctorService           : recalculating rating for doctor with id: e2e2b6a7-d3a2-4dc9-b1ac-2ae7da237ff8
2025-12-10T00:58:08.301+03:00 DEBUG 6468 --- [medical-center-userservice] [main] m.u.service.impl.DoctorService           : updated rating for doctor e2e2b6a7-d3a2-4dc9-b1ac-2ae7da237ff8 to 5.00
2025-12-10T00:58:08.329+03:00 DEBUG 6468 --- [medical-center-userservice] [main] m.u.service.impl.DoctorReviewsService    : saving doctor review: DoctorReviewCreateEditDto[patientId=0d79bf30-279c-4a3a-b160-892893de3448, doctorId=be074c58-2aab-4dcb-b308-c9c661088028, visitId=8dac1cee-12e7-4500-9761-be73afc9a9a3, rating=5, comment=Отличный врач!, isApproved=true]
2025-12-10T00:58:08.344+03:00 DEBUG 6468 --- [medical-center-userservice] [main] m.u.service.impl.DoctorService           : recalculating rating for doctor with id: be074c58-2aab-4dcb-b308-c9c661088028
2025-12-10T00:58:08.351+03:00 DEBUG 6468 --- [medical-center-userservice] [main] m.u.service.impl.DoctorService           : updated rating for doctor be074c58-2aab-4dcb-b308-c9c661088028 to 5.00
2025-12-10T00:58:08.376+03:00 DEBUG 6468 --- [medical-center-userservice] [main] m.u.service.impl.DoctorReviewsService    : approving review with id: 91100e74-d630-4f4e-93f5-c85392996e57
2025-12-10T00:58:08.378+03:00  WARN 6468 --- [medical-center-userservice] [main] m.u.exception.GlobalExceptionHandler     : Entity not found: Entity with id '91100e74-d630-4f4e-93f5-c85392996e57' not found
2025-12-10T00:58:08.394+03:00 DEBUG 6468 --- [medical-center-userservice] [main] m.u.service.impl.DoctorReviewsService    : saving doctor review: DoctorReviewCreateEditDto[patientId=f408559d-0639-4ee4-ac66-80e1daefd67a, doctorId=bf82832c-a9a4-44db-a74c-6d3b151329f7, visitId=8f54c056-004c-4e8f-ab35-8970458338ab, rating=5, comment=Отличный врач!, isApproved=false]
2025-12-10T00:58:08.405+03:00 DEBUG 6468 --- [medical-center-userservice] [main] m.u.service.impl.DoctorReviewsService    : saving doctor review: DoctorReviewCreateEditDto[patientId=f408559d-0639-4ee4-ac66-80e1daefd67a, doctorId=bf82832c-a9a4-44db-a74c-6d3b151329f7, visitId=8f54c056-004c-4e8f-ab35-8970458338ab, rating=4, comment=Хороший врач!, isApproved=false]
2025-12-10T00:58:08.409+03:00  WARN 6468 --- [medical-center-userservice] [main] m.u.exception.GlobalExceptionHandler     : Invalid argument: Review already exists for visit id: 8f54c056-004c-4e8f-ab35-8970458338ab
2025-12-10T00:58:08.477+03:00 DEBUG 6468 --- [medical-center-userservice] [main] m.u.service.impl.DoctorReviewsService    : saving doctor review: DoctorReviewCreateEditDto[patientId=76bf32ce-1b6d-4058-84bf-d0bb3d5f70d3, doctorId=ae9fa407-2d1a-4d2f-9bac-4b0ccb749cef, visitId=88952246-1a0a-4e3e-836d-806175bbad1d, rating=5, comment=Отличный врач!, isApproved=false]
2025-12-10T00:58:08.918+03:00  INFO 6468 --- [medical-center-userservice] [SpringApplicationShutdownHook] o.s.m.s.b.SimpleBrokerMessageHandler     : Stopping...
2025-12-10T00:58:08.919+03:00  INFO 6468 --- [medical-center-userservice] [SpringApplicationShutdownHook] o.s.m.s.b.SimpleBrokerMessageHandler     : BrokerAvailabilityEvent[available=false, SimpleBrokerMessageHandler [org.springframework.messaging.simp.broker.DefaultSubscriptionRegistry@7f8ac54f]]
2025-12-10T00:58:08.920+03:00  INFO 6468 --- [medical-center-userservice] [SpringApplicationShutdownHook] o.s.m.s.b.SimpleBrokerMessageHandler     : Stopped.
2025-12-10T00:58:08.927+03:00  INFO 6468 --- [medical-center-userservice] [SpringApplicationShutdownHook] j.LocalContainerEntityManagerFactoryBean : Closing JPA EntityManagerFactory for persistence unit 'default'
2025-12-10T00:58:08.943+03:00  WARN 6468 --- [medical-center-userservice] [SpringApplicationShutdownHook] com.zaxxer.hikari.pool.PoolBase          : HikariPool-1 - Failed to validate connection org.postgresql.jdbc.PgConnection@7c680fe1 (Соединение уже было закрыто). Possibly consider using a shorter maxLifetime value.
2025-12-10T00:58:08.945+03:00  WARN 6468 --- [medical-center-userservice] [SpringApplicationShutdownHook] com.zaxxer.hikari.pool.PoolBase          : HikariPool-1 - Failed to validate connection org.postgresql.jdbc.PgConnection@371dd8e8 (Соединение уже было закрыто). Possibly consider using a shorter maxLifetime value.
2025-12-10T00:58:08.947+03:00  WARN 6468 --- [medical-center-userservice] [SpringApplicationShutdownHook] com.zaxxer.hikari.pool.PoolBase          : HikariPool-1 - Failed to validate connection org.postgresql.jdbc.PgConnection@51660ae3 (Соединение уже было закрыто). Possibly consider using a shorter maxLifetime value.
2025-12-10T00:58:08.948+03:00  WARN 6468 --- [medical-center-userservice] [SpringApplicationShutdownHook] com.zaxxer.hikari.pool.PoolBase          : HikariPool-1 - Failed to validate connection org.postgresql.jdbc.PgConnection@5f4e3174 (Соединение уже было закрыто). Possibly consider using a shorter maxLifetime value.
2025-12-10T00:58:08.949+03:00  WARN 6468 --- [medical-center-userservice] [SpringApplicationShutdownHook] com.zaxxer.hikari.pool.PoolBase          : HikariPool-1 - Failed to validate connection org.postgresql.jdbc.PgConnection@21e264b4 (Соединение уже было закрыто). Possibly consider using a shorter maxLifetime value.
2025-12-10T00:58:08.951+03:00  WARN 6468 --- [medical-center-userservice] [SpringApplicationShutdownHook] com.zaxxer.hikari.pool.PoolBase          : HikariPool-1 - Failed to validate connection org.postgresql.jdbc.PgConnection@78e122f8 (Соединение уже было закрыто). Possibly consider using a shorter maxLifetime value.
2025-12-10T00:58:08.952+03:00  WARN 6468 --- [medical-center-userservice] [SpringApplicationShutdownHook] com.zaxxer.hikari.pool.PoolBase          : HikariPool-1 - Failed to validate connection org.postgresql.jdbc.PgConnection@19311e15 (Соединение уже было закрыто). Possibly consider using a shorter maxLifetime value.
2025-12-10T00:58:08.953+03:00  WARN 6468 --- [medical-center-userservice] [SpringApplicationShutdownHook] com.zaxxer.hikari.pool.PoolBase          : HikariPool-1 - Failed to validate connection org.postgresql.jdbc.PgConnection@375a49d6 (Соединение уже было закрыто). Possibly consider using a shorter maxLifetime value.
2025-12-10T00:58:08.956+03:00  WARN 6468 --- [medical-center-userservice] [SpringApplicationShutdownHook] com.zaxxer.hikari.pool.PoolBase          : HikariPool-1 - Failed to validate connection org.postgresql.jdbc.PgConnection@5af5c4d (Соединение уже было закрыто). Possibly consider using a shorter maxLifetime value.
2025-12-10T00:58:08.957+03:00  WARN 6468 --- [medical-center-userservice] [SpringApplicationShutdownHook] com.zaxxer.hikari.pool.PoolBase          : HikariPool-1 - Failed to validate connection org.postgresql.jdbc.PgConnection@74a858e2 (Соединение уже было закрыто). Possibly consider using a shorter maxLifetime value.
2025-12-10T00:58:38.937+03:00  WARN 6468 --- [medical-center-userservice] [SpringApplicationShutdownHook] o.h.engine.jdbc.spi.SqlExceptionHelper   : SQL Error: 0, SQLState: 08001
2025-12-10T00:58:38.937+03:00 ERROR 6468 --- [medical-center-userservice] [SpringApplicationShutdownHook] o.h.engine.jdbc.spi.SqlExceptionHelper   : HikariPool-1 - Connection is not available, request timed out after 30005ms (total=0, active=0, idle=0, waiting=0)
2025-12-10T00:58:38.937+03:00 ERROR 6468 --- [medical-center-userservice] [SpringApplicationShutdownHook] o.h.engine.jdbc.spi.SqlExceptionHelper   : Подсоединение по адресу localhost:52732 отклонено. Проверьте что хост и порт указаны правильно и что postmaster принимает TCP/IP-подсоединения.
2025-12-10T00:58:38.938+03:00  WARN 6468 --- [medical-center-userservice] [SpringApplicationShutdownHook] o.s.b.f.support.DisposableBeanAdapter    : Invocation of destroy method failed on bean with name 'entityManagerFactory': org.hibernate.exception.JDBCConnectionException: Unable to open JDBC Connection for DDL execution [HikariPool-1 - Connection is not available, request timed out after 30005ms (total=0, active=0, idle=0, waiting=0)] [n/a]
2025-12-10T00:58:38.939+03:00  INFO 6468 --- [medical-center-userservice] [SpringApplicationShutdownHook] com.zaxxer.hikari.HikariDataSource       : HikariPool-1 - Shutdown initiated...
2025-12-10T00:58:39.231+03:00  INFO 6468 --- [medical-center-userservice] [SpringApplicationShutdownHook] com.zaxxer.hikari.HikariDataSource       : HikariPool-1 - Shutdown completed.
2025-12-10T00:58:39.232+03:00  INFO 6468 --- [medical-center-userservice] [SpringApplicationShutdownHook] o.s.m.s.b.SimpleBrokerMessageHandler     : Stopping...
2025-12-10T00:58:39.232+03:00  INFO 6468 --- [medical-center-userservice] [SpringApplicationShutdownHook] o.s.m.s.b.SimpleBrokerMessageHandler     : BrokerAvailabilityEvent[available=false, SimpleBrokerMessageHandler [org.springframework.messaging.simp.broker.DefaultSubscriptionRegistry@3cceea18]]
2025-12-10T00:58:39.232+03:00  INFO 6468 --- [medical-center-userservice] [SpringApplicationShutdownHook] o.s.m.s.b.SimpleBrokerMessageHandler     : Stopped.
2025-12-10T00:58:39.232+03:00  INFO 6468 --- [medical-center-userservice] [SpringApplicationShutdownHook] j.LocalContainerEntityManagerFactoryBean : Closing JPA EntityManagerFactory for persistence unit 'default'
2025-12-10T00:58:39.234+03:00  WARN 6468 --- [medical-center-userservice] [SpringApplicationShutdownHook] com.zaxxer.hikari.pool.PoolBase          : HikariPool-2 - Failed to validate connection org.postgresql.jdbc.PgConnection@5196c8c0 (Соединение уже было закрыто). Possibly consider using a shorter maxLifetime value.
2025-12-10T00:58:39.234+03:00  WARN 6468 --- [medical-center-userservice] [SpringApplicationShutdownHook] com.zaxxer.hikari.pool.PoolBase          : HikariPool-2 - Failed to validate connection org.postgresql.jdbc.PgConnection@322c42b7 (Соединение уже было закрыто). Possibly consider using a shorter maxLifetime value.
2025-12-10T00:58:39.235+03:00  WARN 6468 --- [medical-center-userservice] [SpringApplicationShutdownHook] com.zaxxer.hikari.pool.PoolBase          : HikariPool-2 - Failed to validate connection org.postgresql.jdbc.PgConnection@205166b5 (Соединение уже было закрыто). Possibly consider using a shorter maxLifetime value.
2025-12-10T00:58:39.235+03:00  WARN 6468 --- [medical-center-userservice] [SpringApplicationShutdownHook] com.zaxxer.hikari.pool.PoolBase          : HikariPool-2 - Failed to validate connection org.postgresql.jdbc.PgConnection@24e06ff1 (Соединение уже было закрыто). Possibly consider using a shorter maxLifetime value.
2025-12-10T00:58:39.236+03:00  WARN 6468 --- [medical-center-userservice] [SpringApplicationShutdownHook] com.zaxxer.hikari.pool.PoolBase          : HikariPool-2 - Failed to validate connection org.postgresql.jdbc.PgConnection@1add21c7 (Соединение уже было закрыто). Possibly consider using a shorter maxLifetime value.
2025-12-10T00:58:39.236+03:00  WARN 6468 --- [medical-center-userservice] [SpringApplicationShutdownHook] com.zaxxer.hikari.pool.PoolBase          : HikariPool-2 - Failed to validate connection org.postgresql.jdbc.PgConnection@4ab4f1d1 (Соединение уже было закрыто). Possibly consider using a shorter maxLifetime value.
2025-12-10T00:58:39.237+03:00  WARN 6468 --- [medical-center-userservice] [SpringApplicationShutdownHook] com.zaxxer.hikari.pool.PoolBase          : HikariPool-2 - Failed to validate connection org.postgresql.jdbc.PgConnection@617b42fc (Соединение уже было закрыто). Possibly consider using a shorter maxLifetime value.
2025-12-10T00:58:39.237+03:00  WARN 6468 --- [medical-center-userservice] [SpringApplicationShutdownHook] com.zaxxer.hikari.pool.PoolBase          : HikariPool-2 - Failed to validate connection org.postgresql.jdbc.PgConnection@46c336c5 (Соединение уже было закрыто). Possibly consider using a shorter maxLifetime value.
2025-12-10T00:58:39.238+03:00  WARN 6468 --- [medical-center-userservice] [SpringApplicationShutdownHook] com.zaxxer.hikari.pool.PoolBase          : HikariPool-2 - Failed to validate connection org.postgresql.jdbc.PgConnection@3563f4c3 (Соединение уже было закрыто). Possibly consider using a shorter maxLifetime value.
2025-12-10T00:58:39.238+03:00  WARN 6468 --- [medical-center-userservice] [SpringApplicationShutdownHook] com.zaxxer.hikari.pool.PoolBase          : HikariPool-2 - Failed to validate connection org.postgresql.jdbc.PgConnection@5834b1c7 (Соединение уже было закрыто). Possibly consider using a shorter maxLifetime value.
2025-12-10T00:59:09.247+03:00  WARN 6468 --- [medical-center-userservice] [SpringApplicationShutdownHook] o.h.engine.jdbc.spi.SqlExceptionHelper   : SQL Error: 0, SQLState: 08001
2025-12-10T00:59:09.248+03:00 ERROR 6468 --- [medical-center-userservice] [SpringApplicationShutdownHook] o.h.engine.jdbc.spi.SqlExceptionHelper   : HikariPool-2 - Connection is not available, request timed out after 30014ms (total=0, active=0, idle=0, waiting=0)
2025-12-10T00:59:09.248+03:00 ERROR 6468 --- [medical-center-userservice] [SpringApplicationShutdownHook] o.h.engine.jdbc.spi.SqlExceptionHelper   : Подсоединение по адресу localhost:52746 отклонено. Проверьте что хост и порт указаны правильно и что postmaster принимает TCP/IP-подсоединения.
2025-12-10T00:59:09.248+03:00  WARN 6468 --- [medical-center-userservice] [SpringApplicationShutdownHook] o.s.b.f.support.DisposableBeanAdapter    : Invocation of destroy method failed on bean with name 'entityManagerFactory': org.hibernate.exception.JDBCConnectionException: Unable to open JDBC Connection for DDL execution [HikariPool-2 - Connection is not available, request timed out after 30014ms (total=0, active=0, idle=0, waiting=0)] [n/a]
2025-12-10T00:59:09.248+03:00  INFO 6468 --- [medical-center-userservice] [SpringApplicationShutdownHook] com.zaxxer.hikari.HikariDataSource       : HikariPool-2 - Shutdown initiated...
2025-12-10T00:59:09.525+03:00  INFO 6468 --- [medical-center-userservice] [SpringApplicationShutdownHook] com.zaxxer.hikari.HikariDataSource       : HikariPool-2 - Shutdown completed.
