2025-11-04T16:39:57.492+03:00  INFO 18696 --- [medical-center-userservice] [main] m.u.repository.DoctorRepositoryTests     : Starting DoctorRepositoryTests using Java 24.0.2 with PID 18696 (started by Дмитрий in D:\medBack\UserService)
2025-11-04T16:39:57.505+03:00 DEBUG 18696 --- [medical-center-userservice] [main] m.u.repository.DoctorRepositoryTests     : Running with Spring Boot v3.5.5, Spring v6.2.10
2025-11-04T16:39:57.506+03:00  INFO 18696 --- [medical-center-userservice] [main] m.u.repository.DoctorRepositoryTests     : The following 1 profile is active: "dev"
2025-11-04T16:39:58.549+03:00  INFO 18696 --- [medical-center-userservice] [main] .s.d.r.c.RepositoryConfigurationDelegate : Bootstrapping Spring Data JPA repositories in DEFAULT mode.
2025-11-04T16:39:58.809+03:00  INFO 18696 --- [medical-center-userservice] [main] .s.d.r.c.RepositoryConfigurationDelegate : Finished Spring Data repository scanning in 234 ms. Found 11 JPA repository interfaces.
2025-11-04T16:39:58.963+03:00  INFO 18696 --- [medical-center-userservice] [main] beddedDataSourceBeanFactoryPostProcessor : Replacing 'dataSource' DataSource bean with embedded version
2025-11-04T16:39:59.365+03:00  INFO 18696 --- [medical-center-userservice] [main] o.s.j.d.e.EmbeddedDatabaseFactory        : Starting embedded database: url='jdbc:h2:mem:28b891ed-5a4a-4dcc-accc-44d0952a0169;DB_CLOSE_DELAY=-1;DB_CLOSE_ON_EXIT=false', username='sa'
2025-11-04T16:40:00.110+03:00  INFO 18696 --- [medical-center-userservice] [main] o.hibernate.jpa.internal.util.LogHelper  : HHH000204: Processing PersistenceUnitInfo [name: default]
2025-11-04T16:40:00.336+03:00  INFO 18696 --- [medical-center-userservice] [main] org.hibernate.Version                    : HHH000412: Hibernate ORM core version 6.6.26.Final
2025-11-04T16:40:00.477+03:00  INFO 18696 --- [medical-center-userservice] [main] o.h.c.internal.RegionFactoryInitiator    : HHH000026: Second-level cache disabled
2025-11-04T16:40:01.205+03:00  INFO 18696 --- [medical-center-userservice] [main] o.s.o.j.p.SpringPersistenceUnitInfo      : No LoadTimeWeaver setup: ignoring JPA class transformer
2025-11-04T16:40:01.317+03:00  WARN 18696 --- [medical-center-userservice] [main] org.hibernate.dialect.Dialect            : HHH000511: The 2.4.240 version for [org.hibernate.dialect.PostgreSQLDialect] is no longer supported, hence certain features may not work properly. The minimum supported version is 12.0.0. Check the community dialects project for available legacy versions.
2025-11-04T16:40:01.331+03:00  WARN 18696 --- [medical-center-userservice] [main] org.hibernate.orm.deprecation            : HHH90000025: PostgreSQLDialect does not need to be specified explicitly using 'hibernate.dialect' (remove the property setting and it will be selected by default)
2025-11-04T16:40:01.373+03:00  INFO 18696 --- [medical-center-userservice] [main] org.hibernate.orm.connections.pooling    : HHH10001005: Database info:
	Database JDBC URL [Connecting through datasource 'org.springframework.jdbc.datasource.embedded.EmbeddedDatabaseFactory$EmbeddedDataSourceProxy@16ac4d3d']
	Database driver: undefined/unknown
	Database version: 2.4.240
	Autocommit mode: undefined/unknown
	Isolation level: undefined/unknown
	Minimum pool size: undefined/unknown
	Maximum pool size: undefined/unknown
2025-11-04T16:40:04.405+03:00  INFO 18696 --- [medical-center-userservice] [main] o.h.e.t.j.p.i.JtaPlatformInitiator       : HHH000489: No JTA platform available (set 'hibernate.transaction.jta.platform' to enable JTA platform integration)
2025-11-04T16:40:04.460+03:00  WARN 18696 --- [medical-center-userservice] [main] o.h.t.s.i.ExceptionHandlerLoggedImpl     : GenerationTarget encountered exception accepting command : Error executing DDL "set client_min_messages = WARNING" via JDBC [Синтаксическая ошибка в выражении SQL "set [*]client_min_messages = WARNING"; ожидалось "@, AUTOCOMMIT, EXCLUSIVE, IGNORECASE, PASSWORD, SALT, MODE, DATABASE, COLLATION, CLUSTER, DATABASE_EVENT_LISTENER, ALLOW_LITERALS, DEFAULT_TABLE_TYPE, SCHEMA, CATALOG, SCHEMA_SEARCH_PATH, JAVA_OBJECT_SERIALIZER, IGNORE_CATALOGS, SESSION, TRANSACTION, TIME, NON_KEYWORDS, DEFAULT_NULL_ORDERING"
Syntax error in SQL statement "set [*]client_min_messages = WARNING"; expected "@, AUTOCOMMIT, EXCLUSIVE, IGNORECASE, PASSWORD, SALT, MODE, DATABASE, COLLATION, CLUSTER, DATABASE_EVENT_LISTENER, ALLOW_LITERALS, DEFAULT_TABLE_TYPE, SCHEMA, CATALOG, SCHEMA_SEARCH_PATH, JAVA_OBJECT_SERIALIZER, IGNORE_CATALOGS, SESSION, TRANSACTION, TIME, NON_KEYWORDS, DEFAULT_NULL_ORDERING";]

org.hibernate.tool.schema.spi.CommandAcceptanceException: Error executing DDL "set client_min_messages = WARNING" via JDBC [Синтаксическая ошибка в выражении SQL "set [*]client_min_messages = WARNING"; ожидалось "@, AUTOCOMMIT, EXCLUSIVE, IGNORECASE, PASSWORD, SALT, MODE, DATABASE, COLLATION, CLUSTER, DATABASE_EVENT_LISTENER, ALLOW_LITERALS, DEFAULT_TABLE_TYPE, SCHEMA, CATALOG, SCHEMA_SEARCH_PATH, JAVA_OBJECT_SERIALIZER, IGNORE_CATALOGS, SESSION, TRANSACTION, TIME, NON_KEYWORDS, DEFAULT_NULL_ORDERING"
Syntax error in SQL statement "set [*]client_min_messages = WARNING"; expected "@, AUTOCOMMIT, EXCLUSIVE, IGNORECASE, PASSWORD, SALT, MODE, DATABASE, COLLATION, CLUSTER, DATABASE_EVENT_LISTENER, ALLOW_LITERALS, DEFAULT_TABLE_TYPE, SCHEMA, CATALOG, SCHEMA_SEARCH_PATH, JAVA_OBJECT_SERIALIZER, IGNORE_CATALOGS, SESSION, TRANSACTION, TIME, NON_KEYWORDS, DEFAULT_NULL_ORDERING";]
	at org.hibernate.tool.schema.internal.exec.GenerationTargetToDatabase.accept(GenerationTargetToDatabase.java:94) ~[hibernate-core-6.6.26.Final.jar:6.6.26.Final]
	at org.hibernate.tool.schema.internal.Helper.applySqlString(Helper.java:233) ~[hibernate-core-6.6.26.Final.jar:6.6.26.Final]
	at org.hibernate.tool.schema.internal.SchemaDropperImpl.dropFromMetadata(SchemaDropperImpl.java:213) ~[hibernate-core-6.6.26.Final.jar:6.6.26.Final]
	at org.hibernate.tool.schema.internal.SchemaDropperImpl.performDrop(SchemaDropperImpl.java:186) ~[hibernate-core-6.6.26.Final.jar:6.6.26.Final]
	at org.hibernate.tool.schema.internal.SchemaDropperImpl.doDrop(SchemaDropperImpl.java:156) ~[hibernate-core-6.6.26.Final.jar:6.6.26.Final]
	at org.hibernate.tool.schema.internal.SchemaDropperImpl.doDrop(SchemaDropperImpl.java:116) ~[hibernate-core-6.6.26.Final.jar:6.6.26.Final]
	at org.hibernate.tool.schema.spi.SchemaManagementToolCoordinator.performDatabaseAction(SchemaManagementToolCoordinator.java:238) ~[hibernate-core-6.6.26.Final.jar:6.6.26.Final]
	at org.hibernate.tool.schema.spi.SchemaManagementToolCoordinator.lambda$process$5(SchemaManagementToolCoordinator.java:144) ~[hibernate-core-6.6.26.Final.jar:6.6.26.Final]
	at java.base/java.util.HashMap.forEach(HashMap.java:1430) ~[na:na]
	at org.hibernate.tool.schema.spi.SchemaManagementToolCoordinator.process(SchemaManagementToolCoordinator.java:141) ~[hibernate-core-6.6.26.Final.jar:6.6.26.Final]
	at org.hibernate.boot.internal.SessionFactoryObserverForSchemaExport.sessionFactoryCreated(SessionFactoryObserverForSchemaExport.java:37) ~[hibernate-core-6.6.26.Final.jar:6.6.26.Final]
	at org.hibernate.internal.SessionFactoryObserverChain.sessionFactoryCreated(SessionFactoryObserverChain.java:35) ~[hibernate-core-6.6.26.Final.jar:6.6.26.Final]
	at org.hibernate.internal.SessionFactoryImpl.<init>(SessionFactoryImpl.java:324) ~[hibernate-core-6.6.26.Final.jar:6.6.26.Final]
	at org.hibernate.boot.internal.SessionFactoryBuilderImpl.build(SessionFactoryBuilderImpl.java:463) ~[hibernate-core-6.6.26.Final.jar:6.6.26.Final]
	at org.hibernate.jpa.boot.internal.EntityManagerFactoryBuilderImpl.build(EntityManagerFactoryBuilderImpl.java:1517) ~[hibernate-core-6.6.26.Final.jar:6.6.26.Final]
	at org.springframework.orm.jpa.vendor.SpringHibernateJpaPersistenceProvider.createContainerEntityManagerFactory(SpringHibernateJpaPersistenceProvider.java:66) ~[spring-orm-6.2.10.jar:6.2.10]
	at org.springframework.orm.jpa.LocalContainerEntityManagerFactoryBean.createNativeEntityManagerFactory(LocalContainerEntityManagerFactoryBean.java:390) ~[spring-orm-6.2.10.jar:6.2.10]
	at org.springframework.orm.jpa.AbstractEntityManagerFactoryBean.buildNativeEntityManagerFactory(AbstractEntityManagerFactoryBean.java:419) ~[spring-orm-6.2.10.jar:6.2.10]
	at org.springframework.orm.jpa.AbstractEntityManagerFactoryBean.afterPropertiesSet(AbstractEntityManagerFactoryBean.java:400) ~[spring-orm-6.2.10.jar:6.2.10]
	at org.springframework.orm.jpa.LocalContainerEntityManagerFactoryBean.afterPropertiesSet(LocalContainerEntityManagerFactoryBean.java:366) ~[spring-orm-6.2.10.jar:6.2.10]
	at org.springframework.beans.factory.support.AbstractAutowireCapableBeanFactory.invokeInitMethods(AbstractAutowireCapableBeanFactory.java:1873) ~[spring-beans-6.2.10.jar:6.2.10]
	at org.springframework.beans.factory.support.AbstractAutowireCapableBeanFactory.initializeBean(AbstractAutowireCapableBeanFactory.java:1822) ~[spring-beans-6.2.10.jar:6.2.10]
	at org.springframework.beans.factory.support.AbstractAutowireCapableBeanFactory.doCreateBean(AbstractAutowireCapableBeanFactory.java:607) ~[spring-beans-6.2.10.jar:6.2.10]
	at org.springframework.beans.factory.support.AbstractAutowireCapableBeanFactory.createBean(AbstractAutowireCapableBeanFactory.java:529) ~[spring-beans-6.2.10.jar:6.2.10]
	at org.springframework.beans.factory.support.AbstractBeanFactory.lambda$doGetBean$0(AbstractBeanFactory.java:339) ~[spring-beans-6.2.10.jar:6.2.10]
	at org.springframework.beans.factory.support.DefaultSingletonBeanRegistry.getSingleton(DefaultSingletonBeanRegistry.java:373) ~[spring-beans-6.2.10.jar:6.2.10]
	at org.springframework.beans.factory.support.AbstractBeanFactory.doGetBean(AbstractBeanFactory.java:337) ~[spring-beans-6.2.10.jar:6.2.10]
	at org.springframework.beans.factory.support.AbstractBeanFactory.getBean(AbstractBeanFactory.java:207) ~[spring-beans-6.2.10.jar:6.2.10]
	at org.springframework.context.support.AbstractApplicationContext.finishBeanFactoryInitialization(AbstractApplicationContext.java:970) ~[spring-context-6.2.10.jar:6.2.10]
	at org.springframework.context.support.AbstractApplicationContext.refresh(AbstractApplicationContext.java:627) ~[spring-context-6.2.10.jar:6.2.10]
	at org.springframework.boot.SpringApplication.refresh(SpringApplication.java:752) ~[spring-boot-3.5.5.jar:3.5.5]
	at org.springframework.boot.SpringApplication.refreshContext(SpringApplication.java:439) ~[spring-boot-3.5.5.jar:3.5.5]
	at org.springframework.boot.SpringApplication.run(SpringApplication.java:318) ~[spring-boot-3.5.5.jar:3.5.5]
	at org.springframework.boot.test.context.SpringBootContextLoader.lambda$loadContext$3(SpringBootContextLoader.java:144) ~[spring-boot-test-3.5.5.jar:3.5.5]
	at org.springframework.util.function.ThrowingSupplier.get(ThrowingSupplier.java:58) ~[spring-core-6.2.10.jar:6.2.10]
	at org.springframework.util.function.ThrowingSupplier.get(ThrowingSupplier.java:46) ~[spring-core-6.2.10.jar:6.2.10]
	at org.springframework.boot.SpringApplication.withHook(SpringApplication.java:1461) ~[spring-boot-3.5.5.jar:3.5.5]
	at org.springframework.boot.test.context.SpringBootContextLoader$ContextLoaderHook.run(SpringBootContextLoader.java:563) ~[spring-boot-test-3.5.5.jar:3.5.5]
	at org.springframework.boot.test.context.SpringBootContextLoader.loadContext(SpringBootContextLoader.java:144) ~[spring-boot-test-3.5.5.jar:3.5.5]
	at org.springframework.boot.test.context.SpringBootContextLoader.loadContext(SpringBootContextLoader.java:110) ~[spring-boot-test-3.5.5.jar:3.5.5]
	at org.springframework.test.context.cache.DefaultCacheAwareContextLoaderDelegate.loadContextInternal(DefaultCacheAwareContextLoaderDelegate.java:225) ~[spring-test-6.2.10.jar:6.2.10]
	at org.springframework.test.context.cache.DefaultCacheAwareContextLoaderDelegate.loadContext(DefaultCacheAwareContextLoaderDelegate.java:152) ~[spring-test-6.2.10.jar:6.2.10]
	at org.springframework.test.context.support.DefaultTestContext.getApplicationContext(DefaultTestContext.java:130) ~[spring-test-6.2.10.jar:6.2.10]
	at org.springframework.test.context.support.DependencyInjectionTestExecutionListener.injectDependencies(DependencyInjectionTestExecutionListener.java:155) ~[spring-test-6.2.10.jar:6.2.10]
	at org.springframework.test.context.support.DependencyInjectionTestExecutionListener.prepareTestInstance(DependencyInjectionTestExecutionListener.java:111) ~[spring-test-6.2.10.jar:6.2.10]
	at org.springframework.test.context.TestContextManager.prepareTestInstance(TestContextManager.java:260) ~[spring-test-6.2.10.jar:6.2.10]
	at org.springframework.test.context.junit.jupiter.SpringExtension.postProcessTestInstance(SpringExtension.java:159) ~[spring-test-6.2.10.jar:6.2.10]
	at org.junit.jupiter.engine.descriptor.ClassBasedTestDescriptor.lambda$invokeTestInstancePostProcessors$10(ClassBasedTestDescriptor.java:383) ~[junit-jupiter-engine-5.12.2.jar:5.12.2]
	at org.junit.jupiter.engine.descriptor.ClassBasedTestDescriptor.executeAndMaskThrowable(ClassBasedTestDescriptor.java:388) ~[junit-jupiter-engine-5.12.2.jar:5.12.2]
	at org.junit.jupiter.engine.descriptor.ClassBasedTestDescriptor.lambda$invokeTestInstancePostProcessors$11(ClassBasedTestDescriptor.java:382) ~[junit-jupiter-engine-5.12.2.jar:5.12.2]
	at java.base/java.util.stream.ForEachOps$ForEachOp$OfRef.accept(ForEachOps.java:186) ~[na:na]
	at java.base/java.util.stream.ReferencePipeline$3$1.accept(ReferencePipeline.java:215) ~[na:na]
	at java.base/java.util.stream.ReferencePipeline$2$1.accept(ReferencePipeline.java:197) ~[na:na]
	at java.base/java.util.stream.ReferencePipeline$3$1.accept(ReferencePipeline.java:215) ~[na:na]
	at java.base/java.util.ArrayList$ArrayListSpliterator.forEachRemaining(ArrayList.java:1716) ~[na:na]
	at java.base/java.util.stream.AbstractPipeline.copyInto(AbstractPipeline.java:570) ~[na:na]
	at java.base/java.util.stream.AbstractPipeline.wrapAndCopyInto(AbstractPipeline.java:560) ~[na:na]
	at java.base/java.util.stream.ForEachOps$ForEachOp.evaluateSequential(ForEachOps.java:153) ~[na:na]
	at java.base/java.util.stream.ForEachOps$ForEachOp$OfRef.evaluateSequential(ForEachOps.java:176) ~[na:na]
	at java.base/java.util.stream.AbstractPipeline.evaluate(AbstractPipeline.java:265) ~[na:na]
	at java.base/java.util.stream.ReferencePipeline.forEach(ReferencePipeline.java:636) ~[na:na]
	at org.junit.jupiter.engine.descriptor.ClassBasedTestDescriptor.invokeTestInstancePostProcessors(ClassBasedTestDescriptor.java:382) ~[junit-jupiter-engine-5.12.2.jar:5.12.2]
	at org.junit.jupiter.engine.descriptor.ClassBasedTestDescriptor.lambda$instantiateAndPostProcessTestInstance$6(ClassBasedTestDescriptor.java:293) ~[junit-jupiter-engine-5.12.2.jar:5.12.2]
	at org.junit.platform.engine.support.hierarchical.ThrowableCollector.execute(ThrowableCollector.java:73) ~[junit-platform-engine-1.12.2.jar:1.12.2]
	at org.junit.jupiter.engine.descriptor.ClassBasedTestDescriptor.instantiateAndPostProcessTestInstance(ClassBasedTestDescriptor.java:292) ~[junit-jupiter-engine-5.12.2.jar:5.12.2]
	at org.junit.jupiter.engine.descriptor.ClassBasedTestDescriptor.lambda$testInstancesProvider$4(ClassBasedTestDescriptor.java:281) ~[junit-jupiter-engine-5.12.2.jar:5.12.2]
	at java.base/java.util.Optional.orElseGet(Optional.java:364) ~[na:na]
	at org.junit.jupiter.engine.descriptor.ClassBasedTestDescriptor.lambda$testInstancesProvider$5(ClassBasedTestDescriptor.java:280) ~[junit-jupiter-engine-5.12.2.jar:5.12.2]
	at org.junit.jupiter.engine.execution.TestInstancesProvider.getTestInstances(TestInstancesProvider.java:27) ~[junit-jupiter-engine-5.12.2.jar:5.12.2]
	at org.junit.jupiter.engine.descriptor.TestMethodTestDescriptor.lambda$prepare$0(TestMethodTestDescriptor.java:112) ~[junit-jupiter-engine-5.12.2.jar:5.12.2]
	at org.junit.platform.engine.support.hierarchical.ThrowableCollector.execute(ThrowableCollector.java:73) ~[junit-platform-engine-1.12.2.jar:1.12.2]
	at org.junit.jupiter.engine.descriptor.TestMethodTestDescriptor.prepare(TestMethodTestDescriptor.java:111) ~[junit-jupiter-engine-5.12.2.jar:5.12.2]
	at org.junit.jupiter.engine.descriptor.TestMethodTestDescriptor.prepare(TestMethodTestDescriptor.java:69) ~[junit-jupiter-engine-5.12.2.jar:5.12.2]
	at org.junit.platform.engine.support.hierarchical.NodeTestTask.lambda$prepare$2(NodeTestTask.java:128) ~[junit-platform-engine-1.12.2.jar:1.12.2]
	at org.junit.platform.engine.support.hierarchical.ThrowableCollector.execute(ThrowableCollector.java:73) ~[junit-platform-engine-1.12.2.jar:1.12.2]
	at org.junit.platform.engine.support.hierarchical.NodeTestTask.prepare(NodeTestTask.java:128) ~[junit-platform-engine-1.12.2.jar:1.12.2]
	at org.junit.platform.engine.support.hierarchical.NodeTestTask.execute(NodeTestTask.java:95) ~[junit-platform-engine-1.12.2.jar:1.12.2]
	at java.base/java.util.ArrayList.forEach(ArrayList.java:1604) ~[na:na]
	at org.junit.platform.engine.support.hierarchical.SameThreadHierarchicalTestExecutorService.invokeAll(SameThreadHierarchicalTestExecutorService.java:41) ~[junit-platform-engine-1.12.2.jar:1.12.2]
	at org.junit.platform.engine.support.hierarchical.NodeTestTask.lambda$executeRecursively$6(NodeTestTask.java:160) ~[junit-platform-engine-1.12.2.jar:1.12.2]
	at org.junit.platform.engine.support.hierarchical.ThrowableCollector.execute(ThrowableCollector.java:73) ~[junit-platform-engine-1.12.2.jar:1.12.2]
	at org.junit.platform.engine.support.hierarchical.NodeTestTask.lambda$executeRecursively$8(NodeTestTask.java:146) ~[junit-platform-engine-1.12.2.jar:1.12.2]
	at org.junit.platform.engine.support.hierarchical.Node.around(Node.java:137) ~[junit-platform-engine-1.12.2.jar:1.12.2]
	at org.junit.platform.engine.support.hierarchical.NodeTestTask.lambda$executeRecursively$9(NodeTestTask.java:144) ~[junit-platform-engine-1.12.2.jar:1.12.2]
	at org.junit.platform.engine.support.hierarchical.ThrowableCollector.execute(ThrowableCollector.java:73) ~[junit-platform-engine-1.12.2.jar:1.12.2]
	at org.junit.platform.engine.support.hierarchical.NodeTestTask.executeRecursively(NodeTestTask.java:143) ~[junit-platform-engine-1.12.2.jar:1.12.2]
	at org.junit.platform.engine.support.hierarchical.NodeTestTask.execute(NodeTestTask.java:100) ~[junit-platform-engine-1.12.2.jar:1.12.2]
	at java.base/java.util.ArrayList.forEach(ArrayList.java:1604) ~[na:na]
	at org.junit.platform.engine.support.hierarchical.SameThreadHierarchicalTestExecutorService.invokeAll(SameThreadHierarchicalTestExecutorService.java:41) ~[junit-platform-engine-1.12.2.jar:1.12.2]
	at org.junit.platform.engine.support.hierarchical.NodeTestTask.lambda$executeRecursively$6(NodeTestTask.java:160) ~[junit-platform-engine-1.12.2.jar:1.12.2]
	at org.junit.platform.engine.support.hierarchical.ThrowableCollector.execute(ThrowableCollector.java:73) ~[junit-platform-engine-1.12.2.jar:1.12.2]
	at org.junit.platform.engine.support.hierarchical.NodeTestTask.lambda$executeRecursively$8(NodeTestTask.java:146) ~[junit-platform-engine-1.12.2.jar:1.12.2]
	at org.junit.platform.engine.support.hierarchical.Node.around(Node.java:137) ~[junit-platform-engine-1.12.2.jar:1.12.2]
	at org.junit.platform.engine.support.hierarchical.NodeTestTask.lambda$executeRecursively$9(NodeTestTask.java:144) ~[junit-platform-engine-1.12.2.jar:1.12.2]
	at org.junit.platform.engine.support.hierarchical.ThrowableCollector.execute(ThrowableCollector.java:73) ~[junit-platform-engine-1.12.2.jar:1.12.2]
	at org.junit.platform.engine.support.hierarchical.NodeTestTask.executeRecursively(NodeTestTask.java:143) ~[junit-platform-engine-1.12.2.jar:1.12.2]
	at org.junit.platform.engine.support.hierarchical.NodeTestTask.execute(NodeTestTask.java:100) ~[junit-platform-engine-1.12.2.jar:1.12.2]
	at org.junit.platform.engine.support.hierarchical.SameThreadHierarchicalTestExecutorService.submit(SameThreadHierarchicalTestExecutorService.java:35) ~[junit-platform-engine-1.12.2.jar:1.12.2]
	at org.junit.platform.engine.support.hierarchical.HierarchicalTestExecutor.execute(HierarchicalTestExecutor.java:57) ~[junit-platform-engine-1.12.2.jar:1.12.2]
	at org.junit.platform.engine.support.hierarchical.HierarchicalTestEngine.execute(HierarchicalTestEngine.java:54) ~[junit-platform-engine-1.12.2.jar:1.12.2]
	at org.junit.platform.launcher.core.EngineExecutionOrchestrator.execute(EngineExecutionOrchestrator.java:201) ~[junit-platform-launcher-1.12.2.jar:1.12.2]
	at org.junit.platform.launcher.core.EngineExecutionOrchestrator.execute(EngineExecutionOrchestrator.java:170) ~[junit-platform-launcher-1.12.2.jar:1.12.2]
	at org.junit.platform.launcher.core.EngineExecutionOrchestrator.execute(EngineExecutionOrchestrator.java:94) ~[junit-platform-launcher-1.12.2.jar:1.12.2]
	at org.junit.platform.launcher.core.EngineExecutionOrchestrator.lambda$execute$0(EngineExecutionOrchestrator.java:59) ~[junit-platform-launcher-1.12.2.jar:1.12.2]
	at org.junit.platform.launcher.core.EngineExecutionOrchestrator.withInterceptedStreams(EngineExecutionOrchestrator.java:142) ~[junit-platform-launcher-1.12.2.jar:1.12.2]
	at org.junit.platform.launcher.core.EngineExecutionOrchestrator.execute(EngineExecutionOrchestrator.java:58) ~[junit-platform-launcher-1.12.2.jar:1.12.2]
	at org.junit.platform.launcher.core.DefaultLauncher.execute(DefaultLauncher.java:103) ~[junit-platform-launcher-1.12.2.jar:1.12.2]
	at org.junit.platform.launcher.core.DefaultLauncher.execute(DefaultLauncher.java:85) ~[junit-platform-launcher-1.12.2.jar:1.12.2]
	at org.junit.platform.launcher.core.DelegatingLauncher.execute(DelegatingLauncher.java:47) ~[junit-platform-launcher-1.12.2.jar:1.12.2]
	at org.junit.platform.launcher.core.InterceptingLauncher.lambda$execute$1(InterceptingLauncher.java:39) ~[junit-platform-launcher-1.12.2.jar:1.12.2]
	at org.junit.platform.launcher.core.ClasspathAlignmentCheckingLauncherInterceptor.intercept(ClasspathAlignmentCheckingLauncherInterceptor.java:25) ~[junit-platform-launcher-1.12.2.jar:1.12.2]
	at org.junit.platform.launcher.core.InterceptingLauncher.execute(InterceptingLauncher.java:38) ~[junit-platform-launcher-1.12.2.jar:1.12.2]
	at org.junit.platform.launcher.core.DelegatingLauncher.execute(DelegatingLauncher.java:47) ~[junit-platform-launcher-1.12.2.jar:1.12.2]
	at org.junit.platform.launcher.core.SessionPerRequestLauncher.execute(SessionPerRequestLauncher.java:63) ~[junit-platform-launcher-1.12.2.jar:1.12.2]
	at com.intellij.junit5.JUnit5IdeaTestRunner.startRunnerWithArgs(JUnit5IdeaTestRunner.java:66) ~[junit5-rt.jar:na]
	at com.intellij.rt.junit.IdeaTestRunner$Repeater$1.execute(IdeaTestRunner.java:38) ~[junit-rt.jar:na]
	at com.intellij.rt.execution.junit.TestsRepeater.repeat(TestsRepeater.java:11) ~[idea_rt.jar:na]
	at com.intellij.rt.junit.IdeaTestRunner$Repeater.startRunnerWithArgs(IdeaTestRunner.java:35) ~[junit-rt.jar:na]
	at com.intellij.rt.junit.JUnitStarter.prepareStreamsAndStart(JUnitStarter.java:237) ~[junit-rt.jar:na]
	at com.intellij.rt.junit.JUnitStarter.main(JUnitStarter.java:58) ~[junit-rt.jar:na]
Caused by: org.h2.jdbc.JdbcSQLSyntaxErrorException: Синтаксическая ошибка в выражении SQL "set [*]client_min_messages = WARNING"; ожидалось "@, AUTOCOMMIT, EXCLUSIVE, IGNORECASE, PASSWORD, SALT, MODE, DATABASE, COLLATION, CLUSTER, DATABASE_EVENT_LISTENER, ALLOW_LITERALS, DEFAULT_TABLE_TYPE, SCHEMA, CATALOG, SCHEMA_SEARCH_PATH, JAVA_OBJECT_SERIALIZER, IGNORE_CATALOGS, SESSION, TRANSACTION, TIME, NON_KEYWORDS, DEFAULT_NULL_ORDERING"
Syntax error in SQL statement "set [*]client_min_messages = WARNING"; expected "@, AUTOCOMMIT, EXCLUSIVE, IGNORECASE, PASSWORD, SALT, MODE, DATABASE, COLLATION, CLUSTER, DATABASE_EVENT_LISTENER, ALLOW_LITERALS, DEFAULT_TABLE_TYPE, SCHEMA, CATALOG, SCHEMA_SEARCH_PATH, JAVA_OBJECT_SERIALIZER, IGNORE_CATALOGS, SESSION, TRANSACTION, TIME, NON_KEYWORDS, DEFAULT_NULL_ORDERING"; SQL statement:
set client_min_messages = WARNING [42001-240]
	at org.h2.message.DbException.getJdbcSQLException(DbException.java:514) ~[h2-2.4.240.jar:2.4.240]
	at org.h2.message.DbException.getJdbcSQLException(DbException.java:489) ~[h2-2.4.240.jar:2.4.240]
	at org.h2.message.DbException.getSyntaxError(DbException.java:261) ~[h2-2.4.240.jar:2.4.240]
	at org.h2.command.ParserBase.getSyntaxError(ParserBase.java:762) ~[h2-2.4.240.jar:2.4.240]
	at org.h2.command.Parser.parseSet(Parser.java:7696) ~[h2-2.4.240.jar:2.4.240]
	at org.h2.command.Parser.parsePrepared(Parser.java:617) ~[h2-2.4.240.jar:2.4.240]
	at org.h2.command.Parser.parse(Parser.java:584) ~[h2-2.4.240.jar:2.4.240]
	at org.h2.command.Parser.parse(Parser.java:564) ~[h2-2.4.240.jar:2.4.240]
	at org.h2.command.Parser.prepareCommand(Parser.java:487) ~[h2-2.4.240.jar:2.4.240]
	at org.h2.engine.SessionLocal.prepareLocal(SessionLocal.java:647) ~[h2-2.4.240.jar:2.4.240]
	at org.h2.engine.SessionLocal.prepareCommand(SessionLocal.java:563) ~[h2-2.4.240.jar:2.4.240]
	at org.h2.jdbc.JdbcConnection.prepareCommand(JdbcConnection.java:1160) ~[h2-2.4.240.jar:2.4.240]
	at org.h2.jdbc.JdbcStatement.executeInternal(JdbcStatement.java:245) ~[h2-2.4.240.jar:2.4.240]
	at org.h2.jdbc.JdbcStatement.execute(JdbcStatement.java:231) ~[h2-2.4.240.jar:2.4.240]
	at org.hibernate.tool.schema.internal.exec.GenerationTargetToDatabase.accept(GenerationTargetToDatabase.java:80) ~[hibernate-core-6.6.26.Final.jar:6.6.26.Final]
	... 119 common frames omitted

2025-11-04T16:40:04.629+03:00  INFO 18696 --- [medical-center-userservice] [main] j.LocalContainerEntityManagerFactoryBean : Initialized JPA EntityManagerFactory for persistence unit 'default'
2025-11-04T16:40:05.733+03:00  INFO 18696 --- [medical-center-userservice] [main] o.s.d.j.r.query.QueryEnhancerFactory     : Hibernate is in classpath; If applicable, HQL parser will be used.
2025-11-04T16:40:07.797+03:00  INFO 18696 --- [medical-center-userservice] [main] m.u.repository.DoctorRepositoryTests     : Started DoctorRepositoryTests in 11.218 seconds (process running for 21.39)
2025-11-04T16:40:08.504+03:00  WARN 18696 --- [medical-center-userservice] [main] o.s.test.context.TestContextManager      : Caught exception while invoking 'beforeTestMethod' callback on TestExecutionListener [org.springframework.boot.test.mock.mockito.ResetMocksTestExecutionListener] for test method [void medicalcenter.userservice.repository.DoctorRepositoryTests.findAllByLastFirstName_ShouldReturnDoctorsWithGivenFirstAndLastName()] and test instance [medicalcenter.userservice.repository.DoctorRepositoryTests@60c95d8]

java.lang.IllegalStateException: Could not initialize plugin: interface org.mockito.plugins.MockMaker (alternate: null)
	at org.mockito.internal.configuration.plugins.PluginLoader$1.invoke(PluginLoader.java:85) ~[mockito-core-5.17.0.jar:na]
	at jdk.proxy1/jdk.proxy1.$Proxy150.getHandler(Unknown Source) ~[na:na]
	at org.mockito.internal.util.MockUtil.getMockHandlerOrNull(MockUtil.java:158) ~[mockito-core-5.17.0.jar:na]
	at org.mockito.internal.util.MockUtil.isMock(MockUtil.java:147) ~[mockito-core-5.17.0.jar:na]
	at org.mockito.internal.util.DefaultMockingDetails.isMock(DefaultMockingDetails.java:32) ~[mockito-core-5.17.0.jar:na]
	at org.springframework.boot.test.mock.mockito.MockReset.get(MockReset.java:109) ~[spring-boot-test-3.5.5.jar:3.5.5]
	at org.springframework.boot.test.mock.mockito.ResetMocksTestExecutionListener.resetMocks(ResetMocksTestExecutionListener.java:89) ~[spring-boot-test-3.5.5.jar:3.5.5]
	at org.springframework.boot.test.mock.mockito.ResetMocksTestExecutionListener.resetMocks(ResetMocksTestExecutionListener.java:77) ~[spring-boot-test-3.5.5.jar:3.5.5]
	at org.springframework.boot.test.mock.mockito.ResetMocksTestExecutionListener.beforeTestMethod(ResetMocksTestExecutionListener.java:64) ~[spring-boot-test-3.5.5.jar:3.5.5]
	at org.springframework.test.context.TestContextManager.beforeTestMethod(TestContextManager.java:320) ~[spring-test-6.2.10.jar:6.2.10]
	at org.springframework.test.context.junit.jupiter.SpringExtension.beforeEach(SpringExtension.java:236) ~[spring-test-6.2.10.jar:6.2.10]
	at org.junit.jupiter.engine.descriptor.TestMethodTestDescriptor.lambda$invokeBeforeEachCallbacks$2(TestMethodTestDescriptor.java:165) ~[junit-jupiter-engine-5.12.2.jar:5.12.2]
	at org.junit.jupiter.engine.descriptor.TestMethodTestDescriptor.lambda$invokeBeforeMethodsOrCallbacksUntilExceptionOccurs$6(TestMethodTestDescriptor.java:201) ~[junit-jupiter-engine-5.12.2.jar:5.12.2]
	at org.junit.platform.engine.support.hierarchical.ThrowableCollector.execute(ThrowableCollector.java:73) ~[junit-platform-engine-1.12.2.jar:1.12.2]
	at org.junit.jupiter.engine.descriptor.TestMethodTestDescriptor.invokeBeforeMethodsOrCallbacksUntilExceptionOccurs(TestMethodTestDescriptor.java:201) ~[junit-jupiter-engine-5.12.2.jar:5.12.2]
	at org.junit.jupiter.engine.descriptor.TestMethodTestDescriptor.invokeBeforeEachCallbacks(TestMethodTestDescriptor.java:164) ~[junit-jupiter-engine-5.12.2.jar:5.12.2]
	at org.junit.jupiter.engine.descriptor.TestMethodTestDescriptor.execute(TestMethodTestDescriptor.java:131) ~[junit-jupiter-engine-5.12.2.jar:5.12.2]
	at org.junit.jupiter.engine.descriptor.TestMethodTestDescriptor.execute(TestMethodTestDescriptor.java:69) ~[junit-jupiter-engine-5.12.2.jar:5.12.2]
	at org.junit.platform.engine.support.hierarchical.NodeTestTask.lambda$executeRecursively$6(NodeTestTask.java:156) ~[junit-platform-engine-1.12.2.jar:1.12.2]
	at org.junit.platform.engine.support.hierarchical.ThrowableCollector.execute(ThrowableCollector.java:73) ~[junit-platform-engine-1.12.2.jar:1.12.2]
	at org.junit.platform.engine.support.hierarchical.NodeTestTask.lambda$executeRecursively$8(NodeTestTask.java:146) ~[junit-platform-engine-1.12.2.jar:1.12.2]
	at org.junit.platform.engine.support.hierarchical.Node.around(Node.java:137) ~[junit-platform-engine-1.12.2.jar:1.12.2]
	at org.junit.platform.engine.support.hierarchical.NodeTestTask.lambda$executeRecursively$9(NodeTestTask.java:144) ~[junit-platform-engine-1.12.2.jar:1.12.2]
	at org.junit.platform.engine.support.hierarchical.ThrowableCollector.execute(ThrowableCollector.java:73) ~[junit-platform-engine-1.12.2.jar:1.12.2]
	at org.junit.platform.engine.support.hierarchical.NodeTestTask.executeRecursively(NodeTestTask.java:143) ~[junit-platform-engine-1.12.2.jar:1.12.2]
	at org.junit.platform.engine.support.hierarchical.NodeTestTask.execute(NodeTestTask.java:100) ~[junit-platform-engine-1.12.2.jar:1.12.2]
	at java.base/java.util.ArrayList.forEach(ArrayList.java:1604) ~[na:na]
	at org.junit.platform.engine.support.hierarchical.SameThreadHierarchicalTestExecutorService.invokeAll(SameThreadHierarchicalTestExecutorService.java:41) ~[junit-platform-engine-1.12.2.jar:1.12.2]
	at org.junit.platform.engine.support.hierarchical.NodeTestTask.lambda$executeRecursively$6(NodeTestTask.java:160) ~[junit-platform-engine-1.12.2.jar:1.12.2]
	at org.junit.platform.engine.support.hierarchical.ThrowableCollector.execute(ThrowableCollector.java:73) ~[junit-platform-engine-1.12.2.jar:1.12.2]
	at org.junit.platform.engine.support.hierarchical.NodeTestTask.lambda$executeRecursively$8(NodeTestTask.java:146) ~[junit-platform-engine-1.12.2.jar:1.12.2]
	at org.junit.platform.engine.support.hierarchical.Node.around(Node.java:137) ~[junit-platform-engine-1.12.2.jar:1.12.2]
	at org.junit.platform.engine.support.hierarchical.NodeTestTask.lambda$executeRecursively$9(NodeTestTask.java:144) ~[junit-platform-engine-1.12.2.jar:1.12.2]
	at org.junit.platform.engine.support.hierarchical.ThrowableCollector.execute(ThrowableCollector.java:73) ~[junit-platform-engine-1.12.2.jar:1.12.2]
	at org.junit.platform.engine.support.hierarchical.NodeTestTask.executeRecursively(NodeTestTask.java:143) ~[junit-platform-engine-1.12.2.jar:1.12.2]
	at org.junit.platform.engine.support.hierarchical.NodeTestTask.execute(NodeTestTask.java:100) ~[junit-platform-engine-1.12.2.jar:1.12.2]
	at java.base/java.util.ArrayList.forEach(ArrayList.java:1604) ~[na:na]
	at org.junit.platform.engine.support.hierarchical.SameThreadHierarchicalTestExecutorService.invokeAll(SameThreadHierarchicalTestExecutorService.java:41) ~[junit-platform-engine-1.12.2.jar:1.12.2]
	at org.junit.platform.engine.support.hierarchical.NodeTestTask.lambda$executeRecursively$6(NodeTestTask.java:160) ~[junit-platform-engine-1.12.2.jar:1.12.2]
	at org.junit.platform.engine.support.hierarchical.ThrowableCollector.execute(ThrowableCollector.java:73) ~[junit-platform-engine-1.12.2.jar:1.12.2]
	at org.junit.platform.engine.support.hierarchical.NodeTestTask.lambda$executeRecursively$8(NodeTestTask.java:146) ~[junit-platform-engine-1.12.2.jar:1.12.2]
	at org.junit.platform.engine.support.hierarchical.Node.around(Node.java:137) ~[junit-platform-engine-1.12.2.jar:1.12.2]
	at org.junit.platform.engine.support.hierarchical.NodeTestTask.lambda$executeRecursively$9(NodeTestTask.java:144) ~[junit-platform-engine-1.12.2.jar:1.12.2]
	at org.junit.platform.engine.support.hierarchical.ThrowableCollector.execute(ThrowableCollector.java:73) ~[junit-platform-engine-1.12.2.jar:1.12.2]
	at org.junit.platform.engine.support.hierarchical.NodeTestTask.executeRecursively(NodeTestTask.java:143) ~[junit-platform-engine-1.12.2.jar:1.12.2]
	at org.junit.platform.engine.support.hierarchical.NodeTestTask.execute(NodeTestTask.java:100) ~[junit-platform-engine-1.12.2.jar:1.12.2]
	at org.junit.platform.engine.support.hierarchical.SameThreadHierarchicalTestExecutorService.submit(SameThreadHierarchicalTestExecutorService.java:35) ~[junit-platform-engine-1.12.2.jar:1.12.2]
	at org.junit.platform.engine.support.hierarchical.HierarchicalTestExecutor.execute(HierarchicalTestExecutor.java:57) ~[junit-platform-engine-1.12.2.jar:1.12.2]
	at org.junit.platform.engine.support.hierarchical.HierarchicalTestEngine.execute(HierarchicalTestEngine.java:54) ~[junit-platform-engine-1.12.2.jar:1.12.2]
	at org.junit.platform.launcher.core.EngineExecutionOrchestrator.execute(EngineExecutionOrchestrator.java:201) ~[junit-platform-launcher-1.12.2.jar:1.12.2]
	at org.junit.platform.launcher.core.EngineExecutionOrchestrator.execute(EngineExecutionOrchestrator.java:170) ~[junit-platform-launcher-1.12.2.jar:1.12.2]
	at org.junit.platform.launcher.core.EngineExecutionOrchestrator.execute(EngineExecutionOrchestrator.java:94) ~[junit-platform-launcher-1.12.2.jar:1.12.2]
	at org.junit.platform.launcher.core.EngineExecutionOrchestrator.lambda$execute$0(EngineExecutionOrchestrator.java:59) ~[junit-platform-launcher-1.12.2.jar:1.12.2]
	at org.junit.platform.launcher.core.EngineExecutionOrchestrator.withInterceptedStreams(EngineExecutionOrchestrator.java:142) ~[junit-platform-launcher-1.12.2.jar:1.12.2]
	at org.junit.platform.launcher.core.EngineExecutionOrchestrator.execute(EngineExecutionOrchestrator.java:58) ~[junit-platform-launcher-1.12.2.jar:1.12.2]
	at org.junit.platform.launcher.core.DefaultLauncher.execute(DefaultLauncher.java:103) ~[junit-platform-launcher-1.12.2.jar:1.12.2]
	at org.junit.platform.launcher.core.DefaultLauncher.execute(DefaultLauncher.java:85) ~[junit-platform-launcher-1.12.2.jar:1.12.2]
	at org.junit.platform.launcher.core.DelegatingLauncher.execute(DelegatingLauncher.java:47) ~[junit-platform-launcher-1.12.2.jar:1.12.2]
	at org.junit.platform.launcher.core.InterceptingLauncher.lambda$execute$1(InterceptingLauncher.java:39) ~[junit-platform-launcher-1.12.2.jar:1.12.2]
	at org.junit.platform.launcher.core.ClasspathAlignmentCheckingLauncherInterceptor.intercept(ClasspathAlignmentCheckingLauncherInterceptor.java:25) ~[junit-platform-launcher-1.12.2.jar:1.12.2]
	at org.junit.platform.launcher.core.InterceptingLauncher.execute(InterceptingLauncher.java:38) ~[junit-platform-launcher-1.12.2.jar:1.12.2]
	at org.junit.platform.launcher.core.DelegatingLauncher.execute(DelegatingLauncher.java:47) ~[junit-platform-launcher-1.12.2.jar:1.12.2]
	at org.junit.platform.launcher.core.SessionPerRequestLauncher.execute(SessionPerRequestLauncher.java:63) ~[junit-platform-launcher-1.12.2.jar:1.12.2]
	at com.intellij.junit5.JUnit5IdeaTestRunner.startRunnerWithArgs(JUnit5IdeaTestRunner.java:66) ~[junit5-rt.jar:na]
	at com.intellij.rt.junit.IdeaTestRunner$Repeater$1.execute(IdeaTestRunner.java:38) ~[junit-rt.jar:na]
	at com.intellij.rt.execution.junit.TestsRepeater.repeat(TestsRepeater.java:11) ~[idea_rt.jar:na]
	at com.intellij.rt.junit.IdeaTestRunner$Repeater.startRunnerWithArgs(IdeaTestRunner.java:35) ~[junit-rt.jar:na]
	at com.intellij.rt.junit.JUnitStarter.prepareStreamsAndStart(JUnitStarter.java:237) ~[junit-rt.jar:na]
	at com.intellij.rt.junit.JUnitStarter.main(JUnitStarter.java:58) ~[junit-rt.jar:na]
Caused by: java.lang.IllegalStateException: Internal problem occurred, please report it. Mockito is unable to load the default implementation of class that is a part of Mockito distribution. Failed to load interface org.mockito.plugins.MockMaker
	at org.mockito.internal.configuration.plugins.DefaultMockitoPlugins.create(DefaultMockitoPlugins.java:105) ~[mockito-core-5.17.0.jar:na]
	at org.mockito.internal.configuration.plugins.DefaultMockitoPlugins.getDefaultPlugin(DefaultMockitoPlugins.java:79) ~[mockito-core-5.17.0.jar:na]
	at org.mockito.internal.configuration.plugins.PluginLoader.loadPlugin(PluginLoader.java:75) ~[mockito-core-5.17.0.jar:na]
	at org.mockito.internal.configuration.plugins.PluginLoader.loadPlugin(PluginLoader.java:49) ~[mockito-core-5.17.0.jar:na]
	at org.mockito.internal.configuration.plugins.PluginRegistry.<init>(PluginRegistry.java:29) ~[mockito-core-5.17.0.jar:na]
	at org.mockito.internal.configuration.plugins.Plugins.<clinit>(Plugins.java:26) ~[mockito-core-5.17.0.jar:na]
	at org.mockito.internal.MockitoCore.<clinit>(MockitoCore.java:71) ~[mockito-core-5.17.0.jar:na]
	at org.mockito.Mockito.<clinit>(Mockito.java:1777) ~[mockito-core-5.17.0.jar:na]
	at org.springframework.boot.test.mock.mockito.MockReset.get(MockReset.java:108) ~[spring-boot-test-3.5.5.jar:3.5.5]
	... 63 common frames omitted
Caused by: java.lang.reflect.InvocationTargetException: null
	at java.base/jdk.internal.reflect.DirectConstructorHandleAccessor.newInstance(DirectConstructorHandleAccessor.java:74) ~[na:na]
	at java.base/java.lang.reflect.Constructor.newInstanceWithCaller(Constructor.java:499) ~[na:na]
	at java.base/java.lang.reflect.Constructor.newInstance(Constructor.java:483) ~[na:na]
	at org.mockito.internal.configuration.plugins.DefaultMockitoPlugins.create(DefaultMockitoPlugins.java:103) ~[mockito-core-5.17.0.jar:na]
	... 71 common frames omitted
Caused by: org.mockito.exceptions.base.MockitoInitializationException: 
Could not initialize inline Byte Buddy mock maker.

It appears as if your JDK does not supply a working agent attachment mechanism.
Java               : 24
JVM vendor name    : Oracle Corporation
JVM vendor version : 24.0.2+11-jvmci-b01
JVM name           : Java HotSpot(TM) 64-Bit Server VM
JVM version        : 24.0.2+11-jvmci-b01
JVM info           : mixed mode, sharing
OS name            : Windows 10
OS version         : 10.0

	at org.mockito.internal.creation.bytebuddy.InlineDelegateByteBuddyMockMaker.<init>(InlineDelegateByteBuddyMockMaker.java:275) ~[mockito-core-5.17.0.jar:na]
	at org.mockito.internal.creation.bytebuddy.InlineByteBuddyMockMaker.<init>(InlineByteBuddyMockMaker.java:23) ~[mockito-core-5.17.0.jar:na]
	at java.base/jdk.internal.reflect.DirectConstructorHandleAccessor.newInstance(DirectConstructorHandleAccessor.java:62) ~[na:na]
	... 74 common frames omitted
Caused by: java.lang.IllegalStateException: Could not self-attach to current VM using external process - set a property net.bytebuddy.agent.attacher.dump to dump the process output to a file at the specified location
	at net.bytebuddy.agent.ByteBuddyAgent.installExternal(ByteBuddyAgent.java:672) ~[byte-buddy-agent-1.17.7.jar:na]
	at net.bytebuddy.agent.ByteBuddyAgent.install(ByteBuddyAgent.java:599) ~[byte-buddy-agent-1.17.7.jar:na]
	at net.bytebuddy.agent.ByteBuddyAgent.install(ByteBuddyAgent.java:579) ~[byte-buddy-agent-1.17.7.jar:na]
	at net.bytebuddy.agent.ByteBuddyAgent.install(ByteBuddyAgent.java:531) ~[byte-buddy-agent-1.17.7.jar:na]
	at net.bytebuddy.agent.ByteBuddyAgent.install(ByteBuddyAgent.java:508) ~[byte-buddy-agent-1.17.7.jar:na]
	at org.mockito.internal.PremainAttachAccess.getInstrumentation(PremainAttachAccess.java:80) ~[mockito-core-5.17.0.jar:na]
	at org.mockito.internal.creation.bytebuddy.InlineDelegateByteBuddyMockMaker.<clinit>(InlineDelegateByteBuddyMockMaker.java:138) ~[mockito-core-5.17.0.jar:na]
	... 76 common frames omitted

2025-11-04T16:40:08.517+03:00  WARN 18696 --- [medical-center-userservice] [main] o.s.test.context.TestContextManager      : Caught exception while invoking 'afterTestMethod' callback on TestExecutionListener [org.springframework.boot.test.mock.mockito.ResetMocksTestExecutionListener] for test method [void medicalcenter.userservice.repository.DoctorRepositoryTests.findAllByLastFirstName_ShouldReturnDoctorsWithGivenFirstAndLastName()] and test instance [medicalcenter.userservice.repository.DoctorRepositoryTests@60c95d8]

java.lang.IllegalStateException: Could not initialize plugin: interface org.mockito.plugins.MockMaker (alternate: null)
	at org.mockito.internal.configuration.plugins.PluginLoader$1.invoke(PluginLoader.java:85) ~[mockito-core-5.17.0.jar:na]
	at jdk.proxy1/jdk.proxy1.$Proxy150.getHandler(Unknown Source) ~[na:na]
	at org.mockito.internal.util.MockUtil.getMockHandlerOrNull(MockUtil.java:158) ~[mockito-core-5.17.0.jar:na]
	at org.mockito.internal.util.MockUtil.isMock(MockUtil.java:147) ~[mockito-core-5.17.0.jar:na]
	at org.mockito.internal.util.DefaultMockingDetails.isMock(DefaultMockingDetails.java:32) ~[mockito-core-5.17.0.jar:na]
	at org.springframework.boot.test.mock.mockito.MockReset.get(MockReset.java:109) ~[spring-boot-test-3.5.5.jar:3.5.5]
	at org.springframework.boot.test.mock.mockito.ResetMocksTestExecutionListener.resetMocks(ResetMocksTestExecutionListener.java:89) ~[spring-boot-test-3.5.5.jar:3.5.5]
	at org.springframework.boot.test.mock.mockito.ResetMocksTestExecutionListener.resetMocks(ResetMocksTestExecutionListener.java:77) ~[spring-boot-test-3.5.5.jar:3.5.5]
	at org.springframework.boot.test.mock.mockito.ResetMocksTestExecutionListener.afterTestMethod(ResetMocksTestExecutionListener.java:71) ~[spring-boot-test-3.5.5.jar:3.5.5]
	at org.springframework.test.context.TestContextManager.afterTestMethod(TestContextManager.java:488) ~[spring-test-6.2.10.jar:6.2.10]
	at org.springframework.test.context.junit.jupiter.SpringExtension.afterEach(SpringExtension.java:274) ~[spring-test-6.2.10.jar:6.2.10]
	at org.junit.jupiter.engine.descriptor.TestMethodTestDescriptor.lambda$invokeAfterEachCallbacks$12(TestMethodTestDescriptor.java:259) ~[junit-jupiter-engine-5.12.2.jar:5.12.2]
	at org.junit.jupiter.engine.descriptor.TestMethodTestDescriptor.lambda$invokeAllAfterMethodsOrCallbacks$13(TestMethodTestDescriptor.java:275) ~[junit-jupiter-engine-5.12.2.jar:5.12.2]
	at org.junit.platform.engine.support.hierarchical.ThrowableCollector.execute(ThrowableCollector.java:73) ~[junit-platform-engine-1.12.2.jar:1.12.2]
	at org.junit.jupiter.engine.descriptor.TestMethodTestDescriptor.lambda$invokeAllAfterMethodsOrCallbacks$14(TestMethodTestDescriptor.java:275) ~[junit-jupiter-engine-5.12.2.jar:5.12.2]
	at org.junit.platform.commons.util.CollectionUtils.forEachInReverseOrder(CollectionUtils.java:239) ~[junit-platform-commons-1.12.2.jar:1.12.2]
	at org.junit.jupiter.engine.descriptor.TestMethodTestDescriptor.invokeAllAfterMethodsOrCallbacks(TestMethodTestDescriptor.java:274) ~[junit-jupiter-engine-5.12.2.jar:5.12.2]
	at org.junit.jupiter.engine.descriptor.TestMethodTestDescriptor.invokeAfterEachCallbacks(TestMethodTestDescriptor.java:258) ~[junit-jupiter-engine-5.12.2.jar:5.12.2]
	at org.junit.jupiter.engine.descriptor.TestMethodTestDescriptor.execute(TestMethodTestDescriptor.java:143) ~[junit-jupiter-engine-5.12.2.jar:5.12.2]
	at org.junit.jupiter.engine.descriptor.TestMethodTestDescriptor.execute(TestMethodTestDescriptor.java:69) ~[junit-jupiter-engine-5.12.2.jar:5.12.2]
	at org.junit.platform.engine.support.hierarchical.NodeTestTask.lambda$executeRecursively$6(NodeTestTask.java:156) ~[junit-platform-engine-1.12.2.jar:1.12.2]
	at org.junit.platform.engine.support.hierarchical.ThrowableCollector.execute(ThrowableCollector.java:73) ~[junit-platform-engine-1.12.2.jar:1.12.2]
	at org.junit.platform.engine.support.hierarchical.NodeTestTask.lambda$executeRecursively$8(NodeTestTask.java:146) ~[junit-platform-engine-1.12.2.jar:1.12.2]
	at org.junit.platform.engine.support.hierarchical.Node.around(Node.java:137) ~[junit-platform-engine-1.12.2.jar:1.12.2]
	at org.junit.platform.engine.support.hierarchical.NodeTestTask.lambda$executeRecursively$9(NodeTestTask.java:144) ~[junit-platform-engine-1.12.2.jar:1.12.2]
	at org.junit.platform.engine.support.hierarchical.ThrowableCollector.execute(ThrowableCollector.java:73) ~[junit-platform-engine-1.12.2.jar:1.12.2]
	at org.junit.platform.engine.support.hierarchical.NodeTestTask.executeRecursively(NodeTestTask.java:143) ~[junit-platform-engine-1.12.2.jar:1.12.2]
	at org.junit.platform.engine.support.hierarchical.NodeTestTask.execute(NodeTestTask.java:100) ~[junit-platform-engine-1.12.2.jar:1.12.2]
	at java.base/java.util.ArrayList.forEach(ArrayList.java:1604) ~[na:na]
	at org.junit.platform.engine.support.hierarchical.SameThreadHierarchicalTestExecutorService.invokeAll(SameThreadHierarchicalTestExecutorService.java:41) ~[junit-platform-engine-1.12.2.jar:1.12.2]
	at org.junit.platform.engine.support.hierarchical.NodeTestTask.lambda$executeRecursively$6(NodeTestTask.java:160) ~[junit-platform-engine-1.12.2.jar:1.12.2]
	at org.junit.platform.engine.support.hierarchical.ThrowableCollector.execute(ThrowableCollector.java:73) ~[junit-platform-engine-1.12.2.jar:1.12.2]
	at org.junit.platform.engine.support.hierarchical.NodeTestTask.lambda$executeRecursively$8(NodeTestTask.java:146) ~[junit-platform-engine-1.12.2.jar:1.12.2]
	at org.junit.platform.engine.support.hierarchical.Node.around(Node.java:137) ~[junit-platform-engine-1.12.2.jar:1.12.2]
	at org.junit.platform.engine.support.hierarchical.NodeTestTask.lambda$executeRecursively$9(NodeTestTask.java:144) ~[junit-platform-engine-1.12.2.jar:1.12.2]
	at org.junit.platform.engine.support.hierarchical.ThrowableCollector.execute(ThrowableCollector.java:73) ~[junit-platform-engine-1.12.2.jar:1.12.2]
	at org.junit.platform.engine.support.hierarchical.NodeTestTask.executeRecursively(NodeTestTask.java:143) ~[junit-platform-engine-1.12.2.jar:1.12.2]
	at org.junit.platform.engine.support.hierarchical.NodeTestTask.execute(NodeTestTask.java:100) ~[junit-platform-engine-1.12.2.jar:1.12.2]
	at java.base/java.util.ArrayList.forEach(ArrayList.java:1604) ~[na:na]
	at org.junit.platform.engine.support.hierarchical.SameThreadHierarchicalTestExecutorService.invokeAll(SameThreadHierarchicalTestExecutorService.java:41) ~[junit-platform-engine-1.12.2.jar:1.12.2]
	at org.junit.platform.engine.support.hierarchical.NodeTestTask.lambda$executeRecursively$6(NodeTestTask.java:160) ~[junit-platform-engine-1.12.2.jar:1.12.2]
	at org.junit.platform.engine.support.hierarchical.ThrowableCollector.execute(ThrowableCollector.java:73) ~[junit-platform-engine-1.12.2.jar:1.12.2]
	at org.junit.platform.engine.support.hierarchical.NodeTestTask.lambda$executeRecursively$8(NodeTestTask.java:146) ~[junit-platform-engine-1.12.2.jar:1.12.2]
	at org.junit.platform.engine.support.hierarchical.Node.around(Node.java:137) ~[junit-platform-engine-1.12.2.jar:1.12.2]
	at org.junit.platform.engine.support.hierarchical.NodeTestTask.lambda$executeRecursively$9(NodeTestTask.java:144) ~[junit-platform-engine-1.12.2.jar:1.12.2]
	at org.junit.platform.engine.support.hierarchical.ThrowableCollector.execute(ThrowableCollector.java:73) ~[junit-platform-engine-1.12.2.jar:1.12.2]
	at org.junit.platform.engine.support.hierarchical.NodeTestTask.executeRecursively(NodeTestTask.java:143) ~[junit-platform-engine-1.12.2.jar:1.12.2]
	at org.junit.platform.engine.support.hierarchical.NodeTestTask.execute(NodeTestTask.java:100) ~[junit-platform-engine-1.12.2.jar:1.12.2]
	at org.junit.platform.engine.support.hierarchical.SameThreadHierarchicalTestExecutorService.submit(SameThreadHierarchicalTestExecutorService.java:35) ~[junit-platform-engine-1.12.2.jar:1.12.2]
	at org.junit.platform.engine.support.hierarchical.HierarchicalTestExecutor.execute(HierarchicalTestExecutor.java:57) ~[junit-platform-engine-1.12.2.jar:1.12.2]
	at org.junit.platform.engine.support.hierarchical.HierarchicalTestEngine.execute(HierarchicalTestEngine.java:54) ~[junit-platform-engine-1.12.2.jar:1.12.2]
	at org.junit.platform.launcher.core.EngineExecutionOrchestrator.execute(EngineExecutionOrchestrator.java:201) ~[junit-platform-launcher-1.12.2.jar:1.12.2]
	at org.junit.platform.launcher.core.EngineExecutionOrchestrator.execute(EngineExecutionOrchestrator.java:170) ~[junit-platform-launcher-1.12.2.jar:1.12.2]
	at org.junit.platform.launcher.core.EngineExecutionOrchestrator.execute(EngineExecutionOrchestrator.java:94) ~[junit-platform-launcher-1.12.2.jar:1.12.2]
	at org.junit.platform.launcher.core.EngineExecutionOrchestrator.lambda$execute$0(EngineExecutionOrchestrator.java:59) ~[junit-platform-launcher-1.12.2.jar:1.12.2]
	at org.junit.platform.launcher.core.EngineExecutionOrchestrator.withInterceptedStreams(EngineExecutionOrchestrator.java:142) ~[junit-platform-launcher-1.12.2.jar:1.12.2]
	at org.junit.platform.launcher.core.EngineExecutionOrchestrator.execute(EngineExecutionOrchestrator.java:58) ~[junit-platform-launcher-1.12.2.jar:1.12.2]
	at org.junit.platform.launcher.core.DefaultLauncher.execute(DefaultLauncher.java:103) ~[junit-platform-launcher-1.12.2.jar:1.12.2]
	at org.junit.platform.launcher.core.DefaultLauncher.execute(DefaultLauncher.java:85) ~[junit-platform-launcher-1.12.2.jar:1.12.2]
	at org.junit.platform.launcher.core.DelegatingLauncher.execute(DelegatingLauncher.java:47) ~[junit-platform-launcher-1.12.2.jar:1.12.2]
	at org.junit.platform.launcher.core.InterceptingLauncher.lambda$execute$1(InterceptingLauncher.java:39) ~[junit-platform-launcher-1.12.2.jar:1.12.2]
	at org.junit.platform.launcher.core.ClasspathAlignmentCheckingLauncherInterceptor.intercept(ClasspathAlignmentCheckingLauncherInterceptor.java:25) ~[junit-platform-launcher-1.12.2.jar:1.12.2]
	at org.junit.platform.launcher.core.InterceptingLauncher.execute(InterceptingLauncher.java:38) ~[junit-platform-launcher-1.12.2.jar:1.12.2]
	at org.junit.platform.launcher.core.DelegatingLauncher.execute(DelegatingLauncher.java:47) ~[junit-platform-launcher-1.12.2.jar:1.12.2]
	at org.junit.platform.launcher.core.SessionPerRequestLauncher.execute(SessionPerRequestLauncher.java:63) ~[junit-platform-launcher-1.12.2.jar:1.12.2]
	at com.intellij.junit5.JUnit5IdeaTestRunner.startRunnerWithArgs(JUnit5IdeaTestRunner.java:66) ~[junit5-rt.jar:na]
	at com.intellij.rt.junit.IdeaTestRunner$Repeater$1.execute(IdeaTestRunner.java:38) ~[junit-rt.jar:na]
	at com.intellij.rt.execution.junit.TestsRepeater.repeat(TestsRepeater.java:11) ~[idea_rt.jar:na]
	at com.intellij.rt.junit.IdeaTestRunner$Repeater.startRunnerWithArgs(IdeaTestRunner.java:35) ~[junit-rt.jar:na]
	at com.intellij.rt.junit.JUnitStarter.prepareStreamsAndStart(JUnitStarter.java:237) ~[junit-rt.jar:na]
	at com.intellij.rt.junit.JUnitStarter.main(JUnitStarter.java:58) ~[junit-rt.jar:na]
Caused by: java.lang.IllegalStateException: Internal problem occurred, please report it. Mockito is unable to load the default implementation of class that is a part of Mockito distribution. Failed to load interface org.mockito.plugins.MockMaker
	at org.mockito.internal.configuration.plugins.DefaultMockitoPlugins.create(DefaultMockitoPlugins.java:105) ~[mockito-core-5.17.0.jar:na]
	at org.mockito.internal.configuration.plugins.DefaultMockitoPlugins.getDefaultPlugin(DefaultMockitoPlugins.java:79) ~[mockito-core-5.17.0.jar:na]
	at org.mockito.internal.configuration.plugins.PluginLoader.loadPlugin(PluginLoader.java:75) ~[mockito-core-5.17.0.jar:na]
	at org.mockito.internal.configuration.plugins.PluginLoader.loadPlugin(PluginLoader.java:49) ~[mockito-core-5.17.0.jar:na]
	at org.mockito.internal.configuration.plugins.PluginRegistry.<init>(PluginRegistry.java:29) ~[mockito-core-5.17.0.jar:na]
	at org.mockito.internal.configuration.plugins.Plugins.<clinit>(Plugins.java:26) ~[mockito-core-5.17.0.jar:na]
	at org.mockito.internal.MockitoCore.<clinit>(MockitoCore.java:71) ~[mockito-core-5.17.0.jar:na]
	at org.mockito.Mockito.<clinit>(Mockito.java:1777) ~[mockito-core-5.17.0.jar:na]
	at org.springframework.boot.test.mock.mockito.MockReset.get(MockReset.java:108) ~[spring-boot-test-3.5.5.jar:3.5.5]
	at org.springframework.boot.test.mock.mockito.ResetMocksTestExecutionListener.resetMocks(ResetMocksTestExecutionListener.java:89) ~[spring-boot-test-3.5.5.jar:3.5.5]
	at org.springframework.boot.test.mock.mockito.ResetMocksTestExecutionListener.resetMocks(ResetMocksTestExecutionListener.java:77) ~[spring-boot-test-3.5.5.jar:3.5.5]
	at org.springframework.boot.test.mock.mockito.ResetMocksTestExecutionListener.beforeTestMethod(ResetMocksTestExecutionListener.java:64) ~[spring-boot-test-3.5.5.jar:3.5.5]
	at org.springframework.test.context.TestContextManager.beforeTestMethod(TestContextManager.java:320) ~[spring-test-6.2.10.jar:6.2.10]
	at org.springframework.test.context.junit.jupiter.SpringExtension.beforeEach(SpringExtension.java:236) ~[spring-test-6.2.10.jar:6.2.10]
	at org.junit.jupiter.engine.descriptor.TestMethodTestDescriptor.lambda$invokeBeforeEachCallbacks$2(TestMethodTestDescriptor.java:165) ~[junit-jupiter-engine-5.12.2.jar:5.12.2]
	at org.junit.jupiter.engine.descriptor.TestMethodTestDescriptor.lambda$invokeBeforeMethodsOrCallbacksUntilExceptionOccurs$6(TestMethodTestDescriptor.java:201) ~[junit-jupiter-engine-5.12.2.jar:5.12.2]
	at org.junit.platform.engine.support.hierarchical.ThrowableCollector.execute(ThrowableCollector.java:73) ~[junit-platform-engine-1.12.2.jar:1.12.2]
	at org.junit.jupiter.engine.descriptor.TestMethodTestDescriptor.invokeBeforeMethodsOrCallbacksUntilExceptionOccurs(TestMethodTestDescriptor.java:201) ~[junit-jupiter-engine-5.12.2.jar:5.12.2]
	at org.junit.jupiter.engine.descriptor.TestMethodTestDescriptor.invokeBeforeEachCallbacks(TestMethodTestDescriptor.java:164) ~[junit-jupiter-engine-5.12.2.jar:5.12.2]
	at org.junit.jupiter.engine.descriptor.TestMethodTestDescriptor.execute(TestMethodTestDescriptor.java:131) ~[junit-jupiter-engine-5.12.2.jar:5.12.2]
	... 52 common frames omitted
Caused by: java.lang.reflect.InvocationTargetException: null
	at java.base/jdk.internal.reflect.DirectConstructorHandleAccessor.newInstance(DirectConstructorHandleAccessor.java:74) ~[na:na]
	at java.base/java.lang.reflect.Constructor.newInstanceWithCaller(Constructor.java:499) ~[na:na]
	at java.base/java.lang.reflect.Constructor.newInstance(Constructor.java:483) ~[na:na]
	at org.mockito.internal.configuration.plugins.DefaultMockitoPlugins.create(DefaultMockitoPlugins.java:103) ~[mockito-core-5.17.0.jar:na]
	... 71 common frames omitted
Caused by: org.mockito.exceptions.base.MockitoInitializationException: 
Could not initialize inline Byte Buddy mock maker.

It appears as if your JDK does not supply a working agent attachment mechanism.
Java               : 24
JVM vendor name    : Oracle Corporation
JVM vendor version : 24.0.2+11-jvmci-b01
JVM name           : Java HotSpot(TM) 64-Bit Server VM
JVM version        : 24.0.2+11-jvmci-b01
JVM info           : mixed mode, sharing
OS name            : Windows 10
OS version         : 10.0

	at org.mockito.internal.creation.bytebuddy.InlineDelegateByteBuddyMockMaker.<init>(InlineDelegateByteBuddyMockMaker.java:275) ~[mockito-core-5.17.0.jar:na]
	at org.mockito.internal.creation.bytebuddy.InlineByteBuddyMockMaker.<init>(InlineByteBuddyMockMaker.java:23) ~[mockito-core-5.17.0.jar:na]
	at java.base/jdk.internal.reflect.DirectConstructorHandleAccessor.newInstance(DirectConstructorHandleAccessor.java:62) ~[na:na]
	... 74 common frames omitted
Caused by: java.lang.IllegalStateException: Could not self-attach to current VM using external process - set a property net.bytebuddy.agent.attacher.dump to dump the process output to a file at the specified location
	at net.bytebuddy.agent.ByteBuddyAgent.installExternal(ByteBuddyAgent.java:672) ~[byte-buddy-agent-1.17.7.jar:na]
	at net.bytebuddy.agent.ByteBuddyAgent.install(ByteBuddyAgent.java:599) ~[byte-buddy-agent-1.17.7.jar:na]
	at net.bytebuddy.agent.ByteBuddyAgent.install(ByteBuddyAgent.java:579) ~[byte-buddy-agent-1.17.7.jar:na]
	at net.bytebuddy.agent.ByteBuddyAgent.install(ByteBuddyAgent.java:531) ~[byte-buddy-agent-1.17.7.jar:na]
	at net.bytebuddy.agent.ByteBuddyAgent.install(ByteBuddyAgent.java:508) ~[byte-buddy-agent-1.17.7.jar:na]
	at org.mockito.internal.PremainAttachAccess.getInstrumentation(PremainAttachAccess.java:80) ~[mockito-core-5.17.0.jar:na]
	at org.mockito.internal.creation.bytebuddy.InlineDelegateByteBuddyMockMaker.<clinit>(InlineDelegateByteBuddyMockMaker.java:138) ~[mockito-core-5.17.0.jar:na]
	... 76 common frames omitted

2025-11-04T16:40:08.567+03:00  WARN 18696 --- [medical-center-userservice] [main] o.s.test.context.TestContextManager      : Caught exception while invoking 'beforeTestMethod' callback on TestExecutionListener [org.springframework.boot.test.mock.mockito.ResetMocksTestExecutionListener] for test method [void medicalcenter.userservice.repository.DoctorRepositoryTests.findByFullName_WithNonExistingFullName_ShouldReturnEmpty()] and test instance [medicalcenter.userservice.repository.DoctorRepositoryTests@38328799]

java.lang.IllegalStateException: Could not initialize plugin: interface org.mockito.plugins.MockMaker (alternate: null)
	at org.mockito.internal.configuration.plugins.PluginLoader$1.invoke(PluginLoader.java:85) ~[mockito-core-5.17.0.jar:na]
	at jdk.proxy1/jdk.proxy1.$Proxy150.getHandler(Unknown Source) ~[na:na]
	at org.mockito.internal.util.MockUtil.getMockHandlerOrNull(MockUtil.java:158) ~[mockito-core-5.17.0.jar:na]
	at org.mockito.internal.util.MockUtil.isMock(MockUtil.java:147) ~[mockito-core-5.17.0.jar:na]
	at org.mockito.internal.util.DefaultMockingDetails.isMock(DefaultMockingDetails.java:32) ~[mockito-core-5.17.0.jar:na]
	at org.springframework.boot.test.mock.mockito.MockReset.get(MockReset.java:109) ~[spring-boot-test-3.5.5.jar:3.5.5]
	at org.springframework.boot.test.mock.mockito.ResetMocksTestExecutionListener.resetMocks(ResetMocksTestExecutionListener.java:89) ~[spring-boot-test-3.5.5.jar:3.5.5]
	at org.springframework.boot.test.mock.mockito.ResetMocksTestExecutionListener.resetMocks(ResetMocksTestExecutionListener.java:77) ~[spring-boot-test-3.5.5.jar:3.5.5]
	at org.springframework.boot.test.mock.mockito.ResetMocksTestExecutionListener.beforeTestMethod(ResetMocksTestExecutionListener.java:64) ~[spring-boot-test-3.5.5.jar:3.5.5]
	at org.springframework.test.context.TestContextManager.beforeTestMethod(TestContextManager.java:320) ~[spring-test-6.2.10.jar:6.2.10]
	at org.springframework.test.context.junit.jupiter.SpringExtension.beforeEach(SpringExtension.java:236) ~[spring-test-6.2.10.jar:6.2.10]
	at org.junit.jupiter.engine.descriptor.TestMethodTestDescriptor.lambda$invokeBeforeEachCallbacks$2(TestMethodTestDescriptor.java:165) ~[junit-jupiter-engine-5.12.2.jar:5.12.2]
	at org.junit.jupiter.engine.descriptor.TestMethodTestDescriptor.lambda$invokeBeforeMethodsOrCallbacksUntilExceptionOccurs$6(TestMethodTestDescriptor.java:201) ~[junit-jupiter-engine-5.12.2.jar:5.12.2]
	at org.junit.platform.engine.support.hierarchical.ThrowableCollector.execute(ThrowableCollector.java:73) ~[junit-platform-engine-1.12.2.jar:1.12.2]
	at org.junit.jupiter.engine.descriptor.TestMethodTestDescriptor.invokeBeforeMethodsOrCallbacksUntilExceptionOccurs(TestMethodTestDescriptor.java:201) ~[junit-jupiter-engine-5.12.2.jar:5.12.2]
	at org.junit.jupiter.engine.descriptor.TestMethodTestDescriptor.invokeBeforeEachCallbacks(TestMethodTestDescriptor.java:164) ~[junit-jupiter-engine-5.12.2.jar:5.12.2]
	at org.junit.jupiter.engine.descriptor.TestMethodTestDescriptor.execute(TestMethodTestDescriptor.java:131) ~[junit-jupiter-engine-5.12.2.jar:5.12.2]
	at org.junit.jupiter.engine.descriptor.TestMethodTestDescriptor.execute(TestMethodTestDescriptor.java:69) ~[junit-jupiter-engine-5.12.2.jar:5.12.2]
	at org.junit.platform.engine.support.hierarchical.NodeTestTask.lambda$executeRecursively$6(NodeTestTask.java:156) ~[junit-platform-engine-1.12.2.jar:1.12.2]
	at org.junit.platform.engine.support.hierarchical.ThrowableCollector.execute(ThrowableCollector.java:73) ~[junit-platform-engine-1.12.2.jar:1.12.2]
	at org.junit.platform.engine.support.hierarchical.NodeTestTask.lambda$executeRecursively$8(NodeTestTask.java:146) ~[junit-platform-engine-1.12.2.jar:1.12.2]
	at org.junit.platform.engine.support.hierarchical.Node.around(Node.java:137) ~[junit-platform-engine-1.12.2.jar:1.12.2]
	at org.junit.platform.engine.support.hierarchical.NodeTestTask.lambda$executeRecursively$9(NodeTestTask.java:144) ~[junit-platform-engine-1.12.2.jar:1.12.2]
	at org.junit.platform.engine.support.hierarchical.ThrowableCollector.execute(ThrowableCollector.java:73) ~[junit-platform-engine-1.12.2.jar:1.12.2]
	at org.junit.platform.engine.support.hierarchical.NodeTestTask.executeRecursively(NodeTestTask.java:143) ~[junit-platform-engine-1.12.2.jar:1.12.2]
	at org.junit.platform.engine.support.hierarchical.NodeTestTask.execute(NodeTestTask.java:100) ~[junit-platform-engine-1.12.2.jar:1.12.2]
	at java.base/java.util.ArrayList.forEach(ArrayList.java:1604) ~[na:na]
	at org.junit.platform.engine.support.hierarchical.SameThreadHierarchicalTestExecutorService.invokeAll(SameThreadHierarchicalTestExecutorService.java:41) ~[junit-platform-engine-1.12.2.jar:1.12.2]
	at org.junit.platform.engine.support.hierarchical.NodeTestTask.lambda$executeRecursively$6(NodeTestTask.java:160) ~[junit-platform-engine-1.12.2.jar:1.12.2]
	at org.junit.platform.engine.support.hierarchical.ThrowableCollector.execute(ThrowableCollector.java:73) ~[junit-platform-engine-1.12.2.jar:1.12.2]
	at org.junit.platform.engine.support.hierarchical.NodeTestTask.lambda$executeRecursively$8(NodeTestTask.java:146) ~[junit-platform-engine-1.12.2.jar:1.12.2]
	at org.junit.platform.engine.support.hierarchical.Node.around(Node.java:137) ~[junit-platform-engine-1.12.2.jar:1.12.2]
	at org.junit.platform.engine.support.hierarchical.NodeTestTask.lambda$executeRecursively$9(NodeTestTask.java:144) ~[junit-platform-engine-1.12.2.jar:1.12.2]
	at org.junit.platform.engine.support.hierarchical.ThrowableCollector.execute(ThrowableCollector.java:73) ~[junit-platform-engine-1.12.2.jar:1.12.2]
	at org.junit.platform.engine.support.hierarchical.NodeTestTask.executeRecursively(NodeTestTask.java:143) ~[junit-platform-engine-1.12.2.jar:1.12.2]
	at org.junit.platform.engine.support.hierarchical.NodeTestTask.execute(NodeTestTask.java:100) ~[junit-platform-engine-1.12.2.jar:1.12.2]
	at java.base/java.util.ArrayList.forEach(ArrayList.java:1604) ~[na:na]
	at org.junit.platform.engine.support.hierarchical.SameThreadHierarchicalTestExecutorService.invokeAll(SameThreadHierarchicalTestExecutorService.java:41) ~[junit-platform-engine-1.12.2.jar:1.12.2]
	at org.junit.platform.engine.support.hierarchical.NodeTestTask.lambda$executeRecursively$6(NodeTestTask.java:160) ~[junit-platform-engine-1.12.2.jar:1.12.2]
	at org.junit.platform.engine.support.hierarchical.ThrowableCollector.execute(ThrowableCollector.java:73) ~[junit-platform-engine-1.12.2.jar:1.12.2]
	at org.junit.platform.engine.support.hierarchical.NodeTestTask.lambda$executeRecursively$8(NodeTestTask.java:146) ~[junit-platform-engine-1.12.2.jar:1.12.2]
	at org.junit.platform.engine.support.hierarchical.Node.around(Node.java:137) ~[junit-platform-engine-1.12.2.jar:1.12.2]
	at org.junit.platform.engine.support.hierarchical.NodeTestTask.lambda$executeRecursively$9(NodeTestTask.java:144) ~[junit-platform-engine-1.12.2.jar:1.12.2]
	at org.junit.platform.engine.support.hierarchical.ThrowableCollector.execute(ThrowableCollector.java:73) ~[junit-platform-engine-1.12.2.jar:1.12.2]
	at org.junit.platform.engine.support.hierarchical.NodeTestTask.executeRecursively(NodeTestTask.java:143) ~[junit-platform-engine-1.12.2.jar:1.12.2]
	at org.junit.platform.engine.support.hierarchical.NodeTestTask.execute(NodeTestTask.java:100) ~[junit-platform-engine-1.12.2.jar:1.12.2]
	at org.junit.platform.engine.support.hierarchical.SameThreadHierarchicalTestExecutorService.submit(SameThreadHierarchicalTestExecutorService.java:35) ~[junit-platform-engine-1.12.2.jar:1.12.2]
	at org.junit.platform.engine.support.hierarchical.HierarchicalTestExecutor.execute(HierarchicalTestExecutor.java:57) ~[junit-platform-engine-1.12.2.jar:1.12.2]
	at org.junit.platform.engine.support.hierarchical.HierarchicalTestEngine.execute(HierarchicalTestEngine.java:54) ~[junit-platform-engine-1.12.2.jar:1.12.2]
	at org.junit.platform.launcher.core.EngineExecutionOrchestrator.execute(EngineExecutionOrchestrator.java:201) ~[junit-platform-launcher-1.12.2.jar:1.12.2]
	at org.junit.platform.launcher.core.EngineExecutionOrchestrator.execute(EngineExecutionOrchestrator.java:170) ~[junit-platform-launcher-1.12.2.jar:1.12.2]
	at org.junit.platform.launcher.core.EngineExecutionOrchestrator.execute(EngineExecutionOrchestrator.java:94) ~[junit-platform-launcher-1.12.2.jar:1.12.2]
	at org.junit.platform.launcher.core.EngineExecutionOrchestrator.lambda$execute$0(EngineExecutionOrchestrator.java:59) ~[junit-platform-launcher-1.12.2.jar:1.12.2]
	at org.junit.platform.launcher.core.EngineExecutionOrchestrator.withInterceptedStreams(EngineExecutionOrchestrator.java:142) ~[junit-platform-launcher-1.12.2.jar:1.12.2]
	at org.junit.platform.launcher.core.EngineExecutionOrchestrator.execute(EngineExecutionOrchestrator.java:58) ~[junit-platform-launcher-1.12.2.jar:1.12.2]
	at org.junit.platform.launcher.core.DefaultLauncher.execute(DefaultLauncher.java:103) ~[junit-platform-launcher-1.12.2.jar:1.12.2]
	at org.junit.platform.launcher.core.DefaultLauncher.execute(DefaultLauncher.java:85) ~[junit-platform-launcher-1.12.2.jar:1.12.2]
	at org.junit.platform.launcher.core.DelegatingLauncher.execute(DelegatingLauncher.java:47) ~[junit-platform-launcher-1.12.2.jar:1.12.2]
	at org.junit.platform.launcher.core.InterceptingLauncher.lambda$execute$1(InterceptingLauncher.java:39) ~[junit-platform-launcher-1.12.2.jar:1.12.2]
	at org.junit.platform.launcher.core.ClasspathAlignmentCheckingLauncherInterceptor.intercept(ClasspathAlignmentCheckingLauncherInterceptor.java:25) ~[junit-platform-launcher-1.12.2.jar:1.12.2]
	at org.junit.platform.launcher.core.InterceptingLauncher.execute(InterceptingLauncher.java:38) ~[junit-platform-launcher-1.12.2.jar:1.12.2]
	at org.junit.platform.launcher.core.DelegatingLauncher.execute(DelegatingLauncher.java:47) ~[junit-platform-launcher-1.12.2.jar:1.12.2]
	at org.junit.platform.launcher.core.SessionPerRequestLauncher.execute(SessionPerRequestLauncher.java:63) ~[junit-platform-launcher-1.12.2.jar:1.12.2]
	at com.intellij.junit5.JUnit5IdeaTestRunner.startRunnerWithArgs(JUnit5IdeaTestRunner.java:66) ~[junit5-rt.jar:na]
	at com.intellij.rt.junit.IdeaTestRunner$Repeater$1.execute(IdeaTestRunner.java:38) ~[junit-rt.jar:na]
	at com.intellij.rt.execution.junit.TestsRepeater.repeat(TestsRepeater.java:11) ~[idea_rt.jar:na]
	at com.intellij.rt.junit.IdeaTestRunner$Repeater.startRunnerWithArgs(IdeaTestRunner.java:35) ~[junit-rt.jar:na]
	at com.intellij.rt.junit.JUnitStarter.prepareStreamsAndStart(JUnitStarter.java:237) ~[junit-rt.jar:na]
	at com.intellij.rt.junit.JUnitStarter.main(JUnitStarter.java:58) ~[junit-rt.jar:na]
Caused by: java.lang.IllegalStateException: Internal problem occurred, please report it. Mockito is unable to load the default implementation of class that is a part of Mockito distribution. Failed to load interface org.mockito.plugins.MockMaker
	at org.mockito.internal.configuration.plugins.DefaultMockitoPlugins.create(DefaultMockitoPlugins.java:105) ~[mockito-core-5.17.0.jar:na]
	at org.mockito.internal.configuration.plugins.DefaultMockitoPlugins.getDefaultPlugin(DefaultMockitoPlugins.java:79) ~[mockito-core-5.17.0.jar:na]
	at org.mockito.internal.configuration.plugins.PluginLoader.loadPlugin(PluginLoader.java:75) ~[mockito-core-5.17.0.jar:na]
	at org.mockito.internal.configuration.plugins.PluginLoader.loadPlugin(PluginLoader.java:49) ~[mockito-core-5.17.0.jar:na]
	at org.mockito.internal.configuration.plugins.PluginRegistry.<init>(PluginRegistry.java:29) ~[mockito-core-5.17.0.jar:na]
	at org.mockito.internal.configuration.plugins.Plugins.<clinit>(Plugins.java:26) ~[mockito-core-5.17.0.jar:na]
	at org.mockito.internal.MockitoCore.<clinit>(MockitoCore.java:71) ~[mockito-core-5.17.0.jar:na]
	at org.mockito.Mockito.<clinit>(Mockito.java:1777) ~[mockito-core-5.17.0.jar:na]
	at org.springframework.boot.test.mock.mockito.MockReset.get(MockReset.java:108) ~[spring-boot-test-3.5.5.jar:3.5.5]
	at org.springframework.boot.test.mock.mockito.ResetMocksTestExecutionListener.resetMocks(ResetMocksTestExecutionListener.java:89) ~[spring-boot-test-3.5.5.jar:3.5.5]
	at org.springframework.boot.test.mock.mockito.ResetMocksTestExecutionListener.resetMocks(ResetMocksTestExecutionListener.java:77) ~[spring-boot-test-3.5.5.jar:3.5.5]
	at org.springframework.boot.test.mock.mockito.ResetMocksTestExecutionListener.beforeTestMethod(ResetMocksTestExecutionListener.java:64) ~[spring-boot-test-3.5.5.jar:3.5.5]
	at org.springframework.test.context.TestContextManager.beforeTestMethod(TestContextManager.java:320) ~[spring-test-6.2.10.jar:6.2.10]
	at org.springframework.test.context.junit.jupiter.SpringExtension.beforeEach(SpringExtension.java:236) ~[spring-test-6.2.10.jar:6.2.10]
	at java.base/java.util.ArrayList.forEach(ArrayList.java:1604) ~[na:na]
	at java.base/java.util.ArrayList.forEach(ArrayList.java:1604) ~[na:na]
Caused by: java.lang.reflect.InvocationTargetException: null
	at java.base/java.lang.reflect.Constructor.newInstanceWithCaller(Constructor.java:499) ~[na:na]
	at java.base/java.lang.reflect.Constructor.newInstance(Constructor.java:483) ~[na:na]
	at org.mockito.internal.configuration.plugins.DefaultMockitoPlugins.create(DefaultMockitoPlugins.java:103) ~[mockito-core-5.17.0.jar:na]
	... 15 common frames omitted
Caused by: org.mockito.exceptions.base.MockitoInitializationException: 
Could not initialize inline Byte Buddy mock maker.

It appears as if your JDK does not supply a working agent attachment mechanism.
Java               : 24
JVM vendor name    : Oracle Corporation
JVM vendor version : 24.0.2+11-jvmci-b01
JVM name           : Java HotSpot(TM) 64-Bit Server VM
JVM version        : 24.0.2+11-jvmci-b01
JVM info           : mixed mode, sharing
OS name            : Windows 10
OS version         : 10.0

	at org.mockito.internal.creation.bytebuddy.InlineDelegateByteBuddyMockMaker.<init>(InlineDelegateByteBuddyMockMaker.java:275) ~[mockito-core-5.17.0.jar:na]
	at org.mockito.internal.creation.bytebuddy.InlineByteBuddyMockMaker.<init>(InlineByteBuddyMockMaker.java:23) ~[mockito-core-5.17.0.jar:na]
	... 18 common frames omitted
Caused by: java.lang.IllegalStateException: Could not self-attach to current VM using external process - set a property net.bytebuddy.agent.attacher.dump to dump the process output to a file at the specified location
	at net.bytebuddy.agent.ByteBuddyAgent.installExternal(ByteBuddyAgent.java:672) ~[byte-buddy-agent-1.17.7.jar:na]
	at net.bytebuddy.agent.ByteBuddyAgent.install(ByteBuddyAgent.java:599) ~[byte-buddy-agent-1.17.7.jar:na]
	at net.bytebuddy.agent.ByteBuddyAgent.install(ByteBuddyAgent.java:579) ~[byte-buddy-agent-1.17.7.jar:na]
	at net.bytebuddy.agent.ByteBuddyAgent.install(ByteBuddyAgent.java:531) ~[byte-buddy-agent-1.17.7.jar:na]
	at net.bytebuddy.agent.ByteBuddyAgent.install(ByteBuddyAgent.java:508) ~[byte-buddy-agent-1.17.7.jar:na]
	at org.mockito.internal.PremainAttachAccess.getInstrumentation(PremainAttachAccess.java:80) ~[mockito-core-5.17.0.jar:na]
	at org.mockito.internal.creation.bytebuddy.InlineDelegateByteBuddyMockMaker.<clinit>(InlineDelegateByteBuddyMockMaker.java:138) ~[mockito-core-5.17.0.jar:na]
	... 19 common frames omitted

2025-11-04T16:40:08.575+03:00  WARN 18696 --- [medical-center-userservice] [main] o.s.test.context.TestContextManager      : Caught exception while invoking 'afterTestMethod' callback on TestExecutionListener [org.springframework.boot.test.mock.mockito.ResetMocksTestExecutionListener] for test method [void medicalcenter.userservice.repository.DoctorRepositoryTests.findByFullName_WithNonExistingFullName_ShouldReturnEmpty()] and test instance [medicalcenter.userservice.repository.DoctorRepositoryTests@38328799]

java.lang.IllegalStateException: Could not initialize plugin: interface org.mockito.plugins.MockMaker (alternate: null)
	at org.mockito.internal.configuration.plugins.PluginLoader$1.invoke(PluginLoader.java:85) ~[mockito-core-5.17.0.jar:na]
	at jdk.proxy1/jdk.proxy1.$Proxy150.getHandler(Unknown Source) ~[na:na]
	at org.mockito.internal.util.MockUtil.getMockHandlerOrNull(MockUtil.java:158) ~[mockito-core-5.17.0.jar:na]
	at org.mockito.internal.util.MockUtil.isMock(MockUtil.java:147) ~[mockito-core-5.17.0.jar:na]
	at org.mockito.internal.util.DefaultMockingDetails.isMock(DefaultMockingDetails.java:32) ~[mockito-core-5.17.0.jar:na]
	at org.springframework.boot.test.mock.mockito.MockReset.get(MockReset.java:109) ~[spring-boot-test-3.5.5.jar:3.5.5]
	at org.springframework.boot.test.mock.mockito.ResetMocksTestExecutionListener.resetMocks(ResetMocksTestExecutionListener.java:89) ~[spring-boot-test-3.5.5.jar:3.5.5]
	at org.springframework.boot.test.mock.mockito.ResetMocksTestExecutionListener.resetMocks(ResetMocksTestExecutionListener.java:77) ~[spring-boot-test-3.5.5.jar:3.5.5]
	at org.springframework.boot.test.mock.mockito.ResetMocksTestExecutionListener.afterTestMethod(ResetMocksTestExecutionListener.java:71) ~[spring-boot-test-3.5.5.jar:3.5.5]
	at org.springframework.test.context.TestContextManager.afterTestMethod(TestContextManager.java:488) ~[spring-test-6.2.10.jar:6.2.10]
	at org.springframework.test.context.junit.jupiter.SpringExtension.afterEach(SpringExtension.java:274) ~[spring-test-6.2.10.jar:6.2.10]
	at org.junit.jupiter.engine.descriptor.TestMethodTestDescriptor.lambda$invokeAfterEachCallbacks$12(TestMethodTestDescriptor.java:259) ~[junit-jupiter-engine-5.12.2.jar:5.12.2]
	at org.junit.jupiter.engine.descriptor.TestMethodTestDescriptor.lambda$invokeAllAfterMethodsOrCallbacks$13(TestMethodTestDescriptor.java:275) ~[junit-jupiter-engine-5.12.2.jar:5.12.2]
	at org.junit.platform.engine.support.hierarchical.ThrowableCollector.execute(ThrowableCollector.java:73) ~[junit-platform-engine-1.12.2.jar:1.12.2]
	at org.junit.jupiter.engine.descriptor.TestMethodTestDescriptor.lambda$invokeAllAfterMethodsOrCallbacks$14(TestMethodTestDescriptor.java:275) ~[junit-jupiter-engine-5.12.2.jar:5.12.2]
	at org.junit.platform.commons.util.CollectionUtils.forEachInReverseOrder(CollectionUtils.java:239) ~[junit-platform-commons-1.12.2.jar:1.12.2]
	at org.junit.jupiter.engine.descriptor.TestMethodTestDescriptor.invokeAllAfterMethodsOrCallbacks(TestMethodTestDescriptor.java:274) ~[junit-jupiter-engine-5.12.2.jar:5.12.2]
	at org.junit.jupiter.engine.descriptor.TestMethodTestDescriptor.invokeAfterEachCallbacks(TestMethodTestDescriptor.java:258) ~[junit-jupiter-engine-5.12.2.jar:5.12.2]
	at org.junit.jupiter.engine.descriptor.TestMethodTestDescriptor.execute(TestMethodTestDescriptor.java:143) ~[junit-jupiter-engine-5.12.2.jar:5.12.2]
	at org.junit.jupiter.engine.descriptor.TestMethodTestDescriptor.execute(TestMethodTestDescriptor.java:69) ~[junit-jupiter-engine-5.12.2.jar:5.12.2]
	at org.junit.platform.engine.support.hierarchical.NodeTestTask.lambda$executeRecursively$6(NodeTestTask.java:156) ~[junit-platform-engine-1.12.2.jar:1.12.2]
	at org.junit.platform.engine.support.hierarchical.ThrowableCollector.execute(ThrowableCollector.java:73) ~[junit-platform-engine-1.12.2.jar:1.12.2]
	at org.junit.platform.engine.support.hierarchical.NodeTestTask.lambda$executeRecursively$8(NodeTestTask.java:146) ~[junit-platform-engine-1.12.2.jar:1.12.2]
	at org.junit.platform.engine.support.hierarchical.Node.around(Node.java:137) ~[junit-platform-engine-1.12.2.jar:1.12.2]
	at org.junit.platform.engine.support.hierarchical.NodeTestTask.lambda$executeRecursively$9(NodeTestTask.java:144) ~[junit-platform-engine-1.12.2.jar:1.12.2]
	at org.junit.platform.engine.support.hierarchical.ThrowableCollector.execute(ThrowableCollector.java:73) ~[junit-platform-engine-1.12.2.jar:1.12.2]
	at org.junit.platform.engine.support.hierarchical.NodeTestTask.executeRecursively(NodeTestTask.java:143) ~[junit-platform-engine-1.12.2.jar:1.12.2]
	at org.junit.platform.engine.support.hierarchical.NodeTestTask.execute(NodeTestTask.java:100) ~[junit-platform-engine-1.12.2.jar:1.12.2]
	at java.base/java.util.ArrayList.forEach(ArrayList.java:1604) ~[na:na]
	at org.junit.platform.engine.support.hierarchical.SameThreadHierarchicalTestExecutorService.invokeAll(SameThreadHierarchicalTestExecutorService.java:41) ~[junit-platform-engine-1.12.2.jar:1.12.2]
	at org.junit.platform.engine.support.hierarchical.NodeTestTask.lambda$executeRecursively$6(NodeTestTask.java:160) ~[junit-platform-engine-1.12.2.jar:1.12.2]
	at org.junit.platform.engine.support.hierarchical.ThrowableCollector.execute(ThrowableCollector.java:73) ~[junit-platform-engine-1.12.2.jar:1.12.2]
	at org.junit.platform.engine.support.hierarchical.NodeTestTask.lambda$executeRecursively$8(NodeTestTask.java:146) ~[junit-platform-engine-1.12.2.jar:1.12.2]
	at org.junit.platform.engine.support.hierarchical.Node.around(Node.java:137) ~[junit-platform-engine-1.12.2.jar:1.12.2]
	at org.junit.platform.engine.support.hierarchical.NodeTestTask.lambda$executeRecursively$9(NodeTestTask.java:144) ~[junit-platform-engine-1.12.2.jar:1.12.2]
	at org.junit.platform.engine.support.hierarchical.ThrowableCollector.execute(ThrowableCollector.java:73) ~[junit-platform-engine-1.12.2.jar:1.12.2]
	at org.junit.platform.engine.support.hierarchical.NodeTestTask.executeRecursively(NodeTestTask.java:143) ~[junit-platform-engine-1.12.2.jar:1.12.2]
	at org.junit.platform.engine.support.hierarchical.NodeTestTask.execute(NodeTestTask.java:100) ~[junit-platform-engine-1.12.2.jar:1.12.2]
	at java.base/java.util.ArrayList.forEach(ArrayList.java:1604) ~[na:na]
	at org.junit.platform.engine.support.hierarchical.SameThreadHierarchicalTestExecutorService.invokeAll(SameThreadHierarchicalTestExecutorService.java:41) ~[junit-platform-engine-1.12.2.jar:1.12.2]
	at org.junit.platform.engine.support.hierarchical.NodeTestTask.lambda$executeRecursively$6(NodeTestTask.java:160) ~[junit-platform-engine-1.12.2.jar:1.12.2]
	at org.junit.platform.engine.support.hierarchical.ThrowableCollector.execute(ThrowableCollector.java:73) ~[junit-platform-engine-1.12.2.jar:1.12.2]
	at org.junit.platform.engine.support.hierarchical.NodeTestTask.lambda$executeRecursively$8(NodeTestTask.java:146) ~[junit-platform-engine-1.12.2.jar:1.12.2]
	at org.junit.platform.engine.support.hierarchical.Node.around(Node.java:137) ~[junit-platform-engine-1.12.2.jar:1.12.2]
	at org.junit.platform.engine.support.hierarchical.NodeTestTask.lambda$executeRecursively$9(NodeTestTask.java:144) ~[junit-platform-engine-1.12.2.jar:1.12.2]
	at org.junit.platform.engine.support.hierarchical.ThrowableCollector.execute(ThrowableCollector.java:73) ~[junit-platform-engine-1.12.2.jar:1.12.2]
	at org.junit.platform.engine.support.hierarchical.NodeTestTask.executeRecursively(NodeTestTask.java:143) ~[junit-platform-engine-1.12.2.jar:1.12.2]
	at org.junit.platform.engine.support.hierarchical.NodeTestTask.execute(NodeTestTask.java:100) ~[junit-platform-engine-1.12.2.jar:1.12.2]
	at org.junit.platform.engine.support.hierarchical.SameThreadHierarchicalTestExecutorService.submit(SameThreadHierarchicalTestExecutorService.java:35) ~[junit-platform-engine-1.12.2.jar:1.12.2]
	at org.junit.platform.engine.support.hierarchical.HierarchicalTestExecutor.execute(HierarchicalTestExecutor.java:57) ~[junit-platform-engine-1.12.2.jar:1.12.2]
	at org.junit.platform.engine.support.hierarchical.HierarchicalTestEngine.execute(HierarchicalTestEngine.java:54) ~[junit-platform-engine-1.12.2.jar:1.12.2]
	at org.junit.platform.launcher.core.EngineExecutionOrchestrator.execute(EngineExecutionOrchestrator.java:201) ~[junit-platform-launcher-1.12.2.jar:1.12.2]
	at org.junit.platform.launcher.core.EngineExecutionOrchestrator.execute(EngineExecutionOrchestrator.java:170) ~[junit-platform-launcher-1.12.2.jar:1.12.2]
	at org.junit.platform.launcher.core.EngineExecutionOrchestrator.execute(EngineExecutionOrchestrator.java:94) ~[junit-platform-launcher-1.12.2.jar:1.12.2]
	at org.junit.platform.launcher.core.EngineExecutionOrchestrator.lambda$execute$0(EngineExecutionOrchestrator.java:59) ~[junit-platform-launcher-1.12.2.jar:1.12.2]
	at org.junit.platform.launcher.core.EngineExecutionOrchestrator.withInterceptedStreams(EngineExecutionOrchestrator.java:142) ~[junit-platform-launcher-1.12.2.jar:1.12.2]
	at org.junit.platform.launcher.core.EngineExecutionOrchestrator.execute(EngineExecutionOrchestrator.java:58) ~[junit-platform-launcher-1.12.2.jar:1.12.2]
	at org.junit.platform.launcher.core.DefaultLauncher.execute(DefaultLauncher.java:103) ~[junit-platform-launcher-1.12.2.jar:1.12.2]
	at org.junit.platform.launcher.core.DefaultLauncher.execute(DefaultLauncher.java:85) ~[junit-platform-launcher-1.12.2.jar:1.12.2]
	at org.junit.platform.launcher.core.DelegatingLauncher.execute(DelegatingLauncher.java:47) ~[junit-platform-launcher-1.12.2.jar:1.12.2]
	at org.junit.platform.launcher.core.InterceptingLauncher.lambda$execute$1(InterceptingLauncher.java:39) ~[junit-platform-launcher-1.12.2.jar:1.12.2]
	at org.junit.platform.launcher.core.ClasspathAlignmentCheckingLauncherInterceptor.intercept(ClasspathAlignmentCheckingLauncherInterceptor.java:25) ~[junit-platform-launcher-1.12.2.jar:1.12.2]
	at org.junit.platform.launcher.core.InterceptingLauncher.execute(InterceptingLauncher.java:38) ~[junit-platform-launcher-1.12.2.jar:1.12.2]
	at org.junit.platform.launcher.core.DelegatingLauncher.execute(DelegatingLauncher.java:47) ~[junit-platform-launcher-1.12.2.jar:1.12.2]
	at org.junit.platform.launcher.core.SessionPerRequestLauncher.execute(SessionPerRequestLauncher.java:63) ~[junit-platform-launcher-1.12.2.jar:1.12.2]
	at com.intellij.junit5.JUnit5IdeaTestRunner.startRunnerWithArgs(JUnit5IdeaTestRunner.java:66) ~[junit5-rt.jar:na]
	at com.intellij.rt.junit.IdeaTestRunner$Repeater$1.execute(IdeaTestRunner.java:38) ~[junit-rt.jar:na]
	at com.intellij.rt.execution.junit.TestsRepeater.repeat(TestsRepeater.java:11) ~[idea_rt.jar:na]
	at com.intellij.rt.junit.IdeaTestRunner$Repeater.startRunnerWithArgs(IdeaTestRunner.java:35) ~[junit-rt.jar:na]
	at com.intellij.rt.junit.JUnitStarter.prepareStreamsAndStart(JUnitStarter.java:237) ~[junit-rt.jar:na]
	at com.intellij.rt.junit.JUnitStarter.main(JUnitStarter.java:58) ~[junit-rt.jar:na]
Caused by: java.lang.IllegalStateException: Internal problem occurred, please report it. Mockito is unable to load the default implementation of class that is a part of Mockito distribution. Failed to load interface org.mockito.plugins.MockMaker
	at org.mockito.internal.configuration.plugins.DefaultMockitoPlugins.create(DefaultMockitoPlugins.java:105) ~[mockito-core-5.17.0.jar:na]
	at org.mockito.internal.configuration.plugins.DefaultMockitoPlugins.getDefaultPlugin(DefaultMockitoPlugins.java:79) ~[mockito-core-5.17.0.jar:na]
	at org.mockito.internal.configuration.plugins.PluginLoader.loadPlugin(PluginLoader.java:75) ~[mockito-core-5.17.0.jar:na]
	at org.mockito.internal.configuration.plugins.PluginLoader.loadPlugin(PluginLoader.java:49) ~[mockito-core-5.17.0.jar:na]
	at org.mockito.internal.configuration.plugins.PluginRegistry.<init>(PluginRegistry.java:29) ~[mockito-core-5.17.0.jar:na]
	at org.mockito.internal.configuration.plugins.Plugins.<clinit>(Plugins.java:26) ~[mockito-core-5.17.0.jar:na]
	at org.mockito.internal.MockitoCore.<clinit>(MockitoCore.java:71) ~[mockito-core-5.17.0.jar:na]
	at org.mockito.Mockito.<clinit>(Mockito.java:1777) ~[mockito-core-5.17.0.jar:na]
	at org.springframework.boot.test.mock.mockito.MockReset.get(MockReset.java:108) ~[spring-boot-test-3.5.5.jar:3.5.5]
	at org.springframework.boot.test.mock.mockito.ResetMocksTestExecutionListener.resetMocks(ResetMocksTestExecutionListener.java:89) ~[spring-boot-test-3.5.5.jar:3.5.5]
	at org.springframework.boot.test.mock.mockito.ResetMocksTestExecutionListener.resetMocks(ResetMocksTestExecutionListener.java:77) ~[spring-boot-test-3.5.5.jar:3.5.5]
	at org.springframework.boot.test.mock.mockito.ResetMocksTestExecutionListener.beforeTestMethod(ResetMocksTestExecutionListener.java:64) ~[spring-boot-test-3.5.5.jar:3.5.5]
	at org.springframework.test.context.TestContextManager.beforeTestMethod(TestContextManager.java:320) ~[spring-test-6.2.10.jar:6.2.10]
	at org.springframework.test.context.junit.jupiter.SpringExtension.beforeEach(SpringExtension.java:236) ~[spring-test-6.2.10.jar:6.2.10]
	at java.base/java.util.ArrayList.forEach(ArrayList.java:1604) ~[na:na]
	at java.base/java.util.ArrayList.forEach(ArrayList.java:1604) ~[na:na]
Caused by: java.lang.reflect.InvocationTargetException: null
	at java.base/java.lang.reflect.Constructor.newInstanceWithCaller(Constructor.java:499) ~[na:na]
	at java.base/java.lang.reflect.Constructor.newInstance(Constructor.java:483) ~[na:na]
	at org.mockito.internal.configuration.plugins.DefaultMockitoPlugins.create(DefaultMockitoPlugins.java:103) ~[mockito-core-5.17.0.jar:na]
	... 15 common frames omitted
Caused by: org.mockito.exceptions.base.MockitoInitializationException: 
Could not initialize inline Byte Buddy mock maker.

It appears as if your JDK does not supply a working agent attachment mechanism.
Java               : 24
JVM vendor name    : Oracle Corporation
JVM vendor version : 24.0.2+11-jvmci-b01
JVM name           : Java HotSpot(TM) 64-Bit Server VM
JVM version        : 24.0.2+11-jvmci-b01
JVM info           : mixed mode, sharing
OS name            : Windows 10
OS version         : 10.0

	at org.mockito.internal.creation.bytebuddy.InlineDelegateByteBuddyMockMaker.<init>(InlineDelegateByteBuddyMockMaker.java:275) ~[mockito-core-5.17.0.jar:na]
	at org.mockito.internal.creation.bytebuddy.InlineByteBuddyMockMaker.<init>(InlineByteBuddyMockMaker.java:23) ~[mockito-core-5.17.0.jar:na]
	... 18 common frames omitted
Caused by: java.lang.IllegalStateException: Could not self-attach to current VM using external process - set a property net.bytebuddy.agent.attacher.dump to dump the process output to a file at the specified location
	at net.bytebuddy.agent.ByteBuddyAgent.installExternal(ByteBuddyAgent.java:672) ~[byte-buddy-agent-1.17.7.jar:na]
	at net.bytebuddy.agent.ByteBuddyAgent.install(ByteBuddyAgent.java:599) ~[byte-buddy-agent-1.17.7.jar:na]
	at net.bytebuddy.agent.ByteBuddyAgent.install(ByteBuddyAgent.java:579) ~[byte-buddy-agent-1.17.7.jar:na]
	at net.bytebuddy.agent.ByteBuddyAgent.install(ByteBuddyAgent.java:531) ~[byte-buddy-agent-1.17.7.jar:na]
	at net.bytebuddy.agent.ByteBuddyAgent.install(ByteBuddyAgent.java:508) ~[byte-buddy-agent-1.17.7.jar:na]
	at org.mockito.internal.PremainAttachAccess.getInstrumentation(PremainAttachAccess.java:80) ~[mockito-core-5.17.0.jar:na]
	at org.mockito.internal.creation.bytebuddy.InlineDelegateByteBuddyMockMaker.<clinit>(InlineDelegateByteBuddyMockMaker.java:138) ~[mockito-core-5.17.0.jar:na]
	... 19 common frames omitted

2025-11-04T16:40:08.588+03:00  WARN 18696 --- [medical-center-userservice] [main] o.s.test.context.TestContextManager      : Caught exception while invoking 'beforeTestMethod' callback on TestExecutionListener [org.springframework.boot.test.mock.mockito.ResetMocksTestExecutionListener] for test method [void medicalcenter.userservice.repository.DoctorRepositoryTests.findAllByLastName_WithPagination_ShouldReturnPaginatedResults()] and test instance [medicalcenter.userservice.repository.DoctorRepositoryTests@1330d15e]

java.lang.IllegalStateException: Could not initialize plugin: interface org.mockito.plugins.MockMaker (alternate: null)
	at org.mockito.internal.configuration.plugins.PluginLoader$1.invoke(PluginLoader.java:85) ~[mockito-core-5.17.0.jar:na]
	at jdk.proxy1/jdk.proxy1.$Proxy150.getHandler(Unknown Source) ~[na:na]
	at org.mockito.internal.util.MockUtil.getMockHandlerOrNull(MockUtil.java:158) ~[mockito-core-5.17.0.jar:na]
	at org.mockito.internal.util.MockUtil.isMock(MockUtil.java:147) ~[mockito-core-5.17.0.jar:na]
	at org.mockito.internal.util.DefaultMockingDetails.isMock(DefaultMockingDetails.java:32) ~[mockito-core-5.17.0.jar:na]
	at org.springframework.boot.test.mock.mockito.MockReset.get(MockReset.java:109) ~[spring-boot-test-3.5.5.jar:3.5.5]
	at org.springframework.boot.test.mock.mockito.ResetMocksTestExecutionListener.resetMocks(ResetMocksTestExecutionListener.java:89) ~[spring-boot-test-3.5.5.jar:3.5.5]
	at org.springframework.boot.test.mock.mockito.ResetMocksTestExecutionListener.resetMocks(ResetMocksTestExecutionListener.java:77) ~[spring-boot-test-3.5.5.jar:3.5.5]
	at org.springframework.boot.test.mock.mockito.ResetMocksTestExecutionListener.beforeTestMethod(ResetMocksTestExecutionListener.java:64) ~[spring-boot-test-3.5.5.jar:3.5.5]
	at org.springframework.test.context.TestContextManager.beforeTestMethod(TestContextManager.java:320) ~[spring-test-6.2.10.jar:6.2.10]
	at org.springframework.test.context.junit.jupiter.SpringExtension.beforeEach(SpringExtension.java:236) ~[spring-test-6.2.10.jar:6.2.10]
	at org.junit.jupiter.engine.descriptor.TestMethodTestDescriptor.lambda$invokeBeforeEachCallbacks$2(TestMethodTestDescriptor.java:165) ~[junit-jupiter-engine-5.12.2.jar:5.12.2]
	at org.junit.jupiter.engine.descriptor.TestMethodTestDescriptor.lambda$invokeBeforeMethodsOrCallbacksUntilExceptionOccurs$6(TestMethodTestDescriptor.java:201) ~[junit-jupiter-engine-5.12.2.jar:5.12.2]
	at org.junit.platform.engine.support.hierarchical.ThrowableCollector.execute(ThrowableCollector.java:73) ~[junit-platform-engine-1.12.2.jar:1.12.2]
	at org.junit.jupiter.engine.descriptor.TestMethodTestDescriptor.invokeBeforeMethodsOrCallbacksUntilExceptionOccurs(TestMethodTestDescriptor.java:201) ~[junit-jupiter-engine-5.12.2.jar:5.12.2]
	at org.junit.jupiter.engine.descriptor.TestMethodTestDescriptor.invokeBeforeEachCallbacks(TestMethodTestDescriptor.java:164) ~[junit-jupiter-engine-5.12.2.jar:5.12.2]
	at org.junit.jupiter.engine.descriptor.TestMethodTestDescriptor.execute(TestMethodTestDescriptor.java:131) ~[junit-jupiter-engine-5.12.2.jar:5.12.2]
	at org.junit.jupiter.engine.descriptor.TestMethodTestDescriptor.execute(TestMethodTestDescriptor.java:69) ~[junit-jupiter-engine-5.12.2.jar:5.12.2]
	at org.junit.platform.engine.support.hierarchical.NodeTestTask.lambda$executeRecursively$6(NodeTestTask.java:156) ~[junit-platform-engine-1.12.2.jar:1.12.2]
	at org.junit.platform.engine.support.hierarchical.ThrowableCollector.execute(ThrowableCollector.java:73) ~[junit-platform-engine-1.12.2.jar:1.12.2]
	at org.junit.platform.engine.support.hierarchical.NodeTestTask.lambda$executeRecursively$8(NodeTestTask.java:146) ~[junit-platform-engine-1.12.2.jar:1.12.2]
	at org.junit.platform.engine.support.hierarchical.Node.around(Node.java:137) ~[junit-platform-engine-1.12.2.jar:1.12.2]
	at org.junit.platform.engine.support.hierarchical.NodeTestTask.lambda$executeRecursively$9(NodeTestTask.java:144) ~[junit-platform-engine-1.12.2.jar:1.12.2]
	at org.junit.platform.engine.support.hierarchical.ThrowableCollector.execute(ThrowableCollector.java:73) ~[junit-platform-engine-1.12.2.jar:1.12.2]
	at org.junit.platform.engine.support.hierarchical.NodeTestTask.executeRecursively(NodeTestTask.java:143) ~[junit-platform-engine-1.12.2.jar:1.12.2]
	at org.junit.platform.engine.support.hierarchical.NodeTestTask.execute(NodeTestTask.java:100) ~[junit-platform-engine-1.12.2.jar:1.12.2]
	at java.base/java.util.ArrayList.forEach(ArrayList.java:1604) ~[na:na]
	at org.junit.platform.engine.support.hierarchical.SameThreadHierarchicalTestExecutorService.invokeAll(SameThreadHierarchicalTestExecutorService.java:41) ~[junit-platform-engine-1.12.2.jar:1.12.2]
	at org.junit.platform.engine.support.hierarchical.NodeTestTask.lambda$executeRecursively$6(NodeTestTask.java:160) ~[junit-platform-engine-1.12.2.jar:1.12.2]
	at org.junit.platform.engine.support.hierarchical.ThrowableCollector.execute(ThrowableCollector.java:73) ~[junit-platform-engine-1.12.2.jar:1.12.2]
	at org.junit.platform.engine.support.hierarchical.NodeTestTask.lambda$executeRecursively$8(NodeTestTask.java:146) ~[junit-platform-engine-1.12.2.jar:1.12.2]
	at org.junit.platform.engine.support.hierarchical.Node.around(Node.java:137) ~[junit-platform-engine-1.12.2.jar:1.12.2]
	at org.junit.platform.engine.support.hierarchical.NodeTestTask.lambda$executeRecursively$9(NodeTestTask.java:144) ~[junit-platform-engine-1.12.2.jar:1.12.2]
	at org.junit.platform.engine.support.hierarchical.ThrowableCollector.execute(ThrowableCollector.java:73) ~[junit-platform-engine-1.12.2.jar:1.12.2]
	at org.junit.platform.engine.support.hierarchical.NodeTestTask.executeRecursively(NodeTestTask.java:143) ~[junit-platform-engine-1.12.2.jar:1.12.2]
	at org.junit.platform.engine.support.hierarchical.NodeTestTask.execute(NodeTestTask.java:100) ~[junit-platform-engine-1.12.2.jar:1.12.2]
	at java.base/java.util.ArrayList.forEach(ArrayList.java:1604) ~[na:na]
	at org.junit.platform.engine.support.hierarchical.SameThreadHierarchicalTestExecutorService.invokeAll(SameThreadHierarchicalTestExecutorService.java:41) ~[junit-platform-engine-1.12.2.jar:1.12.2]
	at org.junit.platform.engine.support.hierarchical.NodeTestTask.lambda$executeRecursively$6(NodeTestTask.java:160) ~[junit-platform-engine-1.12.2.jar:1.12.2]
	at org.junit.platform.engine.support.hierarchical.ThrowableCollector.execute(ThrowableCollector.java:73) ~[junit-platform-engine-1.12.2.jar:1.12.2]
	at org.junit.platform.engine.support.hierarchical.NodeTestTask.lambda$executeRecursively$8(NodeTestTask.java:146) ~[junit-platform-engine-1.12.2.jar:1.12.2]
	at org.junit.platform.engine.support.hierarchical.Node.around(Node.java:137) ~[junit-platform-engine-1.12.2.jar:1.12.2]
	at org.junit.platform.engine.support.hierarchical.NodeTestTask.lambda$executeRecursively$9(NodeTestTask.java:144) ~[junit-platform-engine-1.12.2.jar:1.12.2]
	at org.junit.platform.engine.support.hierarchical.ThrowableCollector.execute(ThrowableCollector.java:73) ~[junit-platform-engine-1.12.2.jar:1.12.2]
	at org.junit.platform.engine.support.hierarchical.NodeTestTask.executeRecursively(NodeTestTask.java:143) ~[junit-platform-engine-1.12.2.jar:1.12.2]
	at org.junit.platform.engine.support.hierarchical.NodeTestTask.execute(NodeTestTask.java:100) ~[junit-platform-engine-1.12.2.jar:1.12.2]
	at org.junit.platform.engine.support.hierarchical.SameThreadHierarchicalTestExecutorService.submit(SameThreadHierarchicalTestExecutorService.java:35) ~[junit-platform-engine-1.12.2.jar:1.12.2]
	at org.junit.platform.engine.support.hierarchical.HierarchicalTestExecutor.execute(HierarchicalTestExecutor.java:57) ~[junit-platform-engine-1.12.2.jar:1.12.2]
	at org.junit.platform.engine.support.hierarchical.HierarchicalTestEngine.execute(HierarchicalTestEngine.java:54) ~[junit-platform-engine-1.12.2.jar:1.12.2]
	at org.junit.platform.launcher.core.EngineExecutionOrchestrator.execute(EngineExecutionOrchestrator.java:201) ~[junit-platform-launcher-1.12.2.jar:1.12.2]
	at org.junit.platform.launcher.core.EngineExecutionOrchestrator.execute(EngineExecutionOrchestrator.java:170) ~[junit-platform-launcher-1.12.2.jar:1.12.2]
	at org.junit.platform.launcher.core.EngineExecutionOrchestrator.execute(EngineExecutionOrchestrator.java:94) ~[junit-platform-launcher-1.12.2.jar:1.12.2]
	at org.junit.platform.launcher.core.EngineExecutionOrchestrator.lambda$execute$0(EngineExecutionOrchestrator.java:59) ~[junit-platform-launcher-1.12.2.jar:1.12.2]
	at org.junit.platform.launcher.core.EngineExecutionOrchestrator.withInterceptedStreams(EngineExecutionOrchestrator.java:142) ~[junit-platform-launcher-1.12.2.jar:1.12.2]
	at org.junit.platform.launcher.core.EngineExecutionOrchestrator.execute(EngineExecutionOrchestrator.java:58) ~[junit-platform-launcher-1.12.2.jar:1.12.2]
	at org.junit.platform.launcher.core.DefaultLauncher.execute(DefaultLauncher.java:103) ~[junit-platform-launcher-1.12.2.jar:1.12.2]
	at org.junit.platform.launcher.core.DefaultLauncher.execute(DefaultLauncher.java:85) ~[junit-platform-launcher-1.12.2.jar:1.12.2]
	at org.junit.platform.launcher.core.DelegatingLauncher.execute(DelegatingLauncher.java:47) ~[junit-platform-launcher-1.12.2.jar:1.12.2]
	at org.junit.platform.launcher.core.InterceptingLauncher.lambda$execute$1(InterceptingLauncher.java:39) ~[junit-platform-launcher-1.12.2.jar:1.12.2]
	at org.junit.platform.launcher.core.ClasspathAlignmentCheckingLauncherInterceptor.intercept(ClasspathAlignmentCheckingLauncherInterceptor.java:25) ~[junit-platform-launcher-1.12.2.jar:1.12.2]
	at org.junit.platform.launcher.core.InterceptingLauncher.execute(InterceptingLauncher.java:38) ~[junit-platform-launcher-1.12.2.jar:1.12.2]
	at org.junit.platform.launcher.core.DelegatingLauncher.execute(DelegatingLauncher.java:47) ~[junit-platform-launcher-1.12.2.jar:1.12.2]
	at org.junit.platform.launcher.core.SessionPerRequestLauncher.execute(SessionPerRequestLauncher.java:63) ~[junit-platform-launcher-1.12.2.jar:1.12.2]
	at com.intellij.junit5.JUnit5IdeaTestRunner.startRunnerWithArgs(JUnit5IdeaTestRunner.java:66) ~[junit5-rt.jar:na]
	at com.intellij.rt.junit.IdeaTestRunner$Repeater$1.execute(IdeaTestRunner.java:38) ~[junit-rt.jar:na]
	at com.intellij.rt.execution.junit.TestsRepeater.repeat(TestsRepeater.java:11) ~[idea_rt.jar:na]
	at com.intellij.rt.junit.IdeaTestRunner$Repeater.startRunnerWithArgs(IdeaTestRunner.java:35) ~[junit-rt.jar:na]
	at com.intellij.rt.junit.JUnitStarter.prepareStreamsAndStart(JUnitStarter.java:237) ~[junit-rt.jar:na]
	at com.intellij.rt.junit.JUnitStarter.main(JUnitStarter.java:58) ~[junit-rt.jar:na]
Caused by: java.lang.IllegalStateException: Internal problem occurred, please report it. Mockito is unable to load the default implementation of class that is a part of Mockito distribution. Failed to load interface org.mockito.plugins.MockMaker
	at org.mockito.internal.configuration.plugins.DefaultMockitoPlugins.create(DefaultMockitoPlugins.java:105) ~[mockito-core-5.17.0.jar:na]
	at org.mockito.internal.configuration.plugins.DefaultMockitoPlugins.getDefaultPlugin(DefaultMockitoPlugins.java:79) ~[mockito-core-5.17.0.jar:na]
	at org.mockito.internal.configuration.plugins.PluginLoader.loadPlugin(PluginLoader.java:75) ~[mockito-core-5.17.0.jar:na]
	at org.mockito.internal.configuration.plugins.PluginLoader.loadPlugin(PluginLoader.java:49) ~[mockito-core-5.17.0.jar:na]
	at org.mockito.internal.configuration.plugins.PluginRegistry.<init>(PluginRegistry.java:29) ~[mockito-core-5.17.0.jar:na]
	at org.mockito.internal.configuration.plugins.Plugins.<clinit>(Plugins.java:26) ~[mockito-core-5.17.0.jar:na]
	at org.mockito.internal.MockitoCore.<clinit>(MockitoCore.java:71) ~[mockito-core-5.17.0.jar:na]
	at org.mockito.Mockito.<clinit>(Mockito.java:1777) ~[mockito-core-5.17.0.jar:na]
	at org.springframework.boot.test.mock.mockito.MockReset.get(MockReset.java:108) ~[spring-boot-test-3.5.5.jar:3.5.5]
	at org.springframework.boot.test.mock.mockito.ResetMocksTestExecutionListener.resetMocks(ResetMocksTestExecutionListener.java:89) ~[spring-boot-test-3.5.5.jar:3.5.5]
	at org.springframework.boot.test.mock.mockito.ResetMocksTestExecutionListener.resetMocks(ResetMocksTestExecutionListener.java:77) ~[spring-boot-test-3.5.5.jar:3.5.5]
	at org.springframework.boot.test.mock.mockito.ResetMocksTestExecutionListener.beforeTestMethod(ResetMocksTestExecutionListener.java:64) ~[spring-boot-test-3.5.5.jar:3.5.5]
	at org.springframework.test.context.TestContextManager.beforeTestMethod(TestContextManager.java:320) ~[spring-test-6.2.10.jar:6.2.10]
	at org.springframework.test.context.junit.jupiter.SpringExtension.beforeEach(SpringExtension.java:236) ~[spring-test-6.2.10.jar:6.2.10]
	at java.base/java.util.ArrayList.forEach(ArrayList.java:1604) ~[na:na]
	at java.base/java.util.ArrayList.forEach(ArrayList.java:1604) ~[na:na]
Caused by: java.lang.reflect.InvocationTargetException: null
	at java.base/java.lang.reflect.Constructor.newInstanceWithCaller(Constructor.java:499) ~[na:na]
	at java.base/java.lang.reflect.Constructor.newInstance(Constructor.java:483) ~[na:na]
	at org.mockito.internal.configuration.plugins.DefaultMockitoPlugins.create(DefaultMockitoPlugins.java:103) ~[mockito-core-5.17.0.jar:na]
	... 15 common frames omitted
Caused by: org.mockito.exceptions.base.MockitoInitializationException: 
Could not initialize inline Byte Buddy mock maker.

It appears as if your JDK does not supply a working agent attachment mechanism.
Java               : 24
JVM vendor name    : Oracle Corporation
JVM vendor version : 24.0.2+11-jvmci-b01
JVM name           : Java HotSpot(TM) 64-Bit Server VM
JVM version        : 24.0.2+11-jvmci-b01
JVM info           : mixed mode, sharing
OS name            : Windows 10
OS version         : 10.0

	at org.mockito.internal.creation.bytebuddy.InlineDelegateByteBuddyMockMaker.<init>(InlineDelegateByteBuddyMockMaker.java:275) ~[mockito-core-5.17.0.jar:na]
	at org.mockito.internal.creation.bytebuddy.InlineByteBuddyMockMaker.<init>(InlineByteBuddyMockMaker.java:23) ~[mockito-core-5.17.0.jar:na]
	... 18 common frames omitted
Caused by: java.lang.IllegalStateException: Could not self-attach to current VM using external process - set a property net.bytebuddy.agent.attacher.dump to dump the process output to a file at the specified location
	at net.bytebuddy.agent.ByteBuddyAgent.installExternal(ByteBuddyAgent.java:672) ~[byte-buddy-agent-1.17.7.jar:na]
	at net.bytebuddy.agent.ByteBuddyAgent.install(ByteBuddyAgent.java:599) ~[byte-buddy-agent-1.17.7.jar:na]
	at net.bytebuddy.agent.ByteBuddyAgent.install(ByteBuddyAgent.java:579) ~[byte-buddy-agent-1.17.7.jar:na]
	at net.bytebuddy.agent.ByteBuddyAgent.install(ByteBuddyAgent.java:531) ~[byte-buddy-agent-1.17.7.jar:na]
	at net.bytebuddy.agent.ByteBuddyAgent.install(ByteBuddyAgent.java:508) ~[byte-buddy-agent-1.17.7.jar:na]
	at org.mockito.internal.PremainAttachAccess.getInstrumentation(PremainAttachAccess.java:80) ~[mockito-core-5.17.0.jar:na]
	at org.mockito.internal.creation.bytebuddy.InlineDelegateByteBuddyMockMaker.<clinit>(InlineDelegateByteBuddyMockMaker.java:138) ~[mockito-core-5.17.0.jar:na]
	... 19 common frames omitted

2025-11-04T16:40:08.593+03:00  WARN 18696 --- [medical-center-userservice] [main] o.s.test.context.TestContextManager      : Caught exception while invoking 'afterTestMethod' callback on TestExecutionListener [org.springframework.boot.test.mock.mockito.ResetMocksTestExecutionListener] for test method [void medicalcenter.userservice.repository.DoctorRepositoryTests.findAllByLastName_WithPagination_ShouldReturnPaginatedResults()] and test instance [medicalcenter.userservice.repository.DoctorRepositoryTests@1330d15e]

java.lang.IllegalStateException: Could not initialize plugin: interface org.mockito.plugins.MockMaker (alternate: null)
	at org.mockito.internal.configuration.plugins.PluginLoader$1.invoke(PluginLoader.java:85) ~[mockito-core-5.17.0.jar:na]
	at jdk.proxy1/jdk.proxy1.$Proxy150.getHandler(Unknown Source) ~[na:na]
	at org.mockito.internal.util.MockUtil.getMockHandlerOrNull(MockUtil.java:158) ~[mockito-core-5.17.0.jar:na]
	at org.mockito.internal.util.MockUtil.isMock(MockUtil.java:147) ~[mockito-core-5.17.0.jar:na]
	at org.mockito.internal.util.DefaultMockingDetails.isMock(DefaultMockingDetails.java:32) ~[mockito-core-5.17.0.jar:na]
	at org.springframework.boot.test.mock.mockito.MockReset.get(MockReset.java:109) ~[spring-boot-test-3.5.5.jar:3.5.5]
	at org.springframework.boot.test.mock.mockito.ResetMocksTestExecutionListener.resetMocks(ResetMocksTestExecutionListener.java:89) ~[spring-boot-test-3.5.5.jar:3.5.5]
	at org.springframework.boot.test.mock.mockito.ResetMocksTestExecutionListener.resetMocks(ResetMocksTestExecutionListener.java:77) ~[spring-boot-test-3.5.5.jar:3.5.5]
	at org.springframework.boot.test.mock.mockito.ResetMocksTestExecutionListener.afterTestMethod(ResetMocksTestExecutionListener.java:71) ~[spring-boot-test-3.5.5.jar:3.5.5]
	at org.springframework.test.context.TestContextManager.afterTestMethod(TestContextManager.java:488) ~[spring-test-6.2.10.jar:6.2.10]
	at org.springframework.test.context.junit.jupiter.SpringExtension.afterEach(SpringExtension.java:274) ~[spring-test-6.2.10.jar:6.2.10]
	at org.junit.jupiter.engine.descriptor.TestMethodTestDescriptor.lambda$invokeAfterEachCallbacks$12(TestMethodTestDescriptor.java:259) ~[junit-jupiter-engine-5.12.2.jar:5.12.2]
	at org.junit.jupiter.engine.descriptor.TestMethodTestDescriptor.lambda$invokeAllAfterMethodsOrCallbacks$13(TestMethodTestDescriptor.java:275) ~[junit-jupiter-engine-5.12.2.jar:5.12.2]
	at org.junit.platform.engine.support.hierarchical.ThrowableCollector.execute(ThrowableCollector.java:73) ~[junit-platform-engine-1.12.2.jar:1.12.2]
	at org.junit.jupiter.engine.descriptor.TestMethodTestDescriptor.lambda$invokeAllAfterMethodsOrCallbacks$14(TestMethodTestDescriptor.java:275) ~[junit-jupiter-engine-5.12.2.jar:5.12.2]
	at org.junit.platform.commons.util.CollectionUtils.forEachInReverseOrder(CollectionUtils.java:239) ~[junit-platform-commons-1.12.2.jar:1.12.2]
	at org.junit.jupiter.engine.descriptor.TestMethodTestDescriptor.invokeAllAfterMethodsOrCallbacks(TestMethodTestDescriptor.java:274) ~[junit-jupiter-engine-5.12.2.jar:5.12.2]
	at org.junit.jupiter.engine.descriptor.TestMethodTestDescriptor.invokeAfterEachCallbacks(TestMethodTestDescriptor.java:258) ~[junit-jupiter-engine-5.12.2.jar:5.12.2]
	at org.junit.jupiter.engine.descriptor.TestMethodTestDescriptor.execute(TestMethodTestDescriptor.java:143) ~[junit-jupiter-engine-5.12.2.jar:5.12.2]
	at org.junit.jupiter.engine.descriptor.TestMethodTestDescriptor.execute(TestMethodTestDescriptor.java:69) ~[junit-jupiter-engine-5.12.2.jar:5.12.2]
	at org.junit.platform.engine.support.hierarchical.NodeTestTask.lambda$executeRecursively$6(NodeTestTask.java:156) ~[junit-platform-engine-1.12.2.jar:1.12.2]
	at org.junit.platform.engine.support.hierarchical.ThrowableCollector.execute(ThrowableCollector.java:73) ~[junit-platform-engine-1.12.2.jar:1.12.2]
	at org.junit.platform.engine.support.hierarchical.NodeTestTask.lambda$executeRecursively$8(NodeTestTask.java:146) ~[junit-platform-engine-1.12.2.jar:1.12.2]
	at org.junit.platform.engine.support.hierarchical.Node.around(Node.java:137) ~[junit-platform-engine-1.12.2.jar:1.12.2]
	at org.junit.platform.engine.support.hierarchical.NodeTestTask.lambda$executeRecursively$9(NodeTestTask.java:144) ~[junit-platform-engine-1.12.2.jar:1.12.2]
	at org.junit.platform.engine.support.hierarchical.ThrowableCollector.execute(ThrowableCollector.java:73) ~[junit-platform-engine-1.12.2.jar:1.12.2]
	at org.junit.platform.engine.support.hierarchical.NodeTestTask.executeRecursively(NodeTestTask.java:143) ~[junit-platform-engine-1.12.2.jar:1.12.2]
	at org.junit.platform.engine.support.hierarchical.NodeTestTask.execute(NodeTestTask.java:100) ~[junit-platform-engine-1.12.2.jar:1.12.2]
	at java.base/java.util.ArrayList.forEach(ArrayList.java:1604) ~[na:na]
	at org.junit.platform.engine.support.hierarchical.SameThreadHierarchicalTestExecutorService.invokeAll(SameThreadHierarchicalTestExecutorService.java:41) ~[junit-platform-engine-1.12.2.jar:1.12.2]
	at org.junit.platform.engine.support.hierarchical.NodeTestTask.lambda$executeRecursively$6(NodeTestTask.java:160) ~[junit-platform-engine-1.12.2.jar:1.12.2]
	at org.junit.platform.engine.support.hierarchical.ThrowableCollector.execute(ThrowableCollector.java:73) ~[junit-platform-engine-1.12.2.jar:1.12.2]
	at org.junit.platform.engine.support.hierarchical.NodeTestTask.lambda$executeRecursively$8(NodeTestTask.java:146) ~[junit-platform-engine-1.12.2.jar:1.12.2]
	at org.junit.platform.engine.support.hierarchical.Node.around(Node.java:137) ~[junit-platform-engine-1.12.2.jar:1.12.2]
	at org.junit.platform.engine.support.hierarchical.NodeTestTask.lambda$executeRecursively$9(NodeTestTask.java:144) ~[junit-platform-engine-1.12.2.jar:1.12.2]
	at org.junit.platform.engine.support.hierarchical.ThrowableCollector.execute(ThrowableCollector.java:73) ~[junit-platform-engine-1.12.2.jar:1.12.2]
	at org.junit.platform.engine.support.hierarchical.NodeTestTask.executeRecursively(NodeTestTask.java:143) ~[junit-platform-engine-1.12.2.jar:1.12.2]
	at org.junit.platform.engine.support.hierarchical.NodeTestTask.execute(NodeTestTask.java:100) ~[junit-platform-engine-1.12.2.jar:1.12.2]
	at java.base/java.util.ArrayList.forEach(ArrayList.java:1604) ~[na:na]
	at org.junit.platform.engine.support.hierarchical.SameThreadHierarchicalTestExecutorService.invokeAll(SameThreadHierarchicalTestExecutorService.java:41) ~[junit-platform-engine-1.12.2.jar:1.12.2]
	at org.junit.platform.engine.support.hierarchical.NodeTestTask.lambda$executeRecursively$6(NodeTestTask.java:160) ~[junit-platform-engine-1.12.2.jar:1.12.2]
	at org.junit.platform.engine.support.hierarchical.ThrowableCollector.execute(ThrowableCollector.java:73) ~[junit-platform-engine-1.12.2.jar:1.12.2]
	at org.junit.platform.engine.support.hierarchical.NodeTestTask.lambda$executeRecursively$8(NodeTestTask.java:146) ~[junit-platform-engine-1.12.2.jar:1.12.2]
	at org.junit.platform.engine.support.hierarchical.Node.around(Node.java:137) ~[junit-platform-engine-1.12.2.jar:1.12.2]
	at org.junit.platform.engine.support.hierarchical.NodeTestTask.lambda$executeRecursively$9(NodeTestTask.java:144) ~[junit-platform-engine-1.12.2.jar:1.12.2]
	at org.junit.platform.engine.support.hierarchical.ThrowableCollector.execute(ThrowableCollector.java:73) ~[junit-platform-engine-1.12.2.jar:1.12.2]
	at org.junit.platform.engine.support.hierarchical.NodeTestTask.executeRecursively(NodeTestTask.java:143) ~[junit-platform-engine-1.12.2.jar:1.12.2]
	at org.junit.platform.engine.support.hierarchical.NodeTestTask.execute(NodeTestTask.java:100) ~[junit-platform-engine-1.12.2.jar:1.12.2]
	at org.junit.platform.engine.support.hierarchical.SameThreadHierarchicalTestExecutorService.submit(SameThreadHierarchicalTestExecutorService.java:35) ~[junit-platform-engine-1.12.2.jar:1.12.2]
	at org.junit.platform.engine.support.hierarchical.HierarchicalTestExecutor.execute(HierarchicalTestExecutor.java:57) ~[junit-platform-engine-1.12.2.jar:1.12.2]
	at org.junit.platform.engine.support.hierarchical.HierarchicalTestEngine.execute(HierarchicalTestEngine.java:54) ~[junit-platform-engine-1.12.2.jar:1.12.2]
	at org.junit.platform.launcher.core.EngineExecutionOrchestrator.execute(EngineExecutionOrchestrator.java:201) ~[junit-platform-launcher-1.12.2.jar:1.12.2]
	at org.junit.platform.launcher.core.EngineExecutionOrchestrator.execute(EngineExecutionOrchestrator.java:170) ~[junit-platform-launcher-1.12.2.jar:1.12.2]
	at org.junit.platform.launcher.core.EngineExecutionOrchestrator.execute(EngineExecutionOrchestrator.java:94) ~[junit-platform-launcher-1.12.2.jar:1.12.2]
	at org.junit.platform.launcher.core.EngineExecutionOrchestrator.lambda$execute$0(EngineExecutionOrchestrator.java:59) ~[junit-platform-launcher-1.12.2.jar:1.12.2]
	at org.junit.platform.launcher.core.EngineExecutionOrchestrator.withInterceptedStreams(EngineExecutionOrchestrator.java:142) ~[junit-platform-launcher-1.12.2.jar:1.12.2]
	at org.junit.platform.launcher.core.EngineExecutionOrchestrator.execute(EngineExecutionOrchestrator.java:58) ~[junit-platform-launcher-1.12.2.jar:1.12.2]
	at org.junit.platform.launcher.core.DefaultLauncher.execute(DefaultLauncher.java:103) ~[junit-platform-launcher-1.12.2.jar:1.12.2]
	at org.junit.platform.launcher.core.DefaultLauncher.execute(DefaultLauncher.java:85) ~[junit-platform-launcher-1.12.2.jar:1.12.2]
	at org.junit.platform.launcher.core.DelegatingLauncher.execute(DelegatingLauncher.java:47) ~[junit-platform-launcher-1.12.2.jar:1.12.2]
	at org.junit.platform.launcher.core.InterceptingLauncher.lambda$execute$1(InterceptingLauncher.java:39) ~[junit-platform-launcher-1.12.2.jar:1.12.2]
	at org.junit.platform.launcher.core.ClasspathAlignmentCheckingLauncherInterceptor.intercept(ClasspathAlignmentCheckingLauncherInterceptor.java:25) ~[junit-platform-launcher-1.12.2.jar:1.12.2]
	at org.junit.platform.launcher.core.InterceptingLauncher.execute(InterceptingLauncher.java:38) ~[junit-platform-launcher-1.12.2.jar:1.12.2]
	at org.junit.platform.launcher.core.DelegatingLauncher.execute(DelegatingLauncher.java:47) ~[junit-platform-launcher-1.12.2.jar:1.12.2]
	at org.junit.platform.launcher.core.SessionPerRequestLauncher.execute(SessionPerRequestLauncher.java:63) ~[junit-platform-launcher-1.12.2.jar:1.12.2]
	at com.intellij.junit5.JUnit5IdeaTestRunner.startRunnerWithArgs(JUnit5IdeaTestRunner.java:66) ~[junit5-rt.jar:na]
	at com.intellij.rt.junit.IdeaTestRunner$Repeater$1.execute(IdeaTestRunner.java:38) ~[junit-rt.jar:na]
	at com.intellij.rt.execution.junit.TestsRepeater.repeat(TestsRepeater.java:11) ~[idea_rt.jar:na]
	at com.intellij.rt.junit.IdeaTestRunner$Repeater.startRunnerWithArgs(IdeaTestRunner.java:35) ~[junit-rt.jar:na]
	at com.intellij.rt.junit.JUnitStarter.prepareStreamsAndStart(JUnitStarter.java:237) ~[junit-rt.jar:na]
	at com.intellij.rt.junit.JUnitStarter.main(JUnitStarter.java:58) ~[junit-rt.jar:na]
Caused by: java.lang.IllegalStateException: Internal problem occurred, please report it. Mockito is unable to load the default implementation of class that is a part of Mockito distribution. Failed to load interface org.mockito.plugins.MockMaker
	at org.mockito.internal.configuration.plugins.DefaultMockitoPlugins.create(DefaultMockitoPlugins.java:105) ~[mockito-core-5.17.0.jar:na]
	at org.mockito.internal.configuration.plugins.DefaultMockitoPlugins.getDefaultPlugin(DefaultMockitoPlugins.java:79) ~[mockito-core-5.17.0.jar:na]
	at org.mockito.internal.configuration.plugins.PluginLoader.loadPlugin(PluginLoader.java:75) ~[mockito-core-5.17.0.jar:na]
	at org.mockito.internal.configuration.plugins.PluginLoader.loadPlugin(PluginLoader.java:49) ~[mockito-core-5.17.0.jar:na]
	at org.mockito.internal.configuration.plugins.PluginRegistry.<init>(PluginRegistry.java:29) ~[mockito-core-5.17.0.jar:na]
	at org.mockito.internal.configuration.plugins.Plugins.<clinit>(Plugins.java:26) ~[mockito-core-5.17.0.jar:na]
	at org.mockito.internal.MockitoCore.<clinit>(MockitoCore.java:71) ~[mockito-core-5.17.0.jar:na]
	at org.mockito.Mockito.<clinit>(Mockito.java:1777) ~[mockito-core-5.17.0.jar:na]
	at org.springframework.boot.test.mock.mockito.MockReset.get(MockReset.java:108) ~[spring-boot-test-3.5.5.jar:3.5.5]
	at org.springframework.boot.test.mock.mockito.ResetMocksTestExecutionListener.resetMocks(ResetMocksTestExecutionListener.java:89) ~[spring-boot-test-3.5.5.jar:3.5.5]
	at org.springframework.boot.test.mock.mockito.ResetMocksTestExecutionListener.resetMocks(ResetMocksTestExecutionListener.java:77) ~[spring-boot-test-3.5.5.jar:3.5.5]
	at org.springframework.boot.test.mock.mockito.ResetMocksTestExecutionListener.beforeTestMethod(ResetMocksTestExecutionListener.java:64) ~[spring-boot-test-3.5.5.jar:3.5.5]
	at org.springframework.test.context.TestContextManager.beforeTestMethod(TestContextManager.java:320) ~[spring-test-6.2.10.jar:6.2.10]
	at org.springframework.test.context.junit.jupiter.SpringExtension.beforeEach(SpringExtension.java:236) ~[spring-test-6.2.10.jar:6.2.10]
	at java.base/java.util.ArrayList.forEach(ArrayList.java:1604) ~[na:na]
	at java.base/java.util.ArrayList.forEach(ArrayList.java:1604) ~[na:na]
Caused by: java.lang.reflect.InvocationTargetException: null
	at java.base/java.lang.reflect.Constructor.newInstanceWithCaller(Constructor.java:499) ~[na:na]
	at java.base/java.lang.reflect.Constructor.newInstance(Constructor.java:483) ~[na:na]
	at org.mockito.internal.configuration.plugins.DefaultMockitoPlugins.create(DefaultMockitoPlugins.java:103) ~[mockito-core-5.17.0.jar:na]
	... 15 common frames omitted
Caused by: org.mockito.exceptions.base.MockitoInitializationException: 
Could not initialize inline Byte Buddy mock maker.

It appears as if your JDK does not supply a working agent attachment mechanism.
Java               : 24
JVM vendor name    : Oracle Corporation
JVM vendor version : 24.0.2+11-jvmci-b01
JVM name           : Java HotSpot(TM) 64-Bit Server VM
JVM version        : 24.0.2+11-jvmci-b01
JVM info           : mixed mode, sharing
OS name            : Windows 10
OS version         : 10.0

	at org.mockito.internal.creation.bytebuddy.InlineDelegateByteBuddyMockMaker.<init>(InlineDelegateByteBuddyMockMaker.java:275) ~[mockito-core-5.17.0.jar:na]
	at org.mockito.internal.creation.bytebuddy.InlineByteBuddyMockMaker.<init>(InlineByteBuddyMockMaker.java:23) ~[mockito-core-5.17.0.jar:na]
	... 18 common frames omitted
Caused by: java.lang.IllegalStateException: Could not self-attach to current VM using external process - set a property net.bytebuddy.agent.attacher.dump to dump the process output to a file at the specified location
	at net.bytebuddy.agent.ByteBuddyAgent.installExternal(ByteBuddyAgent.java:672) ~[byte-buddy-agent-1.17.7.jar:na]
	at net.bytebuddy.agent.ByteBuddyAgent.install(ByteBuddyAgent.java:599) ~[byte-buddy-agent-1.17.7.jar:na]
	at net.bytebuddy.agent.ByteBuddyAgent.install(ByteBuddyAgent.java:579) ~[byte-buddy-agent-1.17.7.jar:na]
	at net.bytebuddy.agent.ByteBuddyAgent.install(ByteBuddyAgent.java:531) ~[byte-buddy-agent-1.17.7.jar:na]
	at net.bytebuddy.agent.ByteBuddyAgent.install(ByteBuddyAgent.java:508) ~[byte-buddy-agent-1.17.7.jar:na]
	at org.mockito.internal.PremainAttachAccess.getInstrumentation(PremainAttachAccess.java:80) ~[mockito-core-5.17.0.jar:na]
	at org.mockito.internal.creation.bytebuddy.InlineDelegateByteBuddyMockMaker.<clinit>(InlineDelegateByteBuddyMockMaker.java:138) ~[mockito-core-5.17.0.jar:na]
	... 19 common frames omitted

2025-11-04T16:40:08.604+03:00  WARN 18696 --- [medical-center-userservice] [main] o.s.test.context.TestContextManager      : Caught exception while invoking 'beforeTestMethod' callback on TestExecutionListener [org.springframework.boot.test.mock.mockito.ResetMocksTestExecutionListener] for test method [void medicalcenter.userservice.repository.DoctorRepositoryTests.existsById_WithExistingId_ShouldReturnTrue()] and test instance [medicalcenter.userservice.repository.DoctorRepositoryTests@610576c8]

java.lang.IllegalStateException: Could not initialize plugin: interface org.mockito.plugins.MockMaker (alternate: null)
	at org.mockito.internal.configuration.plugins.PluginLoader$1.invoke(PluginLoader.java:85) ~[mockito-core-5.17.0.jar:na]
	at jdk.proxy1/jdk.proxy1.$Proxy150.getHandler(Unknown Source) ~[na:na]
	at org.mockito.internal.util.MockUtil.getMockHandlerOrNull(MockUtil.java:158) ~[mockito-core-5.17.0.jar:na]
	at org.mockito.internal.util.MockUtil.isMock(MockUtil.java:147) ~[mockito-core-5.17.0.jar:na]
	at org.mockito.internal.util.DefaultMockingDetails.isMock(DefaultMockingDetails.java:32) ~[mockito-core-5.17.0.jar:na]
	at org.springframework.boot.test.mock.mockito.MockReset.get(MockReset.java:109) ~[spring-boot-test-3.5.5.jar:3.5.5]
	at org.springframework.boot.test.mock.mockito.ResetMocksTestExecutionListener.resetMocks(ResetMocksTestExecutionListener.java:89) ~[spring-boot-test-3.5.5.jar:3.5.5]
	at org.springframework.boot.test.mock.mockito.ResetMocksTestExecutionListener.resetMocks(ResetMocksTestExecutionListener.java:77) ~[spring-boot-test-3.5.5.jar:3.5.5]
	at org.springframework.boot.test.mock.mockito.ResetMocksTestExecutionListener.beforeTestMethod(ResetMocksTestExecutionListener.java:64) ~[spring-boot-test-3.5.5.jar:3.5.5]
	at org.springframework.test.context.TestContextManager.beforeTestMethod(TestContextManager.java:320) ~[spring-test-6.2.10.jar:6.2.10]
	at org.springframework.test.context.junit.jupiter.SpringExtension.beforeEach(SpringExtension.java:236) ~[spring-test-6.2.10.jar:6.2.10]
	at org.junit.jupiter.engine.descriptor.TestMethodTestDescriptor.lambda$invokeBeforeEachCallbacks$2(TestMethodTestDescriptor.java:165) ~[junit-jupiter-engine-5.12.2.jar:5.12.2]
	at org.junit.jupiter.engine.descriptor.TestMethodTestDescriptor.lambda$invokeBeforeMethodsOrCallbacksUntilExceptionOccurs$6(TestMethodTestDescriptor.java:201) ~[junit-jupiter-engine-5.12.2.jar:5.12.2]
	at org.junit.platform.engine.support.hierarchical.ThrowableCollector.execute(ThrowableCollector.java:73) ~[junit-platform-engine-1.12.2.jar:1.12.2]
	at org.junit.jupiter.engine.descriptor.TestMethodTestDescriptor.invokeBeforeMethodsOrCallbacksUntilExceptionOccurs(TestMethodTestDescriptor.java:201) ~[junit-jupiter-engine-5.12.2.jar:5.12.2]
	at org.junit.jupiter.engine.descriptor.TestMethodTestDescriptor.invokeBeforeEachCallbacks(TestMethodTestDescriptor.java:164) ~[junit-jupiter-engine-5.12.2.jar:5.12.2]
	at org.junit.jupiter.engine.descriptor.TestMethodTestDescriptor.execute(TestMethodTestDescriptor.java:131) ~[junit-jupiter-engine-5.12.2.jar:5.12.2]
	at org.junit.jupiter.engine.descriptor.TestMethodTestDescriptor.execute(TestMethodTestDescriptor.java:69) ~[junit-jupiter-engine-5.12.2.jar:5.12.2]
	at org.junit.platform.engine.support.hierarchical.NodeTestTask.lambda$executeRecursively$6(NodeTestTask.java:156) ~[junit-platform-engine-1.12.2.jar:1.12.2]
	at org.junit.platform.engine.support.hierarchical.ThrowableCollector.execute(ThrowableCollector.java:73) ~[junit-platform-engine-1.12.2.jar:1.12.2]
	at org.junit.platform.engine.support.hierarchical.NodeTestTask.lambda$executeRecursively$8(NodeTestTask.java:146) ~[junit-platform-engine-1.12.2.jar:1.12.2]
	at org.junit.platform.engine.support.hierarchical.Node.around(Node.java:137) ~[junit-platform-engine-1.12.2.jar:1.12.2]
	at org.junit.platform.engine.support.hierarchical.NodeTestTask.lambda$executeRecursively$9(NodeTestTask.java:144) ~[junit-platform-engine-1.12.2.jar:1.12.2]
	at org.junit.platform.engine.support.hierarchical.ThrowableCollector.execute(ThrowableCollector.java:73) ~[junit-platform-engine-1.12.2.jar:1.12.2]
	at org.junit.platform.engine.support.hierarchical.NodeTestTask.executeRecursively(NodeTestTask.java:143) ~[junit-platform-engine-1.12.2.jar:1.12.2]
	at org.junit.platform.engine.support.hierarchical.NodeTestTask.execute(NodeTestTask.java:100) ~[junit-platform-engine-1.12.2.jar:1.12.2]
	at java.base/java.util.ArrayList.forEach(ArrayList.java:1604) ~[na:na]
	at org.junit.platform.engine.support.hierarchical.SameThreadHierarchicalTestExecutorService.invokeAll(SameThreadHierarchicalTestExecutorService.java:41) ~[junit-platform-engine-1.12.2.jar:1.12.2]
	at org.junit.platform.engine.support.hierarchical.NodeTestTask.lambda$executeRecursively$6(NodeTestTask.java:160) ~[junit-platform-engine-1.12.2.jar:1.12.2]
	at org.junit.platform.engine.support.hierarchical.ThrowableCollector.execute(ThrowableCollector.java:73) ~[junit-platform-engine-1.12.2.jar:1.12.2]
	at org.junit.platform.engine.support.hierarchical.NodeTestTask.lambda$executeRecursively$8(NodeTestTask.java:146) ~[junit-platform-engine-1.12.2.jar:1.12.2]
	at org.junit.platform.engine.support.hierarchical.Node.around(Node.java:137) ~[junit-platform-engine-1.12.2.jar:1.12.2]
	at org.junit.platform.engine.support.hierarchical.NodeTestTask.lambda$executeRecursively$9(NodeTestTask.java:144) ~[junit-platform-engine-1.12.2.jar:1.12.2]
	at org.junit.platform.engine.support.hierarchical.ThrowableCollector.execute(ThrowableCollector.java:73) ~[junit-platform-engine-1.12.2.jar:1.12.2]
	at org.junit.platform.engine.support.hierarchical.NodeTestTask.executeRecursively(NodeTestTask.java:143) ~[junit-platform-engine-1.12.2.jar:1.12.2]
	at org.junit.platform.engine.support.hierarchical.NodeTestTask.execute(NodeTestTask.java:100) ~[junit-platform-engine-1.12.2.jar:1.12.2]
	at java.base/java.util.ArrayList.forEach(ArrayList.java:1604) ~[na:na]
	at org.junit.platform.engine.support.hierarchical.SameThreadHierarchicalTestExecutorService.invokeAll(SameThreadHierarchicalTestExecutorService.java:41) ~[junit-platform-engine-1.12.2.jar:1.12.2]
	at org.junit.platform.engine.support.hierarchical.NodeTestTask.lambda$executeRecursively$6(NodeTestTask.java:160) ~[junit-platform-engine-1.12.2.jar:1.12.2]
	at org.junit.platform.engine.support.hierarchical.ThrowableCollector.execute(ThrowableCollector.java:73) ~[junit-platform-engine-1.12.2.jar:1.12.2]
	at org.junit.platform.engine.support.hierarchical.NodeTestTask.lambda$executeRecursively$8(NodeTestTask.java:146) ~[junit-platform-engine-1.12.2.jar:1.12.2]
	at org.junit.platform.engine.support.hierarchical.Node.around(Node.java:137) ~[junit-platform-engine-1.12.2.jar:1.12.2]
	at org.junit.platform.engine.support.hierarchical.NodeTestTask.lambda$executeRecursively$9(NodeTestTask.java:144) ~[junit-platform-engine-1.12.2.jar:1.12.2]
	at org.junit.platform.engine.support.hierarchical.ThrowableCollector.execute(ThrowableCollector.java:73) ~[junit-platform-engine-1.12.2.jar:1.12.2]
	at org.junit.platform.engine.support.hierarchical.NodeTestTask.executeRecursively(NodeTestTask.java:143) ~[junit-platform-engine-1.12.2.jar:1.12.2]
	at org.junit.platform.engine.support.hierarchical.NodeTestTask.execute(NodeTestTask.java:100) ~[junit-platform-engine-1.12.2.jar:1.12.2]
	at org.junit.platform.engine.support.hierarchical.SameThreadHierarchicalTestExecutorService.submit(SameThreadHierarchicalTestExecutorService.java:35) ~[junit-platform-engine-1.12.2.jar:1.12.2]
	at org.junit.platform.engine.support.hierarchical.HierarchicalTestExecutor.execute(HierarchicalTestExecutor.java:57) ~[junit-platform-engine-1.12.2.jar:1.12.2]
	at org.junit.platform.engine.support.hierarchical.HierarchicalTestEngine.execute(HierarchicalTestEngine.java:54) ~[junit-platform-engine-1.12.2.jar:1.12.2]
	at org.junit.platform.launcher.core.EngineExecutionOrchestrator.execute(EngineExecutionOrchestrator.java:201) ~[junit-platform-launcher-1.12.2.jar:1.12.2]
	at org.junit.platform.launcher.core.EngineExecutionOrchestrator.execute(EngineExecutionOrchestrator.java:170) ~[junit-platform-launcher-1.12.2.jar:1.12.2]
	at org.junit.platform.launcher.core.EngineExecutionOrchestrator.execute(EngineExecutionOrchestrator.java:94) ~[junit-platform-launcher-1.12.2.jar:1.12.2]
	at org.junit.platform.launcher.core.EngineExecutionOrchestrator.lambda$execute$0(EngineExecutionOrchestrator.java:59) ~[junit-platform-launcher-1.12.2.jar:1.12.2]
	at org.junit.platform.launcher.core.EngineExecutionOrchestrator.withInterceptedStreams(EngineExecutionOrchestrator.java:142) ~[junit-platform-launcher-1.12.2.jar:1.12.2]
	at org.junit.platform.launcher.core.EngineExecutionOrchestrator.execute(EngineExecutionOrchestrator.java:58) ~[junit-platform-launcher-1.12.2.jar:1.12.2]
	at org.junit.platform.launcher.core.DefaultLauncher.execute(DefaultLauncher.java:103) ~[junit-platform-launcher-1.12.2.jar:1.12.2]
	at org.junit.platform.launcher.core.DefaultLauncher.execute(DefaultLauncher.java:85) ~[junit-platform-launcher-1.12.2.jar:1.12.2]
	at org.junit.platform.launcher.core.DelegatingLauncher.execute(DelegatingLauncher.java:47) ~[junit-platform-launcher-1.12.2.jar:1.12.2]
	at org.junit.platform.launcher.core.InterceptingLauncher.lambda$execute$1(InterceptingLauncher.java:39) ~[junit-platform-launcher-1.12.2.jar:1.12.2]
	at org.junit.platform.launcher.core.ClasspathAlignmentCheckingLauncherInterceptor.intercept(ClasspathAlignmentCheckingLauncherInterceptor.java:25) ~[junit-platform-launcher-1.12.2.jar:1.12.2]
	at org.junit.platform.launcher.core.InterceptingLauncher.execute(InterceptingLauncher.java:38) ~[junit-platform-launcher-1.12.2.jar:1.12.2]
	at org.junit.platform.launcher.core.DelegatingLauncher.execute(DelegatingLauncher.java:47) ~[junit-platform-launcher-1.12.2.jar:1.12.2]
	at org.junit.platform.launcher.core.SessionPerRequestLauncher.execute(SessionPerRequestLauncher.java:63) ~[junit-platform-launcher-1.12.2.jar:1.12.2]
	at com.intellij.junit5.JUnit5IdeaTestRunner.startRunnerWithArgs(JUnit5IdeaTestRunner.java:66) ~[junit5-rt.jar:na]
	at com.intellij.rt.junit.IdeaTestRunner$Repeater$1.execute(IdeaTestRunner.java:38) ~[junit-rt.jar:na]
	at com.intellij.rt.execution.junit.TestsRepeater.repeat(TestsRepeater.java:11) ~[idea_rt.jar:na]
	at com.intellij.rt.junit.IdeaTestRunner$Repeater.startRunnerWithArgs(IdeaTestRunner.java:35) ~[junit-rt.jar:na]
	at com.intellij.rt.junit.JUnitStarter.prepareStreamsAndStart(JUnitStarter.java:237) ~[junit-rt.jar:na]
	at com.intellij.rt.junit.JUnitStarter.main(JUnitStarter.java:58) ~[junit-rt.jar:na]
Caused by: java.lang.IllegalStateException: Internal problem occurred, please report it. Mockito is unable to load the default implementation of class that is a part of Mockito distribution. Failed to load interface org.mockito.plugins.MockMaker
	at org.mockito.internal.configuration.plugins.DefaultMockitoPlugins.create(DefaultMockitoPlugins.java:105) ~[mockito-core-5.17.0.jar:na]
	at org.mockito.internal.configuration.plugins.DefaultMockitoPlugins.getDefaultPlugin(DefaultMockitoPlugins.java:79) ~[mockito-core-5.17.0.jar:na]
	at org.mockito.internal.configuration.plugins.PluginLoader.loadPlugin(PluginLoader.java:75) ~[mockito-core-5.17.0.jar:na]
	at org.mockito.internal.configuration.plugins.PluginLoader.loadPlugin(PluginLoader.java:49) ~[mockito-core-5.17.0.jar:na]
	at org.mockito.internal.configuration.plugins.PluginRegistry.<init>(PluginRegistry.java:29) ~[mockito-core-5.17.0.jar:na]
	at org.mockito.internal.configuration.plugins.Plugins.<clinit>(Plugins.java:26) ~[mockito-core-5.17.0.jar:na]
	at org.mockito.internal.MockitoCore.<clinit>(MockitoCore.java:71) ~[mockito-core-5.17.0.jar:na]
	at org.mockito.Mockito.<clinit>(Mockito.java:1777) ~[mockito-core-5.17.0.jar:na]
	at org.springframework.boot.test.mock.mockito.MockReset.get(MockReset.java:108) ~[spring-boot-test-3.5.5.jar:3.5.5]
	at org.springframework.boot.test.mock.mockito.ResetMocksTestExecutionListener.resetMocks(ResetMocksTestExecutionListener.java:89) ~[spring-boot-test-3.5.5.jar:3.5.5]
	at org.springframework.boot.test.mock.mockito.ResetMocksTestExecutionListener.resetMocks(ResetMocksTestExecutionListener.java:77) ~[spring-boot-test-3.5.5.jar:3.5.5]
	at org.springframework.boot.test.mock.mockito.ResetMocksTestExecutionListener.beforeTestMethod(ResetMocksTestExecutionListener.java:64) ~[spring-boot-test-3.5.5.jar:3.5.5]
	at org.springframework.test.context.TestContextManager.beforeTestMethod(TestContextManager.java:320) ~[spring-test-6.2.10.jar:6.2.10]
	at org.springframework.test.context.junit.jupiter.SpringExtension.beforeEach(SpringExtension.java:236) ~[spring-test-6.2.10.jar:6.2.10]
	at java.base/java.util.ArrayList.forEach(ArrayList.java:1604) ~[na:na]
	at java.base/java.util.ArrayList.forEach(ArrayList.java:1604) ~[na:na]
Caused by: java.lang.reflect.InvocationTargetException: null
	at java.base/java.lang.reflect.Constructor.newInstanceWithCaller(Constructor.java:499) ~[na:na]
	at java.base/java.lang.reflect.Constructor.newInstance(Constructor.java:483) ~[na:na]
	at org.mockito.internal.configuration.plugins.DefaultMockitoPlugins.create(DefaultMockitoPlugins.java:103) ~[mockito-core-5.17.0.jar:na]
	... 15 common frames omitted
Caused by: org.mockito.exceptions.base.MockitoInitializationException: 
Could not initialize inline Byte Buddy mock maker.

It appears as if your JDK does not supply a working agent attachment mechanism.
Java               : 24
JVM vendor name    : Oracle Corporation
JVM vendor version : 24.0.2+11-jvmci-b01
JVM name           : Java HotSpot(TM) 64-Bit Server VM
JVM version        : 24.0.2+11-jvmci-b01
JVM info           : mixed mode, sharing
OS name            : Windows 10
OS version         : 10.0

	at org.mockito.internal.creation.bytebuddy.InlineDelegateByteBuddyMockMaker.<init>(InlineDelegateByteBuddyMockMaker.java:275) ~[mockito-core-5.17.0.jar:na]
	at org.mockito.internal.creation.bytebuddy.InlineByteBuddyMockMaker.<init>(InlineByteBuddyMockMaker.java:23) ~[mockito-core-5.17.0.jar:na]
	... 18 common frames omitted
Caused by: java.lang.IllegalStateException: Could not self-attach to current VM using external process - set a property net.bytebuddy.agent.attacher.dump to dump the process output to a file at the specified location
	at net.bytebuddy.agent.ByteBuddyAgent.installExternal(ByteBuddyAgent.java:672) ~[byte-buddy-agent-1.17.7.jar:na]
	at net.bytebuddy.agent.ByteBuddyAgent.install(ByteBuddyAgent.java:599) ~[byte-buddy-agent-1.17.7.jar:na]
	at net.bytebuddy.agent.ByteBuddyAgent.install(ByteBuddyAgent.java:579) ~[byte-buddy-agent-1.17.7.jar:na]
	at net.bytebuddy.agent.ByteBuddyAgent.install(ByteBuddyAgent.java:531) ~[byte-buddy-agent-1.17.7.jar:na]
	at net.bytebuddy.agent.ByteBuddyAgent.install(ByteBuddyAgent.java:508) ~[byte-buddy-agent-1.17.7.jar:na]
	at org.mockito.internal.PremainAttachAccess.getInstrumentation(PremainAttachAccess.java:80) ~[mockito-core-5.17.0.jar:na]
	at org.mockito.internal.creation.bytebuddy.InlineDelegateByteBuddyMockMaker.<clinit>(InlineDelegateByteBuddyMockMaker.java:138) ~[mockito-core-5.17.0.jar:na]
	... 19 common frames omitted

2025-11-04T16:40:08.610+03:00  WARN 18696 --- [medical-center-userservice] [main] o.s.test.context.TestContextManager      : Caught exception while invoking 'afterTestMethod' callback on TestExecutionListener [org.springframework.boot.test.mock.mockito.ResetMocksTestExecutionListener] for test method [void medicalcenter.userservice.repository.DoctorRepositoryTests.existsById_WithExistingId_ShouldReturnTrue()] and test instance [medicalcenter.userservice.repository.DoctorRepositoryTests@610576c8]

java.lang.IllegalStateException: Could not initialize plugin: interface org.mockito.plugins.MockMaker (alternate: null)
	at org.mockito.internal.configuration.plugins.PluginLoader$1.invoke(PluginLoader.java:85) ~[mockito-core-5.17.0.jar:na]
	at jdk.proxy1/jdk.proxy1.$Proxy150.getHandler(Unknown Source) ~[na:na]
	at org.mockito.internal.util.MockUtil.getMockHandlerOrNull(MockUtil.java:158) ~[mockito-core-5.17.0.jar:na]
	at org.mockito.internal.util.MockUtil.isMock(MockUtil.java:147) ~[mockito-core-5.17.0.jar:na]
	at org.mockito.internal.util.DefaultMockingDetails.isMock(DefaultMockingDetails.java:32) ~[mockito-core-5.17.0.jar:na]
	at org.springframework.boot.test.mock.mockito.MockReset.get(MockReset.java:109) ~[spring-boot-test-3.5.5.jar:3.5.5]
	at org.springframework.boot.test.mock.mockito.ResetMocksTestExecutionListener.resetMocks(ResetMocksTestExecutionListener.java:89) ~[spring-boot-test-3.5.5.jar:3.5.5]
	at org.springframework.boot.test.mock.mockito.ResetMocksTestExecutionListener.resetMocks(ResetMocksTestExecutionListener.java:77) ~[spring-boot-test-3.5.5.jar:3.5.5]
	at org.springframework.boot.test.mock.mockito.ResetMocksTestExecutionListener.afterTestMethod(ResetMocksTestExecutionListener.java:71) ~[spring-boot-test-3.5.5.jar:3.5.5]
	at org.springframework.test.context.TestContextManager.afterTestMethod(TestContextManager.java:488) ~[spring-test-6.2.10.jar:6.2.10]
	at org.springframework.test.context.junit.jupiter.SpringExtension.afterEach(SpringExtension.java:274) ~[spring-test-6.2.10.jar:6.2.10]
	at org.junit.jupiter.engine.descriptor.TestMethodTestDescriptor.lambda$invokeAfterEachCallbacks$12(TestMethodTestDescriptor.java:259) ~[junit-jupiter-engine-5.12.2.jar:5.12.2]
	at org.junit.jupiter.engine.descriptor.TestMethodTestDescriptor.lambda$invokeAllAfterMethodsOrCallbacks$13(TestMethodTestDescriptor.java:275) ~[junit-jupiter-engine-5.12.2.jar:5.12.2]
	at org.junit.platform.engine.support.hierarchical.ThrowableCollector.execute(ThrowableCollector.java:73) ~[junit-platform-engine-1.12.2.jar:1.12.2]
	at org.junit.jupiter.engine.descriptor.TestMethodTestDescriptor.lambda$invokeAllAfterMethodsOrCallbacks$14(TestMethodTestDescriptor.java:275) ~[junit-jupiter-engine-5.12.2.jar:5.12.2]
	at org.junit.platform.commons.util.CollectionUtils.forEachInReverseOrder(CollectionUtils.java:239) ~[junit-platform-commons-1.12.2.jar:1.12.2]
	at org.junit.jupiter.engine.descriptor.TestMethodTestDescriptor.invokeAllAfterMethodsOrCallbacks(TestMethodTestDescriptor.java:274) ~[junit-jupiter-engine-5.12.2.jar:5.12.2]
	at org.junit.jupiter.engine.descriptor.TestMethodTestDescriptor.invokeAfterEachCallbacks(TestMethodTestDescriptor.java:258) ~[junit-jupiter-engine-5.12.2.jar:5.12.2]
	at org.junit.jupiter.engine.descriptor.TestMethodTestDescriptor.execute(TestMethodTestDescriptor.java:143) ~[junit-jupiter-engine-5.12.2.jar:5.12.2]
	at org.junit.jupiter.engine.descriptor.TestMethodTestDescriptor.execute(TestMethodTestDescriptor.java:69) ~[junit-jupiter-engine-5.12.2.jar:5.12.2]
	at org.junit.platform.engine.support.hierarchical.NodeTestTask.lambda$executeRecursively$6(NodeTestTask.java:156) ~[junit-platform-engine-1.12.2.jar:1.12.2]
	at org.junit.platform.engine.support.hierarchical.ThrowableCollector.execute(ThrowableCollector.java:73) ~[junit-platform-engine-1.12.2.jar:1.12.2]
	at org.junit.platform.engine.support.hierarchical.NodeTestTask.lambda$executeRecursively$8(NodeTestTask.java:146) ~[junit-platform-engine-1.12.2.jar:1.12.2]
	at org.junit.platform.engine.support.hierarchical.Node.around(Node.java:137) ~[junit-platform-engine-1.12.2.jar:1.12.2]
	at org.junit.platform.engine.support.hierarchical.NodeTestTask.lambda$executeRecursively$9(NodeTestTask.java:144) ~[junit-platform-engine-1.12.2.jar:1.12.2]
	at org.junit.platform.engine.support.hierarchical.ThrowableCollector.execute(ThrowableCollector.java:73) ~[junit-platform-engine-1.12.2.jar:1.12.2]
	at org.junit.platform.engine.support.hierarchical.NodeTestTask.executeRecursively(NodeTestTask.java:143) ~[junit-platform-engine-1.12.2.jar:1.12.2]
	at org.junit.platform.engine.support.hierarchical.NodeTestTask.execute(NodeTestTask.java:100) ~[junit-platform-engine-1.12.2.jar:1.12.2]
	at java.base/java.util.ArrayList.forEach(ArrayList.java:1604) ~[na:na]
	at org.junit.platform.engine.support.hierarchical.SameThreadHierarchicalTestExecutorService.invokeAll(SameThreadHierarchicalTestExecutorService.java:41) ~[junit-platform-engine-1.12.2.jar:1.12.2]
	at org.junit.platform.engine.support.hierarchical.NodeTestTask.lambda$executeRecursively$6(NodeTestTask.java:160) ~[junit-platform-engine-1.12.2.jar:1.12.2]
	at org.junit.platform.engine.support.hierarchical.ThrowableCollector.execute(ThrowableCollector.java:73) ~[junit-platform-engine-1.12.2.jar:1.12.2]
	at org.junit.platform.engine.support.hierarchical.NodeTestTask.lambda$executeRecursively$8(NodeTestTask.java:146) ~[junit-platform-engine-1.12.2.jar:1.12.2]
	at org.junit.platform.engine.support.hierarchical.Node.around(Node.java:137) ~[junit-platform-engine-1.12.2.jar:1.12.2]
	at org.junit.platform.engine.support.hierarchical.NodeTestTask.lambda$executeRecursively$9(NodeTestTask.java:144) ~[junit-platform-engine-1.12.2.jar:1.12.2]
	at org.junit.platform.engine.support.hierarchical.ThrowableCollector.execute(ThrowableCollector.java:73) ~[junit-platform-engine-1.12.2.jar:1.12.2]
	at org.junit.platform.engine.support.hierarchical.NodeTestTask.executeRecursively(NodeTestTask.java:143) ~[junit-platform-engine-1.12.2.jar:1.12.2]
	at org.junit.platform.engine.support.hierarchical.NodeTestTask.execute(NodeTestTask.java:100) ~[junit-platform-engine-1.12.2.jar:1.12.2]
	at java.base/java.util.ArrayList.forEach(ArrayList.java:1604) ~[na:na]
	at org.junit.platform.engine.support.hierarchical.SameThreadHierarchicalTestExecutorService.invokeAll(SameThreadHierarchicalTestExecutorService.java:41) ~[junit-platform-engine-1.12.2.jar:1.12.2]
	at org.junit.platform.engine.support.hierarchical.NodeTestTask.lambda$executeRecursively$6(NodeTestTask.java:160) ~[junit-platform-engine-1.12.2.jar:1.12.2]
	at org.junit.platform.engine.support.hierarchical.ThrowableCollector.execute(ThrowableCollector.java:73) ~[junit-platform-engine-1.12.2.jar:1.12.2]
	at org.junit.platform.engine.support.hierarchical.NodeTestTask.lambda$executeRecursively$8(NodeTestTask.java:146) ~[junit-platform-engine-1.12.2.jar:1.12.2]
	at org.junit.platform.engine.support.hierarchical.Node.around(Node.java:137) ~[junit-platform-engine-1.12.2.jar:1.12.2]
	at org.junit.platform.engine.support.hierarchical.NodeTestTask.lambda$executeRecursively$9(NodeTestTask.java:144) ~[junit-platform-engine-1.12.2.jar:1.12.2]
	at org.junit.platform.engine.support.hierarchical.ThrowableCollector.execute(ThrowableCollector.java:73) ~[junit-platform-engine-1.12.2.jar:1.12.2]
	at org.junit.platform.engine.support.hierarchical.NodeTestTask.executeRecursively(NodeTestTask.java:143) ~[junit-platform-engine-1.12.2.jar:1.12.2]
	at org.junit.platform.engine.support.hierarchical.NodeTestTask.execute(NodeTestTask.java:100) ~[junit-platform-engine-1.12.2.jar:1.12.2]
	at org.junit.platform.engine.support.hierarchical.SameThreadHierarchicalTestExecutorService.submit(SameThreadHierarchicalTestExecutorService.java:35) ~[junit-platform-engine-1.12.2.jar:1.12.2]
	at org.junit.platform.engine.support.hierarchical.HierarchicalTestExecutor.execute(HierarchicalTestExecutor.java:57) ~[junit-platform-engine-1.12.2.jar:1.12.2]
	at org.junit.platform.engine.support.hierarchical.HierarchicalTestEngine.execute(HierarchicalTestEngine.java:54) ~[junit-platform-engine-1.12.2.jar:1.12.2]
	at org.junit.platform.launcher.core.EngineExecutionOrchestrator.execute(EngineExecutionOrchestrator.java:201) ~[junit-platform-launcher-1.12.2.jar:1.12.2]
	at org.junit.platform.launcher.core.EngineExecutionOrchestrator.execute(EngineExecutionOrchestrator.java:170) ~[junit-platform-launcher-1.12.2.jar:1.12.2]
	at org.junit.platform.launcher.core.EngineExecutionOrchestrator.execute(EngineExecutionOrchestrator.java:94) ~[junit-platform-launcher-1.12.2.jar:1.12.2]
	at org.junit.platform.launcher.core.EngineExecutionOrchestrator.lambda$execute$0(EngineExecutionOrchestrator.java:59) ~[junit-platform-launcher-1.12.2.jar:1.12.2]
	at org.junit.platform.launcher.core.EngineExecutionOrchestrator.withInterceptedStreams(EngineExecutionOrchestrator.java:142) ~[junit-platform-launcher-1.12.2.jar:1.12.2]
	at org.junit.platform.launcher.core.EngineExecutionOrchestrator.execute(EngineExecutionOrchestrator.java:58) ~[junit-platform-launcher-1.12.2.jar:1.12.2]
	at org.junit.platform.launcher.core.DefaultLauncher.execute(DefaultLauncher.java:103) ~[junit-platform-launcher-1.12.2.jar:1.12.2]
	at org.junit.platform.launcher.core.DefaultLauncher.execute(DefaultLauncher.java:85) ~[junit-platform-launcher-1.12.2.jar:1.12.2]
	at org.junit.platform.launcher.core.DelegatingLauncher.execute(DelegatingLauncher.java:47) ~[junit-platform-launcher-1.12.2.jar:1.12.2]
	at org.junit.platform.launcher.core.InterceptingLauncher.lambda$execute$1(InterceptingLauncher.java:39) ~[junit-platform-launcher-1.12.2.jar:1.12.2]
	at org.junit.platform.launcher.core.ClasspathAlignmentCheckingLauncherInterceptor.intercept(ClasspathAlignmentCheckingLauncherInterceptor.java:25) ~[junit-platform-launcher-1.12.2.jar:1.12.2]
	at org.junit.platform.launcher.core.InterceptingLauncher.execute(InterceptingLauncher.java:38) ~[junit-platform-launcher-1.12.2.jar:1.12.2]
	at org.junit.platform.launcher.core.DelegatingLauncher.execute(DelegatingLauncher.java:47) ~[junit-platform-launcher-1.12.2.jar:1.12.2]
	at org.junit.platform.launcher.core.SessionPerRequestLauncher.execute(SessionPerRequestLauncher.java:63) ~[junit-platform-launcher-1.12.2.jar:1.12.2]
	at com.intellij.junit5.JUnit5IdeaTestRunner.startRunnerWithArgs(JUnit5IdeaTestRunner.java:66) ~[junit5-rt.jar:na]
	at com.intellij.rt.junit.IdeaTestRunner$Repeater$1.execute(IdeaTestRunner.java:38) ~[junit-rt.jar:na]
	at com.intellij.rt.execution.junit.TestsRepeater.repeat(TestsRepeater.java:11) ~[idea_rt.jar:na]
	at com.intellij.rt.junit.IdeaTestRunner$Repeater.startRunnerWithArgs(IdeaTestRunner.java:35) ~[junit-rt.jar:na]
	at com.intellij.rt.junit.JUnitStarter.prepareStreamsAndStart(JUnitStarter.java:237) ~[junit-rt.jar:na]
	at com.intellij.rt.junit.JUnitStarter.main(JUnitStarter.java:58) ~[junit-rt.jar:na]
Caused by: java.lang.IllegalStateException: Internal problem occurred, please report it. Mockito is unable to load the default implementation of class that is a part of Mockito distribution. Failed to load interface org.mockito.plugins.MockMaker
	at org.mockito.internal.configuration.plugins.DefaultMockitoPlugins.create(DefaultMockitoPlugins.java:105) ~[mockito-core-5.17.0.jar:na]
	at org.mockito.internal.configuration.plugins.DefaultMockitoPlugins.getDefaultPlugin(DefaultMockitoPlugins.java:79) ~[mockito-core-5.17.0.jar:na]
	at org.mockito.internal.configuration.plugins.PluginLoader.loadPlugin(PluginLoader.java:75) ~[mockito-core-5.17.0.jar:na]
	at org.mockito.internal.configuration.plugins.PluginLoader.loadPlugin(PluginLoader.java:49) ~[mockito-core-5.17.0.jar:na]
	at org.mockito.internal.configuration.plugins.PluginRegistry.<init>(PluginRegistry.java:29) ~[mockito-core-5.17.0.jar:na]
	at org.mockito.internal.configuration.plugins.Plugins.<clinit>(Plugins.java:26) ~[mockito-core-5.17.0.jar:na]
	at org.mockito.internal.MockitoCore.<clinit>(MockitoCore.java:71) ~[mockito-core-5.17.0.jar:na]
	at org.mockito.Mockito.<clinit>(Mockito.java:1777) ~[mockito-core-5.17.0.jar:na]
	at org.springframework.boot.test.mock.mockito.MockReset.get(MockReset.java:108) ~[spring-boot-test-3.5.5.jar:3.5.5]
	at org.springframework.boot.test.mock.mockito.ResetMocksTestExecutionListener.resetMocks(ResetMocksTestExecutionListener.java:89) ~[spring-boot-test-3.5.5.jar:3.5.5]
	at org.springframework.boot.test.mock.mockito.ResetMocksTestExecutionListener.resetMocks(ResetMocksTestExecutionListener.java:77) ~[spring-boot-test-3.5.5.jar:3.5.5]
	at org.springframework.boot.test.mock.mockito.ResetMocksTestExecutionListener.beforeTestMethod(ResetMocksTestExecutionListener.java:64) ~[spring-boot-test-3.5.5.jar:3.5.5]
	at org.springframework.test.context.TestContextManager.beforeTestMethod(TestContextManager.java:320) ~[spring-test-6.2.10.jar:6.2.10]
	at org.springframework.test.context.junit.jupiter.SpringExtension.beforeEach(SpringExtension.java:236) ~[spring-test-6.2.10.jar:6.2.10]
	at java.base/java.util.ArrayList.forEach(ArrayList.java:1604) ~[na:na]
	at java.base/java.util.ArrayList.forEach(ArrayList.java:1604) ~[na:na]
Caused by: java.lang.reflect.InvocationTargetException: null
	at java.base/java.lang.reflect.Constructor.newInstanceWithCaller(Constructor.java:499) ~[na:na]
	at java.base/java.lang.reflect.Constructor.newInstance(Constructor.java:483) ~[na:na]
	at org.mockito.internal.configuration.plugins.DefaultMockitoPlugins.create(DefaultMockitoPlugins.java:103) ~[mockito-core-5.17.0.jar:na]
	... 15 common frames omitted
Caused by: org.mockito.exceptions.base.MockitoInitializationException: 
Could not initialize inline Byte Buddy mock maker.

It appears as if your JDK does not supply a working agent attachment mechanism.
Java               : 24
JVM vendor name    : Oracle Corporation
JVM vendor version : 24.0.2+11-jvmci-b01
JVM name           : Java HotSpot(TM) 64-Bit Server VM
JVM version        : 24.0.2+11-jvmci-b01
JVM info           : mixed mode, sharing
OS name            : Windows 10
OS version         : 10.0

	at org.mockito.internal.creation.bytebuddy.InlineDelegateByteBuddyMockMaker.<init>(InlineDelegateByteBuddyMockMaker.java:275) ~[mockito-core-5.17.0.jar:na]
	at org.mockito.internal.creation.bytebuddy.InlineByteBuddyMockMaker.<init>(InlineByteBuddyMockMaker.java:23) ~[mockito-core-5.17.0.jar:na]
	... 18 common frames omitted
Caused by: java.lang.IllegalStateException: Could not self-attach to current VM using external process - set a property net.bytebuddy.agent.attacher.dump to dump the process output to a file at the specified location
	at net.bytebuddy.agent.ByteBuddyAgent.installExternal(ByteBuddyAgent.java:672) ~[byte-buddy-agent-1.17.7.jar:na]
	at net.bytebuddy.agent.ByteBuddyAgent.install(ByteBuddyAgent.java:599) ~[byte-buddy-agent-1.17.7.jar:na]
	at net.bytebuddy.agent.ByteBuddyAgent.install(ByteBuddyAgent.java:579) ~[byte-buddy-agent-1.17.7.jar:na]
	at net.bytebuddy.agent.ByteBuddyAgent.install(ByteBuddyAgent.java:531) ~[byte-buddy-agent-1.17.7.jar:na]
	at net.bytebuddy.agent.ByteBuddyAgent.install(ByteBuddyAgent.java:508) ~[byte-buddy-agent-1.17.7.jar:na]
	at org.mockito.internal.PremainAttachAccess.getInstrumentation(PremainAttachAccess.java:80) ~[mockito-core-5.17.0.jar:na]
	at org.mockito.internal.creation.bytebuddy.InlineDelegateByteBuddyMockMaker.<clinit>(InlineDelegateByteBuddyMockMaker.java:138) ~[mockito-core-5.17.0.jar:na]
	... 19 common frames omitted

2025-11-04T16:40:08.619+03:00  WARN 18696 --- [medical-center-userservice] [main] o.s.test.context.TestContextManager      : Caught exception while invoking 'beforeTestMethod' callback on TestExecutionListener [org.springframework.boot.test.mock.mockito.ResetMocksTestExecutionListener] for test method [void medicalcenter.userservice.repository.DoctorRepositoryTests.findByRatingGreaterThanEqual_WithZeroMinRating_ShouldReturnAllDoctors()] and test instance [medicalcenter.userservice.repository.DoctorRepositoryTests@7dc779bb]

java.lang.IllegalStateException: Could not initialize plugin: interface org.mockito.plugins.MockMaker (alternate: null)
	at org.mockito.internal.configuration.plugins.PluginLoader$1.invoke(PluginLoader.java:85) ~[mockito-core-5.17.0.jar:na]
	at jdk.proxy1/jdk.proxy1.$Proxy150.getHandler(Unknown Source) ~[na:na]
	at org.mockito.internal.util.MockUtil.getMockHandlerOrNull(MockUtil.java:158) ~[mockito-core-5.17.0.jar:na]
	at org.mockito.internal.util.MockUtil.isMock(MockUtil.java:147) ~[mockito-core-5.17.0.jar:na]
	at org.mockito.internal.util.DefaultMockingDetails.isMock(DefaultMockingDetails.java:32) ~[mockito-core-5.17.0.jar:na]
	at org.springframework.boot.test.mock.mockito.MockReset.get(MockReset.java:109) ~[spring-boot-test-3.5.5.jar:3.5.5]
	at org.springframework.boot.test.mock.mockito.ResetMocksTestExecutionListener.resetMocks(ResetMocksTestExecutionListener.java:89) ~[spring-boot-test-3.5.5.jar:3.5.5]
	at org.springframework.boot.test.mock.mockito.ResetMocksTestExecutionListener.resetMocks(ResetMocksTestExecutionListener.java:77) ~[spring-boot-test-3.5.5.jar:3.5.5]
	at org.springframework.boot.test.mock.mockito.ResetMocksTestExecutionListener.beforeTestMethod(ResetMocksTestExecutionListener.java:64) ~[spring-boot-test-3.5.5.jar:3.5.5]
	at org.springframework.test.context.TestContextManager.beforeTestMethod(TestContextManager.java:320) ~[spring-test-6.2.10.jar:6.2.10]
	at org.springframework.test.context.junit.jupiter.SpringExtension.beforeEach(SpringExtension.java:236) ~[spring-test-6.2.10.jar:6.2.10]
	at org.junit.jupiter.engine.descriptor.TestMethodTestDescriptor.lambda$invokeBeforeEachCallbacks$2(TestMethodTestDescriptor.java:165) ~[junit-jupiter-engine-5.12.2.jar:5.12.2]
	at org.junit.jupiter.engine.descriptor.TestMethodTestDescriptor.lambda$invokeBeforeMethodsOrCallbacksUntilExceptionOccurs$6(TestMethodTestDescriptor.java:201) ~[junit-jupiter-engine-5.12.2.jar:5.12.2]
	at org.junit.platform.engine.support.hierarchical.ThrowableCollector.execute(ThrowableCollector.java:73) ~[junit-platform-engine-1.12.2.jar:1.12.2]
	at org.junit.jupiter.engine.descriptor.TestMethodTestDescriptor.invokeBeforeMethodsOrCallbacksUntilExceptionOccurs(TestMethodTestDescriptor.java:201) ~[junit-jupiter-engine-5.12.2.jar:5.12.2]
	at org.junit.jupiter.engine.descriptor.TestMethodTestDescriptor.invokeBeforeEachCallbacks(TestMethodTestDescriptor.java:164) ~[junit-jupiter-engine-5.12.2.jar:5.12.2]
	at org.junit.jupiter.engine.descriptor.TestMethodTestDescriptor.execute(TestMethodTestDescriptor.java:131) ~[junit-jupiter-engine-5.12.2.jar:5.12.2]
	at org.junit.jupiter.engine.descriptor.TestMethodTestDescriptor.execute(TestMethodTestDescriptor.java:69) ~[junit-jupiter-engine-5.12.2.jar:5.12.2]
	at org.junit.platform.engine.support.hierarchical.NodeTestTask.lambda$executeRecursively$6(NodeTestTask.java:156) ~[junit-platform-engine-1.12.2.jar:1.12.2]
	at org.junit.platform.engine.support.hierarchical.ThrowableCollector.execute(ThrowableCollector.java:73) ~[junit-platform-engine-1.12.2.jar:1.12.2]
	at org.junit.platform.engine.support.hierarchical.NodeTestTask.lambda$executeRecursively$8(NodeTestTask.java:146) ~[junit-platform-engine-1.12.2.jar:1.12.2]
	at org.junit.platform.engine.support.hierarchical.Node.around(Node.java:137) ~[junit-platform-engine-1.12.2.jar:1.12.2]
	at org.junit.platform.engine.support.hierarchical.NodeTestTask.lambda$executeRecursively$9(NodeTestTask.java:144) ~[junit-platform-engine-1.12.2.jar:1.12.2]
	at org.junit.platform.engine.support.hierarchical.ThrowableCollector.execute(ThrowableCollector.java:73) ~[junit-platform-engine-1.12.2.jar:1.12.2]
	at org.junit.platform.engine.support.hierarchical.NodeTestTask.executeRecursively(NodeTestTask.java:143) ~[junit-platform-engine-1.12.2.jar:1.12.2]
	at org.junit.platform.engine.support.hierarchical.NodeTestTask.execute(NodeTestTask.java:100) ~[junit-platform-engine-1.12.2.jar:1.12.2]
	at java.base/java.util.ArrayList.forEach(ArrayList.java:1604) ~[na:na]
	at org.junit.platform.engine.support.hierarchical.SameThreadHierarchicalTestExecutorService.invokeAll(SameThreadHierarchicalTestExecutorService.java:41) ~[junit-platform-engine-1.12.2.jar:1.12.2]
	at org.junit.platform.engine.support.hierarchical.NodeTestTask.lambda$executeRecursively$6(NodeTestTask.java:160) ~[junit-platform-engine-1.12.2.jar:1.12.2]
	at org.junit.platform.engine.support.hierarchical.ThrowableCollector.execute(ThrowableCollector.java:73) ~[junit-platform-engine-1.12.2.jar:1.12.2]
	at org.junit.platform.engine.support.hierarchical.NodeTestTask.lambda$executeRecursively$8(NodeTestTask.java:146) ~[junit-platform-engine-1.12.2.jar:1.12.2]
	at org.junit.platform.engine.support.hierarchical.Node.around(Node.java:137) ~[junit-platform-engine-1.12.2.jar:1.12.2]
	at org.junit.platform.engine.support.hierarchical.NodeTestTask.lambda$executeRecursively$9(NodeTestTask.java:144) ~[junit-platform-engine-1.12.2.jar:1.12.2]
	at org.junit.platform.engine.support.hierarchical.ThrowableCollector.execute(ThrowableCollector.java:73) ~[junit-platform-engine-1.12.2.jar:1.12.2]
	at org.junit.platform.engine.support.hierarchical.NodeTestTask.executeRecursively(NodeTestTask.java:143) ~[junit-platform-engine-1.12.2.jar:1.12.2]
	at org.junit.platform.engine.support.hierarchical.NodeTestTask.execute(NodeTestTask.java:100) ~[junit-platform-engine-1.12.2.jar:1.12.2]
	at java.base/java.util.ArrayList.forEach(ArrayList.java:1604) ~[na:na]
	at org.junit.platform.engine.support.hierarchical.SameThreadHierarchicalTestExecutorService.invokeAll(SameThreadHierarchicalTestExecutorService.java:41) ~[junit-platform-engine-1.12.2.jar:1.12.2]
	at org.junit.platform.engine.support.hierarchical.NodeTestTask.lambda$executeRecursively$6(NodeTestTask.java:160) ~[junit-platform-engine-1.12.2.jar:1.12.2]
	at org.junit.platform.engine.support.hierarchical.ThrowableCollector.execute(ThrowableCollector.java:73) ~[junit-platform-engine-1.12.2.jar:1.12.2]
	at org.junit.platform.engine.support.hierarchical.NodeTestTask.lambda$executeRecursively$8(NodeTestTask.java:146) ~[junit-platform-engine-1.12.2.jar:1.12.2]
	at org.junit.platform.engine.support.hierarchical.Node.around(Node.java:137) ~[junit-platform-engine-1.12.2.jar:1.12.2]
	at org.junit.platform.engine.support.hierarchical.NodeTestTask.lambda$executeRecursively$9(NodeTestTask.java:144) ~[junit-platform-engine-1.12.2.jar:1.12.2]
	at org.junit.platform.engine.support.hierarchical.ThrowableCollector.execute(ThrowableCollector.java:73) ~[junit-platform-engine-1.12.2.jar:1.12.2]
	at org.junit.platform.engine.support.hierarchical.NodeTestTask.executeRecursively(NodeTestTask.java:143) ~[junit-platform-engine-1.12.2.jar:1.12.2]
	at org.junit.platform.engine.support.hierarchical.NodeTestTask.execute(NodeTestTask.java:100) ~[junit-platform-engine-1.12.2.jar:1.12.2]
	at org.junit.platform.engine.support.hierarchical.SameThreadHierarchicalTestExecutorService.submit(SameThreadHierarchicalTestExecutorService.java:35) ~[junit-platform-engine-1.12.2.jar:1.12.2]
	at org.junit.platform.engine.support.hierarchical.HierarchicalTestExecutor.execute(HierarchicalTestExecutor.java:57) ~[junit-platform-engine-1.12.2.jar:1.12.2]
	at org.junit.platform.engine.support.hierarchical.HierarchicalTestEngine.execute(HierarchicalTestEngine.java:54) ~[junit-platform-engine-1.12.2.jar:1.12.2]
	at org.junit.platform.launcher.core.EngineExecutionOrchestrator.execute(EngineExecutionOrchestrator.java:201) ~[junit-platform-launcher-1.12.2.jar:1.12.2]
	at org.junit.platform.launcher.core.EngineExecutionOrchestrator.execute(EngineExecutionOrchestrator.java:170) ~[junit-platform-launcher-1.12.2.jar:1.12.2]
	at org.junit.platform.launcher.core.EngineExecutionOrchestrator.execute(EngineExecutionOrchestrator.java:94) ~[junit-platform-launcher-1.12.2.jar:1.12.2]
	at org.junit.platform.launcher.core.EngineExecutionOrchestrator.lambda$execute$0(EngineExecutionOrchestrator.java:59) ~[junit-platform-launcher-1.12.2.jar:1.12.2]
	at org.junit.platform.launcher.core.EngineExecutionOrchestrator.withInterceptedStreams(EngineExecutionOrchestrator.java:142) ~[junit-platform-launcher-1.12.2.jar:1.12.2]
	at org.junit.platform.launcher.core.EngineExecutionOrchestrator.execute(EngineExecutionOrchestrator.java:58) ~[junit-platform-launcher-1.12.2.jar:1.12.2]
	at org.junit.platform.launcher.core.DefaultLauncher.execute(DefaultLauncher.java:103) ~[junit-platform-launcher-1.12.2.jar:1.12.2]
	at org.junit.platform.launcher.core.DefaultLauncher.execute(DefaultLauncher.java:85) ~[junit-platform-launcher-1.12.2.jar:1.12.2]
	at org.junit.platform.launcher.core.DelegatingLauncher.execute(DelegatingLauncher.java:47) ~[junit-platform-launcher-1.12.2.jar:1.12.2]
	at org.junit.platform.launcher.core.InterceptingLauncher.lambda$execute$1(InterceptingLauncher.java:39) ~[junit-platform-launcher-1.12.2.jar:1.12.2]
	at org.junit.platform.launcher.core.ClasspathAlignmentCheckingLauncherInterceptor.intercept(ClasspathAlignmentCheckingLauncherInterceptor.java:25) ~[junit-platform-launcher-1.12.2.jar:1.12.2]
	at org.junit.platform.launcher.core.InterceptingLauncher.execute(InterceptingLauncher.java:38) ~[junit-platform-launcher-1.12.2.jar:1.12.2]
	at org.junit.platform.launcher.core.DelegatingLauncher.execute(DelegatingLauncher.java:47) ~[junit-platform-launcher-1.12.2.jar:1.12.2]
	at org.junit.platform.launcher.core.SessionPerRequestLauncher.execute(SessionPerRequestLauncher.java:63) ~[junit-platform-launcher-1.12.2.jar:1.12.2]
	at com.intellij.junit5.JUnit5IdeaTestRunner.startRunnerWithArgs(JUnit5IdeaTestRunner.java:66) ~[junit5-rt.jar:na]
	at com.intellij.rt.junit.IdeaTestRunner$Repeater$1.execute(IdeaTestRunner.java:38) ~[junit-rt.jar:na]
	at com.intellij.rt.execution.junit.TestsRepeater.repeat(TestsRepeater.java:11) ~[idea_rt.jar:na]
	at com.intellij.rt.junit.IdeaTestRunner$Repeater.startRunnerWithArgs(IdeaTestRunner.java:35) ~[junit-rt.jar:na]
	at com.intellij.rt.junit.JUnitStarter.prepareStreamsAndStart(JUnitStarter.java:237) ~[junit-rt.jar:na]
	at com.intellij.rt.junit.JUnitStarter.main(JUnitStarter.java:58) ~[junit-rt.jar:na]
Caused by: java.lang.IllegalStateException: Internal problem occurred, please report it. Mockito is unable to load the default implementation of class that is a part of Mockito distribution. Failed to load interface org.mockito.plugins.MockMaker
	at org.mockito.internal.configuration.plugins.DefaultMockitoPlugins.create(DefaultMockitoPlugins.java:105) ~[mockito-core-5.17.0.jar:na]
	at org.mockito.internal.configuration.plugins.DefaultMockitoPlugins.getDefaultPlugin(DefaultMockitoPlugins.java:79) ~[mockito-core-5.17.0.jar:na]
	at org.mockito.internal.configuration.plugins.PluginLoader.loadPlugin(PluginLoader.java:75) ~[mockito-core-5.17.0.jar:na]
	at org.mockito.internal.configuration.plugins.PluginLoader.loadPlugin(PluginLoader.java:49) ~[mockito-core-5.17.0.jar:na]
	at org.mockito.internal.configuration.plugins.PluginRegistry.<init>(PluginRegistry.java:29) ~[mockito-core-5.17.0.jar:na]
	at org.mockito.internal.configuration.plugins.Plugins.<clinit>(Plugins.java:26) ~[mockito-core-5.17.0.jar:na]
	at org.mockito.internal.MockitoCore.<clinit>(MockitoCore.java:71) ~[mockito-core-5.17.0.jar:na]
	at org.mockito.Mockito.<clinit>(Mockito.java:1777) ~[mockito-core-5.17.0.jar:na]
	at org.springframework.boot.test.mock.mockito.MockReset.get(MockReset.java:108) ~[spring-boot-test-3.5.5.jar:3.5.5]
	at org.springframework.boot.test.mock.mockito.ResetMocksTestExecutionListener.resetMocks(ResetMocksTestExecutionListener.java:89) ~[spring-boot-test-3.5.5.jar:3.5.5]
	at org.springframework.boot.test.mock.mockito.ResetMocksTestExecutionListener.resetMocks(ResetMocksTestExecutionListener.java:77) ~[spring-boot-test-3.5.5.jar:3.5.5]
	at org.springframework.boot.test.mock.mockito.ResetMocksTestExecutionListener.beforeTestMethod(ResetMocksTestExecutionListener.java:64) ~[spring-boot-test-3.5.5.jar:3.5.5]
	at org.springframework.test.context.TestContextManager.beforeTestMethod(TestContextManager.java:320) ~[spring-test-6.2.10.jar:6.2.10]
	at org.springframework.test.context.junit.jupiter.SpringExtension.beforeEach(SpringExtension.java:236) ~[spring-test-6.2.10.jar:6.2.10]
	at java.base/java.util.ArrayList.forEach(ArrayList.java:1604) ~[na:na]
	at java.base/java.util.ArrayList.forEach(ArrayList.java:1604) ~[na:na]
Caused by: java.lang.reflect.InvocationTargetException: null
	at java.base/java.lang.reflect.Constructor.newInstanceWithCaller(Constructor.java:499) ~[na:na]
	at java.base/java.lang.reflect.Constructor.newInstance(Constructor.java:483) ~[na:na]
	at org.mockito.internal.configuration.plugins.DefaultMockitoPlugins.create(DefaultMockitoPlugins.java:103) ~[mockito-core-5.17.0.jar:na]
	... 15 common frames omitted
Caused by: org.mockito.exceptions.base.MockitoInitializationException: 
Could not initialize inline Byte Buddy mock maker.

It appears as if your JDK does not supply a working agent attachment mechanism.
Java               : 24
JVM vendor name    : Oracle Corporation
JVM vendor version : 24.0.2+11-jvmci-b01
JVM name           : Java HotSpot(TM) 64-Bit Server VM
JVM version        : 24.0.2+11-jvmci-b01
JVM info           : mixed mode, sharing
OS name            : Windows 10
OS version         : 10.0

	at org.mockito.internal.creation.bytebuddy.InlineDelegateByteBuddyMockMaker.<init>(InlineDelegateByteBuddyMockMaker.java:275) ~[mockito-core-5.17.0.jar:na]
	at org.mockito.internal.creation.bytebuddy.InlineByteBuddyMockMaker.<init>(InlineByteBuddyMockMaker.java:23) ~[mockito-core-5.17.0.jar:na]
	... 18 common frames omitted
Caused by: java.lang.IllegalStateException: Could not self-attach to current VM using external process - set a property net.bytebuddy.agent.attacher.dump to dump the process output to a file at the specified location
	at net.bytebuddy.agent.ByteBuddyAgent.installExternal(ByteBuddyAgent.java:672) ~[byte-buddy-agent-1.17.7.jar:na]
	at net.bytebuddy.agent.ByteBuddyAgent.install(ByteBuddyAgent.java:599) ~[byte-buddy-agent-1.17.7.jar:na]
	at net.bytebuddy.agent.ByteBuddyAgent.install(ByteBuddyAgent.java:579) ~[byte-buddy-agent-1.17.7.jar:na]
	at net.bytebuddy.agent.ByteBuddyAgent.install(ByteBuddyAgent.java:531) ~[byte-buddy-agent-1.17.7.jar:na]
	at net.bytebuddy.agent.ByteBuddyAgent.install(ByteBuddyAgent.java:508) ~[byte-buddy-agent-1.17.7.jar:na]
	at org.mockito.internal.PremainAttachAccess.getInstrumentation(PremainAttachAccess.java:80) ~[mockito-core-5.17.0.jar:na]
	at org.mockito.internal.creation.bytebuddy.InlineDelegateByteBuddyMockMaker.<clinit>(InlineDelegateByteBuddyMockMaker.java:138) ~[mockito-core-5.17.0.jar:na]
	... 19 common frames omitted

2025-11-04T16:40:08.623+03:00  WARN 18696 --- [medical-center-userservice] [main] o.s.test.context.TestContextManager      : Caught exception while invoking 'afterTestMethod' callback on TestExecutionListener [org.springframework.boot.test.mock.mockito.ResetMocksTestExecutionListener] for test method [void medicalcenter.userservice.repository.DoctorRepositoryTests.findByRatingGreaterThanEqual_WithZeroMinRating_ShouldReturnAllDoctors()] and test instance [medicalcenter.userservice.repository.DoctorRepositoryTests@7dc779bb]

java.lang.IllegalStateException: Could not initialize plugin: interface org.mockito.plugins.MockMaker (alternate: null)
	at org.mockito.internal.configuration.plugins.PluginLoader$1.invoke(PluginLoader.java:85) ~[mockito-core-5.17.0.jar:na]
	at jdk.proxy1/jdk.proxy1.$Proxy150.getHandler(Unknown Source) ~[na:na]
	at org.mockito.internal.util.MockUtil.getMockHandlerOrNull(MockUtil.java:158) ~[mockito-core-5.17.0.jar:na]
	at org.mockito.internal.util.MockUtil.isMock(MockUtil.java:147) ~[mockito-core-5.17.0.jar:na]
	at org.mockito.internal.util.DefaultMockingDetails.isMock(DefaultMockingDetails.java:32) ~[mockito-core-5.17.0.jar:na]
	at org.springframework.boot.test.mock.mockito.MockReset.get(MockReset.java:109) ~[spring-boot-test-3.5.5.jar:3.5.5]
	at org.springframework.boot.test.mock.mockito.ResetMocksTestExecutionListener.resetMocks(ResetMocksTestExecutionListener.java:89) ~[spring-boot-test-3.5.5.jar:3.5.5]
	at org.springframework.boot.test.mock.mockito.ResetMocksTestExecutionListener.resetMocks(ResetMocksTestExecutionListener.java:77) ~[spring-boot-test-3.5.5.jar:3.5.5]
	at org.springframework.boot.test.mock.mockito.ResetMocksTestExecutionListener.afterTestMethod(ResetMocksTestExecutionListener.java:71) ~[spring-boot-test-3.5.5.jar:3.5.5]
	at org.springframework.test.context.TestContextManager.afterTestMethod(TestContextManager.java:488) ~[spring-test-6.2.10.jar:6.2.10]
	at org.springframework.test.context.junit.jupiter.SpringExtension.afterEach(SpringExtension.java:274) ~[spring-test-6.2.10.jar:6.2.10]
	at org.junit.jupiter.engine.descriptor.TestMethodTestDescriptor.lambda$invokeAfterEachCallbacks$12(TestMethodTestDescriptor.java:259) ~[junit-jupiter-engine-5.12.2.jar:5.12.2]
	at org.junit.jupiter.engine.descriptor.TestMethodTestDescriptor.lambda$invokeAllAfterMethodsOrCallbacks$13(TestMethodTestDescriptor.java:275) ~[junit-jupiter-engine-5.12.2.jar:5.12.2]
	at org.junit.platform.engine.support.hierarchical.ThrowableCollector.execute(ThrowableCollector.java:73) ~[junit-platform-engine-1.12.2.jar:1.12.2]
	at org.junit.jupiter.engine.descriptor.TestMethodTestDescriptor.lambda$invokeAllAfterMethodsOrCallbacks$14(TestMethodTestDescriptor.java:275) ~[junit-jupiter-engine-5.12.2.jar:5.12.2]
	at org.junit.platform.commons.util.CollectionUtils.forEachInReverseOrder(CollectionUtils.java:239) ~[junit-platform-commons-1.12.2.jar:1.12.2]
	at org.junit.jupiter.engine.descriptor.TestMethodTestDescriptor.invokeAllAfterMethodsOrCallbacks(TestMethodTestDescriptor.java:274) ~[junit-jupiter-engine-5.12.2.jar:5.12.2]
	at org.junit.jupiter.engine.descriptor.TestMethodTestDescriptor.invokeAfterEachCallbacks(TestMethodTestDescriptor.java:258) ~[junit-jupiter-engine-5.12.2.jar:5.12.2]
	at org.junit.jupiter.engine.descriptor.TestMethodTestDescriptor.execute(TestMethodTestDescriptor.java:143) ~[junit-jupiter-engine-5.12.2.jar:5.12.2]
	at org.junit.jupiter.engine.descriptor.TestMethodTestDescriptor.execute(TestMethodTestDescriptor.java:69) ~[junit-jupiter-engine-5.12.2.jar:5.12.2]
	at org.junit.platform.engine.support.hierarchical.NodeTestTask.lambda$executeRecursively$6(NodeTestTask.java:156) ~[junit-platform-engine-1.12.2.jar:1.12.2]
	at org.junit.platform.engine.support.hierarchical.ThrowableCollector.execute(ThrowableCollector.java:73) ~[junit-platform-engine-1.12.2.jar:1.12.2]
	at org.junit.platform.engine.support.hierarchical.NodeTestTask.lambda$executeRecursively$8(NodeTestTask.java:146) ~[junit-platform-engine-1.12.2.jar:1.12.2]
	at org.junit.platform.engine.support.hierarchical.Node.around(Node.java:137) ~[junit-platform-engine-1.12.2.jar:1.12.2]
	at org.junit.platform.engine.support.hierarchical.NodeTestTask.lambda$executeRecursively$9(NodeTestTask.java:144) ~[junit-platform-engine-1.12.2.jar:1.12.2]
	at org.junit.platform.engine.support.hierarchical.ThrowableCollector.execute(ThrowableCollector.java:73) ~[junit-platform-engine-1.12.2.jar:1.12.2]
	at org.junit.platform.engine.support.hierarchical.NodeTestTask.executeRecursively(NodeTestTask.java:143) ~[junit-platform-engine-1.12.2.jar:1.12.2]
	at org.junit.platform.engine.support.hierarchical.NodeTestTask.execute(NodeTestTask.java:100) ~[junit-platform-engine-1.12.2.jar:1.12.2]
	at java.base/java.util.ArrayList.forEach(ArrayList.java:1604) ~[na:na]
	at org.junit.platform.engine.support.hierarchical.SameThreadHierarchicalTestExecutorService.invokeAll(SameThreadHierarchicalTestExecutorService.java:41) ~[junit-platform-engine-1.12.2.jar:1.12.2]
	at org.junit.platform.engine.support.hierarchical.NodeTestTask.lambda$executeRecursively$6(NodeTestTask.java:160) ~[junit-platform-engine-1.12.2.jar:1.12.2]
	at org.junit.platform.engine.support.hierarchical.ThrowableCollector.execute(ThrowableCollector.java:73) ~[junit-platform-engine-1.12.2.jar:1.12.2]
	at org.junit.platform.engine.support.hierarchical.NodeTestTask.lambda$executeRecursively$8(NodeTestTask.java:146) ~[junit-platform-engine-1.12.2.jar:1.12.2]
	at org.junit.platform.engine.support.hierarchical.Node.around(Node.java:137) ~[junit-platform-engine-1.12.2.jar:1.12.2]
	at org.junit.platform.engine.support.hierarchical.NodeTestTask.lambda$executeRecursively$9(NodeTestTask.java:144) ~[junit-platform-engine-1.12.2.jar:1.12.2]
	at org.junit.platform.engine.support.hierarchical.ThrowableCollector.execute(ThrowableCollector.java:73) ~[junit-platform-engine-1.12.2.jar:1.12.2]
	at org.junit.platform.engine.support.hierarchical.NodeTestTask.executeRecursively(NodeTestTask.java:143) ~[junit-platform-engine-1.12.2.jar:1.12.2]
	at org.junit.platform.engine.support.hierarchical.NodeTestTask.execute(NodeTestTask.java:100) ~[junit-platform-engine-1.12.2.jar:1.12.2]
	at java.base/java.util.ArrayList.forEach(ArrayList.java:1604) ~[na:na]
	at org.junit.platform.engine.support.hierarchical.SameThreadHierarchicalTestExecutorService.invokeAll(SameThreadHierarchicalTestExecutorService.java:41) ~[junit-platform-engine-1.12.2.jar:1.12.2]
	at org.junit.platform.engine.support.hierarchical.NodeTestTask.lambda$executeRecursively$6(NodeTestTask.java:160) ~[junit-platform-engine-1.12.2.jar:1.12.2]
	at org.junit.platform.engine.support.hierarchical.ThrowableCollector.execute(ThrowableCollector.java:73) ~[junit-platform-engine-1.12.2.jar:1.12.2]
	at org.junit.platform.engine.support.hierarchical.NodeTestTask.lambda$executeRecursively$8(NodeTestTask.java:146) ~[junit-platform-engine-1.12.2.jar:1.12.2]
	at org.junit.platform.engine.support.hierarchical.Node.around(Node.java:137) ~[junit-platform-engine-1.12.2.jar:1.12.2]
	at org.junit.platform.engine.support.hierarchical.NodeTestTask.lambda$executeRecursively$9(NodeTestTask.java:144) ~[junit-platform-engine-1.12.2.jar:1.12.2]
	at org.junit.platform.engine.support.hierarchical.ThrowableCollector.execute(ThrowableCollector.java:73) ~[junit-platform-engine-1.12.2.jar:1.12.2]
	at org.junit.platform.engine.support.hierarchical.NodeTestTask.executeRecursively(NodeTestTask.java:143) ~[junit-platform-engine-1.12.2.jar:1.12.2]
	at org.junit.platform.engine.support.hierarchical.NodeTestTask.execute(NodeTestTask.java:100) ~[junit-platform-engine-1.12.2.jar:1.12.2]
	at org.junit.platform.engine.support.hierarchical.SameThreadHierarchicalTestExecutorService.submit(SameThreadHierarchicalTestExecutorService.java:35) ~[junit-platform-engine-1.12.2.jar:1.12.2]
	at org.junit.platform.engine.support.hierarchical.HierarchicalTestExecutor.execute(HierarchicalTestExecutor.java:57) ~[junit-platform-engine-1.12.2.jar:1.12.2]
	at org.junit.platform.engine.support.hierarchical.HierarchicalTestEngine.execute(HierarchicalTestEngine.java:54) ~[junit-platform-engine-1.12.2.jar:1.12.2]
	at org.junit.platform.launcher.core.EngineExecutionOrchestrator.execute(EngineExecutionOrchestrator.java:201) ~[junit-platform-launcher-1.12.2.jar:1.12.2]
	at org.junit.platform.launcher.core.EngineExecutionOrchestrator.execute(EngineExecutionOrchestrator.java:170) ~[junit-platform-launcher-1.12.2.jar:1.12.2]
	at org.junit.platform.launcher.core.EngineExecutionOrchestrator.execute(EngineExecutionOrchestrator.java:94) ~[junit-platform-launcher-1.12.2.jar:1.12.2]
	at org.junit.platform.launcher.core.EngineExecutionOrchestrator.lambda$execute$0(EngineExecutionOrchestrator.java:59) ~[junit-platform-launcher-1.12.2.jar:1.12.2]
	at org.junit.platform.launcher.core.EngineExecutionOrchestrator.withInterceptedStreams(EngineExecutionOrchestrator.java:142) ~[junit-platform-launcher-1.12.2.jar:1.12.2]
	at org.junit.platform.launcher.core.EngineExecutionOrchestrator.execute(EngineExecutionOrchestrator.java:58) ~[junit-platform-launcher-1.12.2.jar:1.12.2]
	at org.junit.platform.launcher.core.DefaultLauncher.execute(DefaultLauncher.java:103) ~[junit-platform-launcher-1.12.2.jar:1.12.2]
	at org.junit.platform.launcher.core.DefaultLauncher.execute(DefaultLauncher.java:85) ~[junit-platform-launcher-1.12.2.jar:1.12.2]
	at org.junit.platform.launcher.core.DelegatingLauncher.execute(DelegatingLauncher.java:47) ~[junit-platform-launcher-1.12.2.jar:1.12.2]
	at org.junit.platform.launcher.core.InterceptingLauncher.lambda$execute$1(InterceptingLauncher.java:39) ~[junit-platform-launcher-1.12.2.jar:1.12.2]
	at org.junit.platform.launcher.core.ClasspathAlignmentCheckingLauncherInterceptor.intercept(ClasspathAlignmentCheckingLauncherInterceptor.java:25) ~[junit-platform-launcher-1.12.2.jar:1.12.2]
	at org.junit.platform.launcher.core.InterceptingLauncher.execute(InterceptingLauncher.java:38) ~[junit-platform-launcher-1.12.2.jar:1.12.2]
	at org.junit.platform.launcher.core.DelegatingLauncher.execute(DelegatingLauncher.java:47) ~[junit-platform-launcher-1.12.2.jar:1.12.2]
	at org.junit.platform.launcher.core.SessionPerRequestLauncher.execute(SessionPerRequestLauncher.java:63) ~[junit-platform-launcher-1.12.2.jar:1.12.2]
	at com.intellij.junit5.JUnit5IdeaTestRunner.startRunnerWithArgs(JUnit5IdeaTestRunner.java:66) ~[junit5-rt.jar:na]
	at com.intellij.rt.junit.IdeaTestRunner$Repeater$1.execute(IdeaTestRunner.java:38) ~[junit-rt.jar:na]
	at com.intellij.rt.execution.junit.TestsRepeater.repeat(TestsRepeater.java:11) ~[idea_rt.jar:na]
	at com.intellij.rt.junit.IdeaTestRunner$Repeater.startRunnerWithArgs(IdeaTestRunner.java:35) ~[junit-rt.jar:na]
	at com.intellij.rt.junit.JUnitStarter.prepareStreamsAndStart(JUnitStarter.java:237) ~[junit-rt.jar:na]
	at com.intellij.rt.junit.JUnitStarter.main(JUnitStarter.java:58) ~[junit-rt.jar:na]
Caused by: java.lang.IllegalStateException: Internal problem occurred, please report it. Mockito is unable to load the default implementation of class that is a part of Mockito distribution. Failed to load interface org.mockito.plugins.MockMaker
	at org.mockito.internal.configuration.plugins.DefaultMockitoPlugins.create(DefaultMockitoPlugins.java:105) ~[mockito-core-5.17.0.jar:na]
	at org.mockito.internal.configuration.plugins.DefaultMockitoPlugins.getDefaultPlugin(DefaultMockitoPlugins.java:79) ~[mockito-core-5.17.0.jar:na]
	at org.mockito.internal.configuration.plugins.PluginLoader.loadPlugin(PluginLoader.java:75) ~[mockito-core-5.17.0.jar:na]
	at org.mockito.internal.configuration.plugins.PluginLoader.loadPlugin(PluginLoader.java:49) ~[mockito-core-5.17.0.jar:na]
	at org.mockito.internal.configuration.plugins.PluginRegistry.<init>(PluginRegistry.java:29) ~[mockito-core-5.17.0.jar:na]
	at org.mockito.internal.configuration.plugins.Plugins.<clinit>(Plugins.java:26) ~[mockito-core-5.17.0.jar:na]
	at org.mockito.internal.MockitoCore.<clinit>(MockitoCore.java:71) ~[mockito-core-5.17.0.jar:na]
	at org.mockito.Mockito.<clinit>(Mockito.java:1777) ~[mockito-core-5.17.0.jar:na]
	at org.springframework.boot.test.mock.mockito.MockReset.get(MockReset.java:108) ~[spring-boot-test-3.5.5.jar:3.5.5]
	at org.springframework.boot.test.mock.mockito.ResetMocksTestExecutionListener.resetMocks(ResetMocksTestExecutionListener.java:89) ~[spring-boot-test-3.5.5.jar:3.5.5]
	at org.springframework.boot.test.mock.mockito.ResetMocksTestExecutionListener.resetMocks(ResetMocksTestExecutionListener.java:77) ~[spring-boot-test-3.5.5.jar:3.5.5]
	at org.springframework.boot.test.mock.mockito.ResetMocksTestExecutionListener.beforeTestMethod(ResetMocksTestExecutionListener.java:64) ~[spring-boot-test-3.5.5.jar:3.5.5]
	at org.springframework.test.context.TestContextManager.beforeTestMethod(TestContextManager.java:320) ~[spring-test-6.2.10.jar:6.2.10]
	at org.springframework.test.context.junit.jupiter.SpringExtension.beforeEach(SpringExtension.java:236) ~[spring-test-6.2.10.jar:6.2.10]
	at java.base/java.util.ArrayList.forEach(ArrayList.java:1604) ~[na:na]
	at java.base/java.util.ArrayList.forEach(ArrayList.java:1604) ~[na:na]
Caused by: java.lang.reflect.InvocationTargetException: null
	at java.base/java.lang.reflect.Constructor.newInstanceWithCaller(Constructor.java:499) ~[na:na]
	at java.base/java.lang.reflect.Constructor.newInstance(Constructor.java:483) ~[na:na]
	at org.mockito.internal.configuration.plugins.DefaultMockitoPlugins.create(DefaultMockitoPlugins.java:103) ~[mockito-core-5.17.0.jar:na]
	... 15 common frames omitted
Caused by: org.mockito.exceptions.base.MockitoInitializationException: 
Could not initialize inline Byte Buddy mock maker.

It appears as if your JDK does not supply a working agent attachment mechanism.
Java               : 24
JVM vendor name    : Oracle Corporation
JVM vendor version : 24.0.2+11-jvmci-b01
JVM name           : Java HotSpot(TM) 64-Bit Server VM
JVM version        : 24.0.2+11-jvmci-b01
JVM info           : mixed mode, sharing
OS name            : Windows 10
OS version         : 10.0

	at org.mockito.internal.creation.bytebuddy.InlineDelegateByteBuddyMockMaker.<init>(InlineDelegateByteBuddyMockMaker.java:275) ~[mockito-core-5.17.0.jar:na]
	at org.mockito.internal.creation.bytebuddy.InlineByteBuddyMockMaker.<init>(InlineByteBuddyMockMaker.java:23) ~[mockito-core-5.17.0.jar:na]
	... 18 common frames omitted
Caused by: java.lang.IllegalStateException: Could not self-attach to current VM using external process - set a property net.bytebuddy.agent.attacher.dump to dump the process output to a file at the specified location
	at net.bytebuddy.agent.ByteBuddyAgent.installExternal(ByteBuddyAgent.java:672) ~[byte-buddy-agent-1.17.7.jar:na]
	at net.bytebuddy.agent.ByteBuddyAgent.install(ByteBuddyAgent.java:599) ~[byte-buddy-agent-1.17.7.jar:na]
	at net.bytebuddy.agent.ByteBuddyAgent.install(ByteBuddyAgent.java:579) ~[byte-buddy-agent-1.17.7.jar:na]
	at net.bytebuddy.agent.ByteBuddyAgent.install(ByteBuddyAgent.java:531) ~[byte-buddy-agent-1.17.7.jar:na]
	at net.bytebuddy.agent.ByteBuddyAgent.install(ByteBuddyAgent.java:508) ~[byte-buddy-agent-1.17.7.jar:na]
	at org.mockito.internal.PremainAttachAccess.getInstrumentation(PremainAttachAccess.java:80) ~[mockito-core-5.17.0.jar:na]
	at org.mockito.internal.creation.bytebuddy.InlineDelegateByteBuddyMockMaker.<clinit>(InlineDelegateByteBuddyMockMaker.java:138) ~[mockito-core-5.17.0.jar:na]
	... 19 common frames omitted

2025-11-04T16:40:08.633+03:00  WARN 18696 --- [medical-center-userservice] [main] o.s.test.context.TestContextManager      : Caught exception while invoking 'beforeTestMethod' callback on TestExecutionListener [org.springframework.boot.test.mock.mockito.ResetMocksTestExecutionListener] for test method [void medicalcenter.userservice.repository.DoctorRepositoryTests.findAllByLastName_WithNonExistingLastName_ShouldReturnEmptyList()] and test instance [medicalcenter.userservice.repository.DoctorRepositoryTests@465b16bb]

java.lang.IllegalStateException: Could not initialize plugin: interface org.mockito.plugins.MockMaker (alternate: null)
	at org.mockito.internal.configuration.plugins.PluginLoader$1.invoke(PluginLoader.java:85) ~[mockito-core-5.17.0.jar:na]
	at jdk.proxy1/jdk.proxy1.$Proxy150.getHandler(Unknown Source) ~[na:na]
	at org.mockito.internal.util.MockUtil.getMockHandlerOrNull(MockUtil.java:158) ~[mockito-core-5.17.0.jar:na]
	at org.mockito.internal.util.MockUtil.isMock(MockUtil.java:147) ~[mockito-core-5.17.0.jar:na]
	at org.mockito.internal.util.DefaultMockingDetails.isMock(DefaultMockingDetails.java:32) ~[mockito-core-5.17.0.jar:na]
	at org.springframework.boot.test.mock.mockito.MockReset.get(MockReset.java:109) ~[spring-boot-test-3.5.5.jar:3.5.5]
	at org.springframework.boot.test.mock.mockito.ResetMocksTestExecutionListener.resetMocks(ResetMocksTestExecutionListener.java:89) ~[spring-boot-test-3.5.5.jar:3.5.5]
	at org.springframework.boot.test.mock.mockito.ResetMocksTestExecutionListener.resetMocks(ResetMocksTestExecutionListener.java:77) ~[spring-boot-test-3.5.5.jar:3.5.5]
	at org.springframework.boot.test.mock.mockito.ResetMocksTestExecutionListener.beforeTestMethod(ResetMocksTestExecutionListener.java:64) ~[spring-boot-test-3.5.5.jar:3.5.5]
	at org.springframework.test.context.TestContextManager.beforeTestMethod(TestContextManager.java:320) ~[spring-test-6.2.10.jar:6.2.10]
	at org.springframework.test.context.junit.jupiter.SpringExtension.beforeEach(SpringExtension.java:236) ~[spring-test-6.2.10.jar:6.2.10]
	at org.junit.jupiter.engine.descriptor.TestMethodTestDescriptor.lambda$invokeBeforeEachCallbacks$2(TestMethodTestDescriptor.java:165) ~[junit-jupiter-engine-5.12.2.jar:5.12.2]
	at org.junit.jupiter.engine.descriptor.TestMethodTestDescriptor.lambda$invokeBeforeMethodsOrCallbacksUntilExceptionOccurs$6(TestMethodTestDescriptor.java:201) ~[junit-jupiter-engine-5.12.2.jar:5.12.2]
	at org.junit.platform.engine.support.hierarchical.ThrowableCollector.execute(ThrowableCollector.java:73) ~[junit-platform-engine-1.12.2.jar:1.12.2]
	at org.junit.jupiter.engine.descriptor.TestMethodTestDescriptor.invokeBeforeMethodsOrCallbacksUntilExceptionOccurs(TestMethodTestDescriptor.java:201) ~[junit-jupiter-engine-5.12.2.jar:5.12.2]
	at org.junit.jupiter.engine.descriptor.TestMethodTestDescriptor.invokeBeforeEachCallbacks(TestMethodTestDescriptor.java:164) ~[junit-jupiter-engine-5.12.2.jar:5.12.2]
	at org.junit.jupiter.engine.descriptor.TestMethodTestDescriptor.execute(TestMethodTestDescriptor.java:131) ~[junit-jupiter-engine-5.12.2.jar:5.12.2]
	at org.junit.jupiter.engine.descriptor.TestMethodTestDescriptor.execute(TestMethodTestDescriptor.java:69) ~[junit-jupiter-engine-5.12.2.jar:5.12.2]
	at org.junit.platform.engine.support.hierarchical.NodeTestTask.lambda$executeRecursively$6(NodeTestTask.java:156) ~[junit-platform-engine-1.12.2.jar:1.12.2]
	at org.junit.platform.engine.support.hierarchical.ThrowableCollector.execute(ThrowableCollector.java:73) ~[junit-platform-engine-1.12.2.jar:1.12.2]
	at org.junit.platform.engine.support.hierarchical.NodeTestTask.lambda$executeRecursively$8(NodeTestTask.java:146) ~[junit-platform-engine-1.12.2.jar:1.12.2]
	at org.junit.platform.engine.support.hierarchical.Node.around(Node.java:137) ~[junit-platform-engine-1.12.2.jar:1.12.2]
	at org.junit.platform.engine.support.hierarchical.NodeTestTask.lambda$executeRecursively$9(NodeTestTask.java:144) ~[junit-platform-engine-1.12.2.jar:1.12.2]
	at org.junit.platform.engine.support.hierarchical.ThrowableCollector.execute(ThrowableCollector.java:73) ~[junit-platform-engine-1.12.2.jar:1.12.2]
	at org.junit.platform.engine.support.hierarchical.NodeTestTask.executeRecursively(NodeTestTask.java:143) ~[junit-platform-engine-1.12.2.jar:1.12.2]
	at org.junit.platform.engine.support.hierarchical.NodeTestTask.execute(NodeTestTask.java:100) ~[junit-platform-engine-1.12.2.jar:1.12.2]
	at java.base/java.util.ArrayList.forEach(ArrayList.java:1604) ~[na:na]
	at org.junit.platform.engine.support.hierarchical.SameThreadHierarchicalTestExecutorService.invokeAll(SameThreadHierarchicalTestExecutorService.java:41) ~[junit-platform-engine-1.12.2.jar:1.12.2]
	at org.junit.platform.engine.support.hierarchical.NodeTestTask.lambda$executeRecursively$6(NodeTestTask.java:160) ~[junit-platform-engine-1.12.2.jar:1.12.2]
	at org.junit.platform.engine.support.hierarchical.ThrowableCollector.execute(ThrowableCollector.java:73) ~[junit-platform-engine-1.12.2.jar:1.12.2]
	at org.junit.platform.engine.support.hierarchical.NodeTestTask.lambda$executeRecursively$8(NodeTestTask.java:146) ~[junit-platform-engine-1.12.2.jar:1.12.2]
	at org.junit.platform.engine.support.hierarchical.Node.around(Node.java:137) ~[junit-platform-engine-1.12.2.jar:1.12.2]
	at org.junit.platform.engine.support.hierarchical.NodeTestTask.lambda$executeRecursively$9(NodeTestTask.java:144) ~[junit-platform-engine-1.12.2.jar:1.12.2]
	at org.junit.platform.engine.support.hierarchical.ThrowableCollector.execute(ThrowableCollector.java:73) ~[junit-platform-engine-1.12.2.jar:1.12.2]
	at org.junit.platform.engine.support.hierarchical.NodeTestTask.executeRecursively(NodeTestTask.java:143) ~[junit-platform-engine-1.12.2.jar:1.12.2]
	at org.junit.platform.engine.support.hierarchical.NodeTestTask.execute(NodeTestTask.java:100) ~[junit-platform-engine-1.12.2.jar:1.12.2]
	at java.base/java.util.ArrayList.forEach(ArrayList.java:1604) ~[na:na]
	at org.junit.platform.engine.support.hierarchical.SameThreadHierarchicalTestExecutorService.invokeAll(SameThreadHierarchicalTestExecutorService.java:41) ~[junit-platform-engine-1.12.2.jar:1.12.2]
	at org.junit.platform.engine.support.hierarchical.NodeTestTask.lambda$executeRecursively$6(NodeTestTask.java:160) ~[junit-platform-engine-1.12.2.jar:1.12.2]
	at org.junit.platform.engine.support.hierarchical.ThrowableCollector.execute(ThrowableCollector.java:73) ~[junit-platform-engine-1.12.2.jar:1.12.2]
	at org.junit.platform.engine.support.hierarchical.NodeTestTask.lambda$executeRecursively$8(NodeTestTask.java:146) ~[junit-platform-engine-1.12.2.jar:1.12.2]
	at org.junit.platform.engine.support.hierarchical.Node.around(Node.java:137) ~[junit-platform-engine-1.12.2.jar:1.12.2]
	at org.junit.platform.engine.support.hierarchical.NodeTestTask.lambda$executeRecursively$9(NodeTestTask.java:144) ~[junit-platform-engine-1.12.2.jar:1.12.2]
	at org.junit.platform.engine.support.hierarchical.ThrowableCollector.execute(ThrowableCollector.java:73) ~[junit-platform-engine-1.12.2.jar:1.12.2]
	at org.junit.platform.engine.support.hierarchical.NodeTestTask.executeRecursively(NodeTestTask.java:143) ~[junit-platform-engine-1.12.2.jar:1.12.2]
	at org.junit.platform.engine.support.hierarchical.NodeTestTask.execute(NodeTestTask.java:100) ~[junit-platform-engine-1.12.2.jar:1.12.2]
	at org.junit.platform.engine.support.hierarchical.SameThreadHierarchicalTestExecutorService.submit(SameThreadHierarchicalTestExecutorService.java:35) ~[junit-platform-engine-1.12.2.jar:1.12.2]
	at org.junit.platform.engine.support.hierarchical.HierarchicalTestExecutor.execute(HierarchicalTestExecutor.java:57) ~[junit-platform-engine-1.12.2.jar:1.12.2]
	at org.junit.platform.engine.support.hierarchical.HierarchicalTestEngine.execute(HierarchicalTestEngine.java:54) ~[junit-platform-engine-1.12.2.jar:1.12.2]
	at org.junit.platform.launcher.core.EngineExecutionOrchestrator.execute(EngineExecutionOrchestrator.java:201) ~[junit-platform-launcher-1.12.2.jar:1.12.2]
	at org.junit.platform.launcher.core.EngineExecutionOrchestrator.execute(EngineExecutionOrchestrator.java:170) ~[junit-platform-launcher-1.12.2.jar:1.12.2]
	at org.junit.platform.launcher.core.EngineExecutionOrchestrator.execute(EngineExecutionOrchestrator.java:94) ~[junit-platform-launcher-1.12.2.jar:1.12.2]
	at org.junit.platform.launcher.core.EngineExecutionOrchestrator.lambda$execute$0(EngineExecutionOrchestrator.java:59) ~[junit-platform-launcher-1.12.2.jar:1.12.2]
	at org.junit.platform.launcher.core.EngineExecutionOrchestrator.withInterceptedStreams(EngineExecutionOrchestrator.java:142) ~[junit-platform-launcher-1.12.2.jar:1.12.2]
	at org.junit.platform.launcher.core.EngineExecutionOrchestrator.execute(EngineExecutionOrchestrator.java:58) ~[junit-platform-launcher-1.12.2.jar:1.12.2]
	at org.junit.platform.launcher.core.DefaultLauncher.execute(DefaultLauncher.java:103) ~[junit-platform-launcher-1.12.2.jar:1.12.2]
	at org.junit.platform.launcher.core.DefaultLauncher.execute(DefaultLauncher.java:85) ~[junit-platform-launcher-1.12.2.jar:1.12.2]
	at org.junit.platform.launcher.core.DelegatingLauncher.execute(DelegatingLauncher.java:47) ~[junit-platform-launcher-1.12.2.jar:1.12.2]
	at org.junit.platform.launcher.core.InterceptingLauncher.lambda$execute$1(InterceptingLauncher.java:39) ~[junit-platform-launcher-1.12.2.jar:1.12.2]
	at org.junit.platform.launcher.core.ClasspathAlignmentCheckingLauncherInterceptor.intercept(ClasspathAlignmentCheckingLauncherInterceptor.java:25) ~[junit-platform-launcher-1.12.2.jar:1.12.2]
	at org.junit.platform.launcher.core.InterceptingLauncher.execute(InterceptingLauncher.java:38) ~[junit-platform-launcher-1.12.2.jar:1.12.2]
	at org.junit.platform.launcher.core.DelegatingLauncher.execute(DelegatingLauncher.java:47) ~[junit-platform-launcher-1.12.2.jar:1.12.2]
	at org.junit.platform.launcher.core.SessionPerRequestLauncher.execute(SessionPerRequestLauncher.java:63) ~[junit-platform-launcher-1.12.2.jar:1.12.2]
	at com.intellij.junit5.JUnit5IdeaTestRunner.startRunnerWithArgs(JUnit5IdeaTestRunner.java:66) ~[junit5-rt.jar:na]
	at com.intellij.rt.junit.IdeaTestRunner$Repeater$1.execute(IdeaTestRunner.java:38) ~[junit-rt.jar:na]
	at com.intellij.rt.execution.junit.TestsRepeater.repeat(TestsRepeater.java:11) ~[idea_rt.jar:na]
	at com.intellij.rt.junit.IdeaTestRunner$Repeater.startRunnerWithArgs(IdeaTestRunner.java:35) ~[junit-rt.jar:na]
	at com.intellij.rt.junit.JUnitStarter.prepareStreamsAndStart(JUnitStarter.java:237) ~[junit-rt.jar:na]
	at com.intellij.rt.junit.JUnitStarter.main(JUnitStarter.java:58) ~[junit-rt.jar:na]
Caused by: java.lang.IllegalStateException: Internal problem occurred, please report it. Mockito is unable to load the default implementation of class that is a part of Mockito distribution. Failed to load interface org.mockito.plugins.MockMaker
	at org.mockito.internal.configuration.plugins.DefaultMockitoPlugins.create(DefaultMockitoPlugins.java:105) ~[mockito-core-5.17.0.jar:na]
	at org.mockito.internal.configuration.plugins.DefaultMockitoPlugins.getDefaultPlugin(DefaultMockitoPlugins.java:79) ~[mockito-core-5.17.0.jar:na]
	at org.mockito.internal.configuration.plugins.PluginLoader.loadPlugin(PluginLoader.java:75) ~[mockito-core-5.17.0.jar:na]
	at org.mockito.internal.configuration.plugins.PluginLoader.loadPlugin(PluginLoader.java:49) ~[mockito-core-5.17.0.jar:na]
	at org.mockito.internal.configuration.plugins.PluginRegistry.<init>(PluginRegistry.java:29) ~[mockito-core-5.17.0.jar:na]
	at org.mockito.internal.configuration.plugins.Plugins.<clinit>(Plugins.java:26) ~[mockito-core-5.17.0.jar:na]
	at org.mockito.internal.MockitoCore.<clinit>(MockitoCore.java:71) ~[mockito-core-5.17.0.jar:na]
	at org.mockito.Mockito.<clinit>(Mockito.java:1777) ~[mockito-core-5.17.0.jar:na]
	at org.springframework.boot.test.mock.mockito.MockReset.get(MockReset.java:108) ~[spring-boot-test-3.5.5.jar:3.5.5]
	at org.springframework.boot.test.mock.mockito.ResetMocksTestExecutionListener.resetMocks(ResetMocksTestExecutionListener.java:89) ~[spring-boot-test-3.5.5.jar:3.5.5]
	at org.springframework.boot.test.mock.mockito.ResetMocksTestExecutionListener.resetMocks(ResetMocksTestExecutionListener.java:77) ~[spring-boot-test-3.5.5.jar:3.5.5]
	at org.springframework.boot.test.mock.mockito.ResetMocksTestExecutionListener.beforeTestMethod(ResetMocksTestExecutionListener.java:64) ~[spring-boot-test-3.5.5.jar:3.5.5]
	at org.springframework.test.context.TestContextManager.beforeTestMethod(TestContextManager.java:320) ~[spring-test-6.2.10.jar:6.2.10]
	at org.springframework.test.context.junit.jupiter.SpringExtension.beforeEach(SpringExtension.java:236) ~[spring-test-6.2.10.jar:6.2.10]
	at java.base/java.util.ArrayList.forEach(ArrayList.java:1604) ~[na:na]
	at java.base/java.util.ArrayList.forEach(ArrayList.java:1604) ~[na:na]
Caused by: java.lang.reflect.InvocationTargetException: null
	at java.base/java.lang.reflect.Constructor.newInstanceWithCaller(Constructor.java:499) ~[na:na]
	at java.base/java.lang.reflect.Constructor.newInstance(Constructor.java:483) ~[na:na]
	at org.mockito.internal.configuration.plugins.DefaultMockitoPlugins.create(DefaultMockitoPlugins.java:103) ~[mockito-core-5.17.0.jar:na]
	... 15 common frames omitted
Caused by: org.mockito.exceptions.base.MockitoInitializationException: 
Could not initialize inline Byte Buddy mock maker.

It appears as if your JDK does not supply a working agent attachment mechanism.
Java               : 24
JVM vendor name    : Oracle Corporation
JVM vendor version : 24.0.2+11-jvmci-b01
JVM name           : Java HotSpot(TM) 64-Bit Server VM
JVM version        : 24.0.2+11-jvmci-b01
JVM info           : mixed mode, sharing
OS name            : Windows 10
OS version         : 10.0

	at org.mockito.internal.creation.bytebuddy.InlineDelegateByteBuddyMockMaker.<init>(InlineDelegateByteBuddyMockMaker.java:275) ~[mockito-core-5.17.0.jar:na]
	at org.mockito.internal.creation.bytebuddy.InlineByteBuddyMockMaker.<init>(InlineByteBuddyMockMaker.java:23) ~[mockito-core-5.17.0.jar:na]
	... 18 common frames omitted
Caused by: java.lang.IllegalStateException: Could not self-attach to current VM using external process - set a property net.bytebuddy.agent.attacher.dump to dump the process output to a file at the specified location
	at net.bytebuddy.agent.ByteBuddyAgent.installExternal(ByteBuddyAgent.java:672) ~[byte-buddy-agent-1.17.7.jar:na]
	at net.bytebuddy.agent.ByteBuddyAgent.install(ByteBuddyAgent.java:599) ~[byte-buddy-agent-1.17.7.jar:na]
	at net.bytebuddy.agent.ByteBuddyAgent.install(ByteBuddyAgent.java:579) ~[byte-buddy-agent-1.17.7.jar:na]
	at net.bytebuddy.agent.ByteBuddyAgent.install(ByteBuddyAgent.java:531) ~[byte-buddy-agent-1.17.7.jar:na]
	at net.bytebuddy.agent.ByteBuddyAgent.install(ByteBuddyAgent.java:508) ~[byte-buddy-agent-1.17.7.jar:na]
	at org.mockito.internal.PremainAttachAccess.getInstrumentation(PremainAttachAccess.java:80) ~[mockito-core-5.17.0.jar:na]
	at org.mockito.internal.creation.bytebuddy.InlineDelegateByteBuddyMockMaker.<clinit>(InlineDelegateByteBuddyMockMaker.java:138) ~[mockito-core-5.17.0.jar:na]
	... 19 common frames omitted

2025-11-04T16:40:08.637+03:00  WARN 18696 --- [medical-center-userservice] [main] o.s.test.context.TestContextManager      : Caught exception while invoking 'afterTestMethod' callback on TestExecutionListener [org.springframework.boot.test.mock.mockito.ResetMocksTestExecutionListener] for test method [void medicalcenter.userservice.repository.DoctorRepositoryTests.findAllByLastName_WithNonExistingLastName_ShouldReturnEmptyList()] and test instance [medicalcenter.userservice.repository.DoctorRepositoryTests@465b16bb]

java.lang.IllegalStateException: Could not initialize plugin: interface org.mockito.plugins.MockMaker (alternate: null)
	at org.mockito.internal.configuration.plugins.PluginLoader$1.invoke(PluginLoader.java:85) ~[mockito-core-5.17.0.jar:na]
	at jdk.proxy1/jdk.proxy1.$Proxy150.getHandler(Unknown Source) ~[na:na]
	at org.mockito.internal.util.MockUtil.getMockHandlerOrNull(MockUtil.java:158) ~[mockito-core-5.17.0.jar:na]
	at org.mockito.internal.util.MockUtil.isMock(MockUtil.java:147) ~[mockito-core-5.17.0.jar:na]
	at org.mockito.internal.util.DefaultMockingDetails.isMock(DefaultMockingDetails.java:32) ~[mockito-core-5.17.0.jar:na]
	at org.springframework.boot.test.mock.mockito.MockReset.get(MockReset.java:109) ~[spring-boot-test-3.5.5.jar:3.5.5]
	at org.springframework.boot.test.mock.mockito.ResetMocksTestExecutionListener.resetMocks(ResetMocksTestExecutionListener.java:89) ~[spring-boot-test-3.5.5.jar:3.5.5]
	at org.springframework.boot.test.mock.mockito.ResetMocksTestExecutionListener.resetMocks(ResetMocksTestExecutionListener.java:77) ~[spring-boot-test-3.5.5.jar:3.5.5]
	at org.springframework.boot.test.mock.mockito.ResetMocksTestExecutionListener.afterTestMethod(ResetMocksTestExecutionListener.java:71) ~[spring-boot-test-3.5.5.jar:3.5.5]
	at org.springframework.test.context.TestContextManager.afterTestMethod(TestContextManager.java:488) ~[spring-test-6.2.10.jar:6.2.10]
	at org.springframework.test.context.junit.jupiter.SpringExtension.afterEach(SpringExtension.java:274) ~[spring-test-6.2.10.jar:6.2.10]
	at org.junit.jupiter.engine.descriptor.TestMethodTestDescriptor.lambda$invokeAfterEachCallbacks$12(TestMethodTestDescriptor.java:259) ~[junit-jupiter-engine-5.12.2.jar:5.12.2]
	at org.junit.jupiter.engine.descriptor.TestMethodTestDescriptor.lambda$invokeAllAfterMethodsOrCallbacks$13(TestMethodTestDescriptor.java:275) ~[junit-jupiter-engine-5.12.2.jar:5.12.2]
	at org.junit.platform.engine.support.hierarchical.ThrowableCollector.execute(ThrowableCollector.java:73) ~[junit-platform-engine-1.12.2.jar:1.12.2]
	at org.junit.jupiter.engine.descriptor.TestMethodTestDescriptor.lambda$invokeAllAfterMethodsOrCallbacks$14(TestMethodTestDescriptor.java:275) ~[junit-jupiter-engine-5.12.2.jar:5.12.2]
	at org.junit.platform.commons.util.CollectionUtils.forEachInReverseOrder(CollectionUtils.java:239) ~[junit-platform-commons-1.12.2.jar:1.12.2]
	at org.junit.jupiter.engine.descriptor.TestMethodTestDescriptor.invokeAllAfterMethodsOrCallbacks(TestMethodTestDescriptor.java:274) ~[junit-jupiter-engine-5.12.2.jar:5.12.2]
	at org.junit.jupiter.engine.descriptor.TestMethodTestDescriptor.invokeAfterEachCallbacks(TestMethodTestDescriptor.java:258) ~[junit-jupiter-engine-5.12.2.jar:5.12.2]
	at org.junit.jupiter.engine.descriptor.TestMethodTestDescriptor.execute(TestMethodTestDescriptor.java:143) ~[junit-jupiter-engine-5.12.2.jar:5.12.2]
	at org.junit.jupiter.engine.descriptor.TestMethodTestDescriptor.execute(TestMethodTestDescriptor.java:69) ~[junit-jupiter-engine-5.12.2.jar:5.12.2]
	at org.junit.platform.engine.support.hierarchical.NodeTestTask.lambda$executeRecursively$6(NodeTestTask.java:156) ~[junit-platform-engine-1.12.2.jar:1.12.2]
	at org.junit.platform.engine.support.hierarchical.ThrowableCollector.execute(ThrowableCollector.java:73) ~[junit-platform-engine-1.12.2.jar:1.12.2]
	at org.junit.platform.engine.support.hierarchical.NodeTestTask.lambda$executeRecursively$8(NodeTestTask.java:146) ~[junit-platform-engine-1.12.2.jar:1.12.2]
	at org.junit.platform.engine.support.hierarchical.Node.around(Node.java:137) ~[junit-platform-engine-1.12.2.jar:1.12.2]
	at org.junit.platform.engine.support.hierarchical.NodeTestTask.lambda$executeRecursively$9(NodeTestTask.java:144) ~[junit-platform-engine-1.12.2.jar:1.12.2]
	at org.junit.platform.engine.support.hierarchical.ThrowableCollector.execute(ThrowableCollector.java:73) ~[junit-platform-engine-1.12.2.jar:1.12.2]
	at org.junit.platform.engine.support.hierarchical.NodeTestTask.executeRecursively(NodeTestTask.java:143) ~[junit-platform-engine-1.12.2.jar:1.12.2]
	at org.junit.platform.engine.support.hierarchical.NodeTestTask.execute(NodeTestTask.java:100) ~[junit-platform-engine-1.12.2.jar:1.12.2]
	at java.base/java.util.ArrayList.forEach(ArrayList.java:1604) ~[na:na]
	at org.junit.platform.engine.support.hierarchical.SameThreadHierarchicalTestExecutorService.invokeAll(SameThreadHierarchicalTestExecutorService.java:41) ~[junit-platform-engine-1.12.2.jar:1.12.2]
	at org.junit.platform.engine.support.hierarchical.NodeTestTask.lambda$executeRecursively$6(NodeTestTask.java:160) ~[junit-platform-engine-1.12.2.jar:1.12.2]
	at org.junit.platform.engine.support.hierarchical.ThrowableCollector.execute(ThrowableCollector.java:73) ~[junit-platform-engine-1.12.2.jar:1.12.2]
	at org.junit.platform.engine.support.hierarchical.NodeTestTask.lambda$executeRecursively$8(NodeTestTask.java:146) ~[junit-platform-engine-1.12.2.jar:1.12.2]
	at org.junit.platform.engine.support.hierarchical.Node.around(Node.java:137) ~[junit-platform-engine-1.12.2.jar:1.12.2]
	at org.junit.platform.engine.support.hierarchical.NodeTestTask.lambda$executeRecursively$9(NodeTestTask.java:144) ~[junit-platform-engine-1.12.2.jar:1.12.2]
	at org.junit.platform.engine.support.hierarchical.ThrowableCollector.execute(ThrowableCollector.java:73) ~[junit-platform-engine-1.12.2.jar:1.12.2]
	at org.junit.platform.engine.support.hierarchical.NodeTestTask.executeRecursively(NodeTestTask.java:143) ~[junit-platform-engine-1.12.2.jar:1.12.2]
	at org.junit.platform.engine.support.hierarchical.NodeTestTask.execute(NodeTestTask.java:100) ~[junit-platform-engine-1.12.2.jar:1.12.2]
	at java.base/java.util.ArrayList.forEach(ArrayList.java:1604) ~[na:na]
	at org.junit.platform.engine.support.hierarchical.SameThreadHierarchicalTestExecutorService.invokeAll(SameThreadHierarchicalTestExecutorService.java:41) ~[junit-platform-engine-1.12.2.jar:1.12.2]
	at org.junit.platform.engine.support.hierarchical.NodeTestTask.lambda$executeRecursively$6(NodeTestTask.java:160) ~[junit-platform-engine-1.12.2.jar:1.12.2]
	at org.junit.platform.engine.support.hierarchical.ThrowableCollector.execute(ThrowableCollector.java:73) ~[junit-platform-engine-1.12.2.jar:1.12.2]
	at org.junit.platform.engine.support.hierarchical.NodeTestTask.lambda$executeRecursively$8(NodeTestTask.java:146) ~[junit-platform-engine-1.12.2.jar:1.12.2]
	at org.junit.platform.engine.support.hierarchical.Node.around(Node.java:137) ~[junit-platform-engine-1.12.2.jar:1.12.2]
	at org.junit.platform.engine.support.hierarchical.NodeTestTask.lambda$executeRecursively$9(NodeTestTask.java:144) ~[junit-platform-engine-1.12.2.jar:1.12.2]
	at org.junit.platform.engine.support.hierarchical.ThrowableCollector.execute(ThrowableCollector.java:73) ~[junit-platform-engine-1.12.2.jar:1.12.2]
	at org.junit.platform.engine.support.hierarchical.NodeTestTask.executeRecursively(NodeTestTask.java:143) ~[junit-platform-engine-1.12.2.jar:1.12.2]
	at org.junit.platform.engine.support.hierarchical.NodeTestTask.execute(NodeTestTask.java:100) ~[junit-platform-engine-1.12.2.jar:1.12.2]
	at org.junit.platform.engine.support.hierarchical.SameThreadHierarchicalTestExecutorService.submit(SameThreadHierarchicalTestExecutorService.java:35) ~[junit-platform-engine-1.12.2.jar:1.12.2]
	at org.junit.platform.engine.support.hierarchical.HierarchicalTestExecutor.execute(HierarchicalTestExecutor.java:57) ~[junit-platform-engine-1.12.2.jar:1.12.2]
	at org.junit.platform.engine.support.hierarchical.HierarchicalTestEngine.execute(HierarchicalTestEngine.java:54) ~[junit-platform-engine-1.12.2.jar:1.12.2]
	at org.junit.platform.launcher.core.EngineExecutionOrchestrator.execute(EngineExecutionOrchestrator.java:201) ~[junit-platform-launcher-1.12.2.jar:1.12.2]
	at org.junit.platform.launcher.core.EngineExecutionOrchestrator.execute(EngineExecutionOrchestrator.java:170) ~[junit-platform-launcher-1.12.2.jar:1.12.2]
	at org.junit.platform.launcher.core.EngineExecutionOrchestrator.execute(EngineExecutionOrchestrator.java:94) ~[junit-platform-launcher-1.12.2.jar:1.12.2]
	at org.junit.platform.launcher.core.EngineExecutionOrchestrator.lambda$execute$0(EngineExecutionOrchestrator.java:59) ~[junit-platform-launcher-1.12.2.jar:1.12.2]
	at org.junit.platform.launcher.core.EngineExecutionOrchestrator.withInterceptedStreams(EngineExecutionOrchestrator.java:142) ~[junit-platform-launcher-1.12.2.jar:1.12.2]
	at org.junit.platform.launcher.core.EngineExecutionOrchestrator.execute(EngineExecutionOrchestrator.java:58) ~[junit-platform-launcher-1.12.2.jar:1.12.2]
	at org.junit.platform.launcher.core.DefaultLauncher.execute(DefaultLauncher.java:103) ~[junit-platform-launcher-1.12.2.jar:1.12.2]
	at org.junit.platform.launcher.core.DefaultLauncher.execute(DefaultLauncher.java:85) ~[junit-platform-launcher-1.12.2.jar:1.12.2]
	at org.junit.platform.launcher.core.DelegatingLauncher.execute(DelegatingLauncher.java:47) ~[junit-platform-launcher-1.12.2.jar:1.12.2]
	at org.junit.platform.launcher.core.InterceptingLauncher.lambda$execute$1(InterceptingLauncher.java:39) ~[junit-platform-launcher-1.12.2.jar:1.12.2]
	at org.junit.platform.launcher.core.ClasspathAlignmentCheckingLauncherInterceptor.intercept(ClasspathAlignmentCheckingLauncherInterceptor.java:25) ~[junit-platform-launcher-1.12.2.jar:1.12.2]
	at org.junit.platform.launcher.core.InterceptingLauncher.execute(InterceptingLauncher.java:38) ~[junit-platform-launcher-1.12.2.jar:1.12.2]
	at org.junit.platform.launcher.core.DelegatingLauncher.execute(DelegatingLauncher.java:47) ~[junit-platform-launcher-1.12.2.jar:1.12.2]
	at org.junit.platform.launcher.core.SessionPerRequestLauncher.execute(SessionPerRequestLauncher.java:63) ~[junit-platform-launcher-1.12.2.jar:1.12.2]
	at com.intellij.junit5.JUnit5IdeaTestRunner.startRunnerWithArgs(JUnit5IdeaTestRunner.java:66) ~[junit5-rt.jar:na]
	at com.intellij.rt.junit.IdeaTestRunner$Repeater$1.execute(IdeaTestRunner.java:38) ~[junit-rt.jar:na]
	at com.intellij.rt.execution.junit.TestsRepeater.repeat(TestsRepeater.java:11) ~[idea_rt.jar:na]
	at com.intellij.rt.junit.IdeaTestRunner$Repeater.startRunnerWithArgs(IdeaTestRunner.java:35) ~[junit-rt.jar:na]
	at com.intellij.rt.junit.JUnitStarter.prepareStreamsAndStart(JUnitStarter.java:237) ~[junit-rt.jar:na]
	at com.intellij.rt.junit.JUnitStarter.main(JUnitStarter.java:58) ~[junit-rt.jar:na]
Caused by: java.lang.IllegalStateException: Internal problem occurred, please report it. Mockito is unable to load the default implementation of class that is a part of Mockito distribution. Failed to load interface org.mockito.plugins.MockMaker
	at org.mockito.internal.configuration.plugins.DefaultMockitoPlugins.create(DefaultMockitoPlugins.java:105) ~[mockito-core-5.17.0.jar:na]
	at org.mockito.internal.configuration.plugins.DefaultMockitoPlugins.getDefaultPlugin(DefaultMockitoPlugins.java:79) ~[mockito-core-5.17.0.jar:na]
	at org.mockito.internal.configuration.plugins.PluginLoader.loadPlugin(PluginLoader.java:75) ~[mockito-core-5.17.0.jar:na]
	at org.mockito.internal.configuration.plugins.PluginLoader.loadPlugin(PluginLoader.java:49) ~[mockito-core-5.17.0.jar:na]
	at org.mockito.internal.configuration.plugins.PluginRegistry.<init>(PluginRegistry.java:29) ~[mockito-core-5.17.0.jar:na]
	at org.mockito.internal.configuration.plugins.Plugins.<clinit>(Plugins.java:26) ~[mockito-core-5.17.0.jar:na]
	at org.mockito.internal.MockitoCore.<clinit>(MockitoCore.java:71) ~[mockito-core-5.17.0.jar:na]
	at org.mockito.Mockito.<clinit>(Mockito.java:1777) ~[mockito-core-5.17.0.jar:na]
	at org.springframework.boot.test.mock.mockito.MockReset.get(MockReset.java:108) ~[spring-boot-test-3.5.5.jar:3.5.5]
	at org.springframework.boot.test.mock.mockito.ResetMocksTestExecutionListener.resetMocks(ResetMocksTestExecutionListener.java:89) ~[spring-boot-test-3.5.5.jar:3.5.5]
	at org.springframework.boot.test.mock.mockito.ResetMocksTestExecutionListener.resetMocks(ResetMocksTestExecutionListener.java:77) ~[spring-boot-test-3.5.5.jar:3.5.5]
	at org.springframework.boot.test.mock.mockito.ResetMocksTestExecutionListener.beforeTestMethod(ResetMocksTestExecutionListener.java:64) ~[spring-boot-test-3.5.5.jar:3.5.5]
	at org.springframework.test.context.TestContextManager.beforeTestMethod(TestContextManager.java:320) ~[spring-test-6.2.10.jar:6.2.10]
	at org.springframework.test.context.junit.jupiter.SpringExtension.beforeEach(SpringExtension.java:236) ~[spring-test-6.2.10.jar:6.2.10]
	at java.base/java.util.ArrayList.forEach(ArrayList.java:1604) ~[na:na]
	at java.base/java.util.ArrayList.forEach(ArrayList.java:1604) ~[na:na]
Caused by: java.lang.reflect.InvocationTargetException: null
	at java.base/java.lang.reflect.Constructor.newInstanceWithCaller(Constructor.java:499) ~[na:na]
	at java.base/java.lang.reflect.Constructor.newInstance(Constructor.java:483) ~[na:na]
	at org.mockito.internal.configuration.plugins.DefaultMockitoPlugins.create(DefaultMockitoPlugins.java:103) ~[mockito-core-5.17.0.jar:na]
	... 15 common frames omitted
Caused by: org.mockito.exceptions.base.MockitoInitializationException: 
Could not initialize inline Byte Buddy mock maker.

It appears as if your JDK does not supply a working agent attachment mechanism.
Java               : 24
JVM vendor name    : Oracle Corporation
JVM vendor version : 24.0.2+11-jvmci-b01
JVM name           : Java HotSpot(TM) 64-Bit Server VM
JVM version        : 24.0.2+11-jvmci-b01
JVM info           : mixed mode, sharing
OS name            : Windows 10
OS version         : 10.0

	at org.mockito.internal.creation.bytebuddy.InlineDelegateByteBuddyMockMaker.<init>(InlineDelegateByteBuddyMockMaker.java:275) ~[mockito-core-5.17.0.jar:na]
	at org.mockito.internal.creation.bytebuddy.InlineByteBuddyMockMaker.<init>(InlineByteBuddyMockMaker.java:23) ~[mockito-core-5.17.0.jar:na]
	... 18 common frames omitted
Caused by: java.lang.IllegalStateException: Could not self-attach to current VM using external process - set a property net.bytebuddy.agent.attacher.dump to dump the process output to a file at the specified location
	at net.bytebuddy.agent.ByteBuddyAgent.installExternal(ByteBuddyAgent.java:672) ~[byte-buddy-agent-1.17.7.jar:na]
	at net.bytebuddy.agent.ByteBuddyAgent.install(ByteBuddyAgent.java:599) ~[byte-buddy-agent-1.17.7.jar:na]
	at net.bytebuddy.agent.ByteBuddyAgent.install(ByteBuddyAgent.java:579) ~[byte-buddy-agent-1.17.7.jar:na]
	at net.bytebuddy.agent.ByteBuddyAgent.install(ByteBuddyAgent.java:531) ~[byte-buddy-agent-1.17.7.jar:na]
	at net.bytebuddy.agent.ByteBuddyAgent.install(ByteBuddyAgent.java:508) ~[byte-buddy-agent-1.17.7.jar:na]
	at org.mockito.internal.PremainAttachAccess.getInstrumentation(PremainAttachAccess.java:80) ~[mockito-core-5.17.0.jar:na]
	at org.mockito.internal.creation.bytebuddy.InlineDelegateByteBuddyMockMaker.<clinit>(InlineDelegateByteBuddyMockMaker.java:138) ~[mockito-core-5.17.0.jar:na]
	... 19 common frames omitted

2025-11-04T16:40:08.647+03:00  WARN 18696 --- [medical-center-userservice] [main] o.s.test.context.TestContextManager      : Caught exception while invoking 'beforeTestMethod' callback on TestExecutionListener [org.springframework.boot.test.mock.mockito.ResetMocksTestExecutionListener] for test method [void medicalcenter.userservice.repository.DoctorRepositoryTests.findByPhone_ShouldReturnDoctorWithGivenPhone()] and test instance [medicalcenter.userservice.repository.DoctorRepositoryTests@43e869ea]

java.lang.IllegalStateException: Could not initialize plugin: interface org.mockito.plugins.MockMaker (alternate: null)
	at org.mockito.internal.configuration.plugins.PluginLoader$1.invoke(PluginLoader.java:85) ~[mockito-core-5.17.0.jar:na]
	at jdk.proxy1/jdk.proxy1.$Proxy150.getHandler(Unknown Source) ~[na:na]
	at org.mockito.internal.util.MockUtil.getMockHandlerOrNull(MockUtil.java:158) ~[mockito-core-5.17.0.jar:na]
	at org.mockito.internal.util.MockUtil.isMock(MockUtil.java:147) ~[mockito-core-5.17.0.jar:na]
	at org.mockito.internal.util.DefaultMockingDetails.isMock(DefaultMockingDetails.java:32) ~[mockito-core-5.17.0.jar:na]
	at org.springframework.boot.test.mock.mockito.MockReset.get(MockReset.java:109) ~[spring-boot-test-3.5.5.jar:3.5.5]
	at org.springframework.boot.test.mock.mockito.ResetMocksTestExecutionListener.resetMocks(ResetMocksTestExecutionListener.java:89) ~[spring-boot-test-3.5.5.jar:3.5.5]
	at org.springframework.boot.test.mock.mockito.ResetMocksTestExecutionListener.resetMocks(ResetMocksTestExecutionListener.java:77) ~[spring-boot-test-3.5.5.jar:3.5.5]
	at org.springframework.boot.test.mock.mockito.ResetMocksTestExecutionListener.beforeTestMethod(ResetMocksTestExecutionListener.java:64) ~[spring-boot-test-3.5.5.jar:3.5.5]
	at org.springframework.test.context.TestContextManager.beforeTestMethod(TestContextManager.java:320) ~[spring-test-6.2.10.jar:6.2.10]
	at org.springframework.test.context.junit.jupiter.SpringExtension.beforeEach(SpringExtension.java:236) ~[spring-test-6.2.10.jar:6.2.10]
	at org.junit.jupiter.engine.descriptor.TestMethodTestDescriptor.lambda$invokeBeforeEachCallbacks$2(TestMethodTestDescriptor.java:165) ~[junit-jupiter-engine-5.12.2.jar:5.12.2]
	at org.junit.jupiter.engine.descriptor.TestMethodTestDescriptor.lambda$invokeBeforeMethodsOrCallbacksUntilExceptionOccurs$6(TestMethodTestDescriptor.java:201) ~[junit-jupiter-engine-5.12.2.jar:5.12.2]
	at org.junit.platform.engine.support.hierarchical.ThrowableCollector.execute(ThrowableCollector.java:73) ~[junit-platform-engine-1.12.2.jar:1.12.2]
	at org.junit.jupiter.engine.descriptor.TestMethodTestDescriptor.invokeBeforeMethodsOrCallbacksUntilExceptionOccurs(TestMethodTestDescriptor.java:201) ~[junit-jupiter-engine-5.12.2.jar:5.12.2]
	at org.junit.jupiter.engine.descriptor.TestMethodTestDescriptor.invokeBeforeEachCallbacks(TestMethodTestDescriptor.java:164) ~[junit-jupiter-engine-5.12.2.jar:5.12.2]
	at org.junit.jupiter.engine.descriptor.TestMethodTestDescriptor.execute(TestMethodTestDescriptor.java:131) ~[junit-jupiter-engine-5.12.2.jar:5.12.2]
	at org.junit.jupiter.engine.descriptor.TestMethodTestDescriptor.execute(TestMethodTestDescriptor.java:69) ~[junit-jupiter-engine-5.12.2.jar:5.12.2]
	at org.junit.platform.engine.support.hierarchical.NodeTestTask.lambda$executeRecursively$6(NodeTestTask.java:156) ~[junit-platform-engine-1.12.2.jar:1.12.2]
	at org.junit.platform.engine.support.hierarchical.ThrowableCollector.execute(ThrowableCollector.java:73) ~[junit-platform-engine-1.12.2.jar:1.12.2]
	at org.junit.platform.engine.support.hierarchical.NodeTestTask.lambda$executeRecursively$8(NodeTestTask.java:146) ~[junit-platform-engine-1.12.2.jar:1.12.2]
	at org.junit.platform.engine.support.hierarchical.Node.around(Node.java:137) ~[junit-platform-engine-1.12.2.jar:1.12.2]
	at org.junit.platform.engine.support.hierarchical.NodeTestTask.lambda$executeRecursively$9(NodeTestTask.java:144) ~[junit-platform-engine-1.12.2.jar:1.12.2]
	at org.junit.platform.engine.support.hierarchical.ThrowableCollector.execute(ThrowableCollector.java:73) ~[junit-platform-engine-1.12.2.jar:1.12.2]
	at org.junit.platform.engine.support.hierarchical.NodeTestTask.executeRecursively(NodeTestTask.java:143) ~[junit-platform-engine-1.12.2.jar:1.12.2]
	at org.junit.platform.engine.support.hierarchical.NodeTestTask.execute(NodeTestTask.java:100) ~[junit-platform-engine-1.12.2.jar:1.12.2]
	at java.base/java.util.ArrayList.forEach(ArrayList.java:1604) ~[na:na]
	at org.junit.platform.engine.support.hierarchical.SameThreadHierarchicalTestExecutorService.invokeAll(SameThreadHierarchicalTestExecutorService.java:41) ~[junit-platform-engine-1.12.2.jar:1.12.2]
	at org.junit.platform.engine.support.hierarchical.NodeTestTask.lambda$executeRecursively$6(NodeTestTask.java:160) ~[junit-platform-engine-1.12.2.jar:1.12.2]
	at org.junit.platform.engine.support.hierarchical.ThrowableCollector.execute(ThrowableCollector.java:73) ~[junit-platform-engine-1.12.2.jar:1.12.2]
	at org.junit.platform.engine.support.hierarchical.NodeTestTask.lambda$executeRecursively$8(NodeTestTask.java:146) ~[junit-platform-engine-1.12.2.jar:1.12.2]
	at org.junit.platform.engine.support.hierarchical.Node.around(Node.java:137) ~[junit-platform-engine-1.12.2.jar:1.12.2]
	at org.junit.platform.engine.support.hierarchical.NodeTestTask.lambda$executeRecursively$9(NodeTestTask.java:144) ~[junit-platform-engine-1.12.2.jar:1.12.2]
	at org.junit.platform.engine.support.hierarchical.ThrowableCollector.execute(ThrowableCollector.java:73) ~[junit-platform-engine-1.12.2.jar:1.12.2]
	at org.junit.platform.engine.support.hierarchical.NodeTestTask.executeRecursively(NodeTestTask.java:143) ~[junit-platform-engine-1.12.2.jar:1.12.2]
	at org.junit.platform.engine.support.hierarchical.NodeTestTask.execute(NodeTestTask.java:100) ~[junit-platform-engine-1.12.2.jar:1.12.2]
	at java.base/java.util.ArrayList.forEach(ArrayList.java:1604) ~[na:na]
	at org.junit.platform.engine.support.hierarchical.SameThreadHierarchicalTestExecutorService.invokeAll(SameThreadHierarchicalTestExecutorService.java:41) ~[junit-platform-engine-1.12.2.jar:1.12.2]
	at org.junit.platform.engine.support.hierarchical.NodeTestTask.lambda$executeRecursively$6(NodeTestTask.java:160) ~[junit-platform-engine-1.12.2.jar:1.12.2]
	at org.junit.platform.engine.support.hierarchical.ThrowableCollector.execute(ThrowableCollector.java:73) ~[junit-platform-engine-1.12.2.jar:1.12.2]
	at org.junit.platform.engine.support.hierarchical.NodeTestTask.lambda$executeRecursively$8(NodeTestTask.java:146) ~[junit-platform-engine-1.12.2.jar:1.12.2]
	at org.junit.platform.engine.support.hierarchical.Node.around(Node.java:137) ~[junit-platform-engine-1.12.2.jar:1.12.2]
	at org.junit.platform.engine.support.hierarchical.NodeTestTask.lambda$executeRecursively$9(NodeTestTask.java:144) ~[junit-platform-engine-1.12.2.jar:1.12.2]
	at org.junit.platform.engine.support.hierarchical.ThrowableCollector.execute(ThrowableCollector.java:73) ~[junit-platform-engine-1.12.2.jar:1.12.2]
	at org.junit.platform.engine.support.hierarchical.NodeTestTask.executeRecursively(NodeTestTask.java:143) ~[junit-platform-engine-1.12.2.jar:1.12.2]
	at org.junit.platform.engine.support.hierarchical.NodeTestTask.execute(NodeTestTask.java:100) ~[junit-platform-engine-1.12.2.jar:1.12.2]
	at org.junit.platform.engine.support.hierarchical.SameThreadHierarchicalTestExecutorService.submit(SameThreadHierarchicalTestExecutorService.java:35) ~[junit-platform-engine-1.12.2.jar:1.12.2]
	at org.junit.platform.engine.support.hierarchical.HierarchicalTestExecutor.execute(HierarchicalTestExecutor.java:57) ~[junit-platform-engine-1.12.2.jar:1.12.2]
	at org.junit.platform.engine.support.hierarchical.HierarchicalTestEngine.execute(HierarchicalTestEngine.java:54) ~[junit-platform-engine-1.12.2.jar:1.12.2]
	at org.junit.platform.launcher.core.EngineExecutionOrchestrator.execute(EngineExecutionOrchestrator.java:201) ~[junit-platform-launcher-1.12.2.jar:1.12.2]
	at org.junit.platform.launcher.core.EngineExecutionOrchestrator.execute(EngineExecutionOrchestrator.java:170) ~[junit-platform-launcher-1.12.2.jar:1.12.2]
	at org.junit.platform.launcher.core.EngineExecutionOrchestrator.execute(EngineExecutionOrchestrator.java:94) ~[junit-platform-launcher-1.12.2.jar:1.12.2]
	at org.junit.platform.launcher.core.EngineExecutionOrchestrator.lambda$execute$0(EngineExecutionOrchestrator.java:59) ~[junit-platform-launcher-1.12.2.jar:1.12.2]
	at org.junit.platform.launcher.core.EngineExecutionOrchestrator.withInterceptedStreams(EngineExecutionOrchestrator.java:142) ~[junit-platform-launcher-1.12.2.jar:1.12.2]
	at org.junit.platform.launcher.core.EngineExecutionOrchestrator.execute(EngineExecutionOrchestrator.java:58) ~[junit-platform-launcher-1.12.2.jar:1.12.2]
	at org.junit.platform.launcher.core.DefaultLauncher.execute(DefaultLauncher.java:103) ~[junit-platform-launcher-1.12.2.jar:1.12.2]
	at org.junit.platform.launcher.core.DefaultLauncher.execute(DefaultLauncher.java:85) ~[junit-platform-launcher-1.12.2.jar:1.12.2]
	at org.junit.platform.launcher.core.DelegatingLauncher.execute(DelegatingLauncher.java:47) ~[junit-platform-launcher-1.12.2.jar:1.12.2]
	at org.junit.platform.launcher.core.InterceptingLauncher.lambda$execute$1(InterceptingLauncher.java:39) ~[junit-platform-launcher-1.12.2.jar:1.12.2]
	at org.junit.platform.launcher.core.ClasspathAlignmentCheckingLauncherInterceptor.intercept(ClasspathAlignmentCheckingLauncherInterceptor.java:25) ~[junit-platform-launcher-1.12.2.jar:1.12.2]
	at org.junit.platform.launcher.core.InterceptingLauncher.execute(InterceptingLauncher.java:38) ~[junit-platform-launcher-1.12.2.jar:1.12.2]
	at org.junit.platform.launcher.core.DelegatingLauncher.execute(DelegatingLauncher.java:47) ~[junit-platform-launcher-1.12.2.jar:1.12.2]
	at org.junit.platform.launcher.core.SessionPerRequestLauncher.execute(SessionPerRequestLauncher.java:63) ~[junit-platform-launcher-1.12.2.jar:1.12.2]
	at com.intellij.junit5.JUnit5IdeaTestRunner.startRunnerWithArgs(JUnit5IdeaTestRunner.java:66) ~[junit5-rt.jar:na]
	at com.intellij.rt.junit.IdeaTestRunner$Repeater$1.execute(IdeaTestRunner.java:38) ~[junit-rt.jar:na]
	at com.intellij.rt.execution.junit.TestsRepeater.repeat(TestsRepeater.java:11) ~[idea_rt.jar:na]
	at com.intellij.rt.junit.IdeaTestRunner$Repeater.startRunnerWithArgs(IdeaTestRunner.java:35) ~[junit-rt.jar:na]
	at com.intellij.rt.junit.JUnitStarter.prepareStreamsAndStart(JUnitStarter.java:237) ~[junit-rt.jar:na]
	at com.intellij.rt.junit.JUnitStarter.main(JUnitStarter.java:58) ~[junit-rt.jar:na]
Caused by: java.lang.IllegalStateException: Internal problem occurred, please report it. Mockito is unable to load the default implementation of class that is a part of Mockito distribution. Failed to load interface org.mockito.plugins.MockMaker
	at org.mockito.internal.configuration.plugins.DefaultMockitoPlugins.create(DefaultMockitoPlugins.java:105) ~[mockito-core-5.17.0.jar:na]
	at org.mockito.internal.configuration.plugins.DefaultMockitoPlugins.getDefaultPlugin(DefaultMockitoPlugins.java:79) ~[mockito-core-5.17.0.jar:na]
	at org.mockito.internal.configuration.plugins.PluginLoader.loadPlugin(PluginLoader.java:75) ~[mockito-core-5.17.0.jar:na]
	at org.mockito.internal.configuration.plugins.PluginLoader.loadPlugin(PluginLoader.java:49) ~[mockito-core-5.17.0.jar:na]
	at org.mockito.internal.configuration.plugins.PluginRegistry.<init>(PluginRegistry.java:29) ~[mockito-core-5.17.0.jar:na]
	at org.mockito.internal.configuration.plugins.Plugins.<clinit>(Plugins.java:26) ~[mockito-core-5.17.0.jar:na]
	at org.mockito.internal.MockitoCore.<clinit>(MockitoCore.java:71) ~[mockito-core-5.17.0.jar:na]
	at org.mockito.Mockito.<clinit>(Mockito.java:1777) ~[mockito-core-5.17.0.jar:na]
	at org.springframework.boot.test.mock.mockito.MockReset.get(MockReset.java:108) ~[spring-boot-test-3.5.5.jar:3.5.5]
	at org.springframework.boot.test.mock.mockito.ResetMocksTestExecutionListener.resetMocks(ResetMocksTestExecutionListener.java:89) ~[spring-boot-test-3.5.5.jar:3.5.5]
	at org.springframework.boot.test.mock.mockito.ResetMocksTestExecutionListener.resetMocks(ResetMocksTestExecutionListener.java:77) ~[spring-boot-test-3.5.5.jar:3.5.5]
	at org.springframework.boot.test.mock.mockito.ResetMocksTestExecutionListener.beforeTestMethod(ResetMocksTestExecutionListener.java:64) ~[spring-boot-test-3.5.5.jar:3.5.5]
	at org.springframework.test.context.TestContextManager.beforeTestMethod(TestContextManager.java:320) ~[spring-test-6.2.10.jar:6.2.10]
	at org.springframework.test.context.junit.jupiter.SpringExtension.beforeEach(SpringExtension.java:236) ~[spring-test-6.2.10.jar:6.2.10]
	at java.base/java.util.ArrayList.forEach(ArrayList.java:1604) ~[na:na]
	at java.base/java.util.ArrayList.forEach(ArrayList.java:1604) ~[na:na]
Caused by: java.lang.reflect.InvocationTargetException: null
	at java.base/java.lang.reflect.Constructor.newInstanceWithCaller(Constructor.java:499) ~[na:na]
	at java.base/java.lang.reflect.Constructor.newInstance(Constructor.java:483) ~[na:na]
	at org.mockito.internal.configuration.plugins.DefaultMockitoPlugins.create(DefaultMockitoPlugins.java:103) ~[mockito-core-5.17.0.jar:na]
	... 15 common frames omitted
Caused by: org.mockito.exceptions.base.MockitoInitializationException: 
Could not initialize inline Byte Buddy mock maker.

It appears as if your JDK does not supply a working agent attachment mechanism.
Java               : 24
JVM vendor name    : Oracle Corporation
JVM vendor version : 24.0.2+11-jvmci-b01
JVM name           : Java HotSpot(TM) 64-Bit Server VM
JVM version        : 24.0.2+11-jvmci-b01
JVM info           : mixed mode, sharing
OS name            : Windows 10
OS version         : 10.0

	at org.mockito.internal.creation.bytebuddy.InlineDelegateByteBuddyMockMaker.<init>(InlineDelegateByteBuddyMockMaker.java:275) ~[mockito-core-5.17.0.jar:na]
	at org.mockito.internal.creation.bytebuddy.InlineByteBuddyMockMaker.<init>(InlineByteBuddyMockMaker.java:23) ~[mockito-core-5.17.0.jar:na]
	... 18 common frames omitted
Caused by: java.lang.IllegalStateException: Could not self-attach to current VM using external process - set a property net.bytebuddy.agent.attacher.dump to dump the process output to a file at the specified location
	at net.bytebuddy.agent.ByteBuddyAgent.installExternal(ByteBuddyAgent.java:672) ~[byte-buddy-agent-1.17.7.jar:na]
	at net.bytebuddy.agent.ByteBuddyAgent.install(ByteBuddyAgent.java:599) ~[byte-buddy-agent-1.17.7.jar:na]
	at net.bytebuddy.agent.ByteBuddyAgent.install(ByteBuddyAgent.java:579) ~[byte-buddy-agent-1.17.7.jar:na]
	at net.bytebuddy.agent.ByteBuddyAgent.install(ByteBuddyAgent.java:531) ~[byte-buddy-agent-1.17.7.jar:na]
	at net.bytebuddy.agent.ByteBuddyAgent.install(ByteBuddyAgent.java:508) ~[byte-buddy-agent-1.17.7.jar:na]
	at org.mockito.internal.PremainAttachAccess.getInstrumentation(PremainAttachAccess.java:80) ~[mockito-core-5.17.0.jar:na]
	at org.mockito.internal.creation.bytebuddy.InlineDelegateByteBuddyMockMaker.<clinit>(InlineDelegateByteBuddyMockMaker.java:138) ~[mockito-core-5.17.0.jar:na]
	... 19 common frames omitted

2025-11-04T16:40:08.651+03:00  WARN 18696 --- [medical-center-userservice] [main] o.s.test.context.TestContextManager      : Caught exception while invoking 'afterTestMethod' callback on TestExecutionListener [org.springframework.boot.test.mock.mockito.ResetMocksTestExecutionListener] for test method [void medicalcenter.userservice.repository.DoctorRepositoryTests.findByPhone_ShouldReturnDoctorWithGivenPhone()] and test instance [medicalcenter.userservice.repository.DoctorRepositoryTests@43e869ea]

java.lang.IllegalStateException: Could not initialize plugin: interface org.mockito.plugins.MockMaker (alternate: null)
	at org.mockito.internal.configuration.plugins.PluginLoader$1.invoke(PluginLoader.java:85) ~[mockito-core-5.17.0.jar:na]
	at jdk.proxy1/jdk.proxy1.$Proxy150.getHandler(Unknown Source) ~[na:na]
	at org.mockito.internal.util.MockUtil.getMockHandlerOrNull(MockUtil.java:158) ~[mockito-core-5.17.0.jar:na]
	at org.mockito.internal.util.MockUtil.isMock(MockUtil.java:147) ~[mockito-core-5.17.0.jar:na]
	at org.mockito.internal.util.DefaultMockingDetails.isMock(DefaultMockingDetails.java:32) ~[mockito-core-5.17.0.jar:na]
	at org.springframework.boot.test.mock.mockito.MockReset.get(MockReset.java:109) ~[spring-boot-test-3.5.5.jar:3.5.5]
	at org.springframework.boot.test.mock.mockito.ResetMocksTestExecutionListener.resetMocks(ResetMocksTestExecutionListener.java:89) ~[spring-boot-test-3.5.5.jar:3.5.5]
	at org.springframework.boot.test.mock.mockito.ResetMocksTestExecutionListener.resetMocks(ResetMocksTestExecutionListener.java:77) ~[spring-boot-test-3.5.5.jar:3.5.5]
	at org.springframework.boot.test.mock.mockito.ResetMocksTestExecutionListener.afterTestMethod(ResetMocksTestExecutionListener.java:71) ~[spring-boot-test-3.5.5.jar:3.5.5]
	at org.springframework.test.context.TestContextManager.afterTestMethod(TestContextManager.java:488) ~[spring-test-6.2.10.jar:6.2.10]
	at org.springframework.test.context.junit.jupiter.SpringExtension.afterEach(SpringExtension.java:274) ~[spring-test-6.2.10.jar:6.2.10]
	at org.junit.jupiter.engine.descriptor.TestMethodTestDescriptor.lambda$invokeAfterEachCallbacks$12(TestMethodTestDescriptor.java:259) ~[junit-jupiter-engine-5.12.2.jar:5.12.2]
	at org.junit.jupiter.engine.descriptor.TestMethodTestDescriptor.lambda$invokeAllAfterMethodsOrCallbacks$13(TestMethodTestDescriptor.java:275) ~[junit-jupiter-engine-5.12.2.jar:5.12.2]
	at org.junit.platform.engine.support.hierarchical.ThrowableCollector.execute(ThrowableCollector.java:73) ~[junit-platform-engine-1.12.2.jar:1.12.2]
	at org.junit.jupiter.engine.descriptor.TestMethodTestDescriptor.lambda$invokeAllAfterMethodsOrCallbacks$14(TestMethodTestDescriptor.java:275) ~[junit-jupiter-engine-5.12.2.jar:5.12.2]
	at org.junit.platform.commons.util.CollectionUtils.forEachInReverseOrder(CollectionUtils.java:239) ~[junit-platform-commons-1.12.2.jar:1.12.2]
	at org.junit.jupiter.engine.descriptor.TestMethodTestDescriptor.invokeAllAfterMethodsOrCallbacks(TestMethodTestDescriptor.java:274) ~[junit-jupiter-engine-5.12.2.jar:5.12.2]
	at org.junit.jupiter.engine.descriptor.TestMethodTestDescriptor.invokeAfterEachCallbacks(TestMethodTestDescriptor.java:258) ~[junit-jupiter-engine-5.12.2.jar:5.12.2]
	at org.junit.jupiter.engine.descriptor.TestMethodTestDescriptor.execute(TestMethodTestDescriptor.java:143) ~[junit-jupiter-engine-5.12.2.jar:5.12.2]
	at org.junit.jupiter.engine.descriptor.TestMethodTestDescriptor.execute(TestMethodTestDescriptor.java:69) ~[junit-jupiter-engine-5.12.2.jar:5.12.2]
	at org.junit.platform.engine.support.hierarchical.NodeTestTask.lambda$executeRecursively$6(NodeTestTask.java:156) ~[junit-platform-engine-1.12.2.jar:1.12.2]
	at org.junit.platform.engine.support.hierarchical.ThrowableCollector.execute(ThrowableCollector.java:73) ~[junit-platform-engine-1.12.2.jar:1.12.2]
	at org.junit.platform.engine.support.hierarchical.NodeTestTask.lambda$executeRecursively$8(NodeTestTask.java:146) ~[junit-platform-engine-1.12.2.jar:1.12.2]
	at org.junit.platform.engine.support.hierarchical.Node.around(Node.java:137) ~[junit-platform-engine-1.12.2.jar:1.12.2]
	at org.junit.platform.engine.support.hierarchical.NodeTestTask.lambda$executeRecursively$9(NodeTestTask.java:144) ~[junit-platform-engine-1.12.2.jar:1.12.2]
	at org.junit.platform.engine.support.hierarchical.ThrowableCollector.execute(ThrowableCollector.java:73) ~[junit-platform-engine-1.12.2.jar:1.12.2]
	at org.junit.platform.engine.support.hierarchical.NodeTestTask.executeRecursively(NodeTestTask.java:143) ~[junit-platform-engine-1.12.2.jar:1.12.2]
	at org.junit.platform.engine.support.hierarchical.NodeTestTask.execute(NodeTestTask.java:100) ~[junit-platform-engine-1.12.2.jar:1.12.2]
	at java.base/java.util.ArrayList.forEach(ArrayList.java:1604) ~[na:na]
	at org.junit.platform.engine.support.hierarchical.SameThreadHierarchicalTestExecutorService.invokeAll(SameThreadHierarchicalTestExecutorService.java:41) ~[junit-platform-engine-1.12.2.jar:1.12.2]
	at org.junit.platform.engine.support.hierarchical.NodeTestTask.lambda$executeRecursively$6(NodeTestTask.java:160) ~[junit-platform-engine-1.12.2.jar:1.12.2]
	at org.junit.platform.engine.support.hierarchical.ThrowableCollector.execute(ThrowableCollector.java:73) ~[junit-platform-engine-1.12.2.jar:1.12.2]
	at org.junit.platform.engine.support.hierarchical.NodeTestTask.lambda$executeRecursively$8(NodeTestTask.java:146) ~[junit-platform-engine-1.12.2.jar:1.12.2]
	at org.junit.platform.engine.support.hierarchical.Node.around(Node.java:137) ~[junit-platform-engine-1.12.2.jar:1.12.2]
	at org.junit.platform.engine.support.hierarchical.NodeTestTask.lambda$executeRecursively$9(NodeTestTask.java:144) ~[junit-platform-engine-1.12.2.jar:1.12.2]
	at org.junit.platform.engine.support.hierarchical.ThrowableCollector.execute(ThrowableCollector.java:73) ~[junit-platform-engine-1.12.2.jar:1.12.2]
	at org.junit.platform.engine.support.hierarchical.NodeTestTask.executeRecursively(NodeTestTask.java:143) ~[junit-platform-engine-1.12.2.jar:1.12.2]
	at org.junit.platform.engine.support.hierarchical.NodeTestTask.execute(NodeTestTask.java:100) ~[junit-platform-engine-1.12.2.jar:1.12.2]
	at java.base/java.util.ArrayList.forEach(ArrayList.java:1604) ~[na:na]
	at org.junit.platform.engine.support.hierarchical.SameThreadHierarchicalTestExecutorService.invokeAll(SameThreadHierarchicalTestExecutorService.java:41) ~[junit-platform-engine-1.12.2.jar:1.12.2]
	at org.junit.platform.engine.support.hierarchical.NodeTestTask.lambda$executeRecursively$6(NodeTestTask.java:160) ~[junit-platform-engine-1.12.2.jar:1.12.2]
	at org.junit.platform.engine.support.hierarchical.ThrowableCollector.execute(ThrowableCollector.java:73) ~[junit-platform-engine-1.12.2.jar:1.12.2]
	at org.junit.platform.engine.support.hierarchical.NodeTestTask.lambda$executeRecursively$8(NodeTestTask.java:146) ~[junit-platform-engine-1.12.2.jar:1.12.2]
	at org.junit.platform.engine.support.hierarchical.Node.around(Node.java:137) ~[junit-platform-engine-1.12.2.jar:1.12.2]
	at org.junit.platform.engine.support.hierarchical.NodeTestTask.lambda$executeRecursively$9(NodeTestTask.java:144) ~[junit-platform-engine-1.12.2.jar:1.12.2]
	at org.junit.platform.engine.support.hierarchical.ThrowableCollector.execute(ThrowableCollector.java:73) ~[junit-platform-engine-1.12.2.jar:1.12.2]
	at org.junit.platform.engine.support.hierarchical.NodeTestTask.executeRecursively(NodeTestTask.java:143) ~[junit-platform-engine-1.12.2.jar:1.12.2]
	at org.junit.platform.engine.support.hierarchical.NodeTestTask.execute(NodeTestTask.java:100) ~[junit-platform-engine-1.12.2.jar:1.12.2]
	at org.junit.platform.engine.support.hierarchical.SameThreadHierarchicalTestExecutorService.submit(SameThreadHierarchicalTestExecutorService.java:35) ~[junit-platform-engine-1.12.2.jar:1.12.2]
	at org.junit.platform.engine.support.hierarchical.HierarchicalTestExecutor.execute(HierarchicalTestExecutor.java:57) ~[junit-platform-engine-1.12.2.jar:1.12.2]
	at org.junit.platform.engine.support.hierarchical.HierarchicalTestEngine.execute(HierarchicalTestEngine.java:54) ~[junit-platform-engine-1.12.2.jar:1.12.2]
	at org.junit.platform.launcher.core.EngineExecutionOrchestrator.execute(EngineExecutionOrchestrator.java:201) ~[junit-platform-launcher-1.12.2.jar:1.12.2]
	at org.junit.platform.launcher.core.EngineExecutionOrchestrator.execute(EngineExecutionOrchestrator.java:170) ~[junit-platform-launcher-1.12.2.jar:1.12.2]
	at org.junit.platform.launcher.core.EngineExecutionOrchestrator.execute(EngineExecutionOrchestrator.java:94) ~[junit-platform-launcher-1.12.2.jar:1.12.2]
	at org.junit.platform.launcher.core.EngineExecutionOrchestrator.lambda$execute$0(EngineExecutionOrchestrator.java:59) ~[junit-platform-launcher-1.12.2.jar:1.12.2]
	at org.junit.platform.launcher.core.EngineExecutionOrchestrator.withInterceptedStreams(EngineExecutionOrchestrator.java:142) ~[junit-platform-launcher-1.12.2.jar:1.12.2]
	at org.junit.platform.launcher.core.EngineExecutionOrchestrator.execute(EngineExecutionOrchestrator.java:58) ~[junit-platform-launcher-1.12.2.jar:1.12.2]
	at org.junit.platform.launcher.core.DefaultLauncher.execute(DefaultLauncher.java:103) ~[junit-platform-launcher-1.12.2.jar:1.12.2]
	at org.junit.platform.launcher.core.DefaultLauncher.execute(DefaultLauncher.java:85) ~[junit-platform-launcher-1.12.2.jar:1.12.2]
	at org.junit.platform.launcher.core.DelegatingLauncher.execute(DelegatingLauncher.java:47) ~[junit-platform-launcher-1.12.2.jar:1.12.2]
	at org.junit.platform.launcher.core.InterceptingLauncher.lambda$execute$1(InterceptingLauncher.java:39) ~[junit-platform-launcher-1.12.2.jar:1.12.2]
	at org.junit.platform.launcher.core.ClasspathAlignmentCheckingLauncherInterceptor.intercept(ClasspathAlignmentCheckingLauncherInterceptor.java:25) ~[junit-platform-launcher-1.12.2.jar:1.12.2]
	at org.junit.platform.launcher.core.InterceptingLauncher.execute(InterceptingLauncher.java:38) ~[junit-platform-launcher-1.12.2.jar:1.12.2]
	at org.junit.platform.launcher.core.DelegatingLauncher.execute(DelegatingLauncher.java:47) ~[junit-platform-launcher-1.12.2.jar:1.12.2]
	at org.junit.platform.launcher.core.SessionPerRequestLauncher.execute(SessionPerRequestLauncher.java:63) ~[junit-platform-launcher-1.12.2.jar:1.12.2]
	at com.intellij.junit5.JUnit5IdeaTestRunner.startRunnerWithArgs(JUnit5IdeaTestRunner.java:66) ~[junit5-rt.jar:na]
	at com.intellij.rt.junit.IdeaTestRunner$Repeater$1.execute(IdeaTestRunner.java:38) ~[junit-rt.jar:na]
	at com.intellij.rt.execution.junit.TestsRepeater.repeat(TestsRepeater.java:11) ~[idea_rt.jar:na]
	at com.intellij.rt.junit.IdeaTestRunner$Repeater.startRunnerWithArgs(IdeaTestRunner.java:35) ~[junit-rt.jar:na]
	at com.intellij.rt.junit.JUnitStarter.prepareStreamsAndStart(JUnitStarter.java:237) ~[junit-rt.jar:na]
	at com.intellij.rt.junit.JUnitStarter.main(JUnitStarter.java:58) ~[junit-rt.jar:na]
Caused by: java.lang.IllegalStateException: Internal problem occurred, please report it. Mockito is unable to load the default implementation of class that is a part of Mockito distribution. Failed to load interface org.mockito.plugins.MockMaker
	at org.mockito.internal.configuration.plugins.DefaultMockitoPlugins.create(DefaultMockitoPlugins.java:105) ~[mockito-core-5.17.0.jar:na]
	at org.mockito.internal.configuration.plugins.DefaultMockitoPlugins.getDefaultPlugin(DefaultMockitoPlugins.java:79) ~[mockito-core-5.17.0.jar:na]
	at org.mockito.internal.configuration.plugins.PluginLoader.loadPlugin(PluginLoader.java:75) ~[mockito-core-5.17.0.jar:na]
	at org.mockito.internal.configuration.plugins.PluginLoader.loadPlugin(PluginLoader.java:49) ~[mockito-core-5.17.0.jar:na]
	at org.mockito.internal.configuration.plugins.PluginRegistry.<init>(PluginRegistry.java:29) ~[mockito-core-5.17.0.jar:na]
	at org.mockito.internal.configuration.plugins.Plugins.<clinit>(Plugins.java:26) ~[mockito-core-5.17.0.jar:na]
	at org.mockito.internal.MockitoCore.<clinit>(MockitoCore.java:71) ~[mockito-core-5.17.0.jar:na]
	at org.mockito.Mockito.<clinit>(Mockito.java:1777) ~[mockito-core-5.17.0.jar:na]
	at org.springframework.boot.test.mock.mockito.MockReset.get(MockReset.java:108) ~[spring-boot-test-3.5.5.jar:3.5.5]
	at org.springframework.boot.test.mock.mockito.ResetMocksTestExecutionListener.resetMocks(ResetMocksTestExecutionListener.java:89) ~[spring-boot-test-3.5.5.jar:3.5.5]
	at org.springframework.boot.test.mock.mockito.ResetMocksTestExecutionListener.resetMocks(ResetMocksTestExecutionListener.java:77) ~[spring-boot-test-3.5.5.jar:3.5.5]
	at org.springframework.boot.test.mock.mockito.ResetMocksTestExecutionListener.beforeTestMethod(ResetMocksTestExecutionListener.java:64) ~[spring-boot-test-3.5.5.jar:3.5.5]
	at org.springframework.test.context.TestContextManager.beforeTestMethod(TestContextManager.java:320) ~[spring-test-6.2.10.jar:6.2.10]
	at org.springframework.test.context.junit.jupiter.SpringExtension.beforeEach(SpringExtension.java:236) ~[spring-test-6.2.10.jar:6.2.10]
	at java.base/java.util.ArrayList.forEach(ArrayList.java:1604) ~[na:na]
	at java.base/java.util.ArrayList.forEach(ArrayList.java:1604) ~[na:na]
Caused by: java.lang.reflect.InvocationTargetException: null
	at java.base/java.lang.reflect.Constructor.newInstanceWithCaller(Constructor.java:499) ~[na:na]
	at java.base/java.lang.reflect.Constructor.newInstance(Constructor.java:483) ~[na:na]
	at org.mockito.internal.configuration.plugins.DefaultMockitoPlugins.create(DefaultMockitoPlugins.java:103) ~[mockito-core-5.17.0.jar:na]
	... 15 common frames omitted
Caused by: org.mockito.exceptions.base.MockitoInitializationException: 
Could not initialize inline Byte Buddy mock maker.

It appears as if your JDK does not supply a working agent attachment mechanism.
Java               : 24
JVM vendor name    : Oracle Corporation
JVM vendor version : 24.0.2+11-jvmci-b01
JVM name           : Java HotSpot(TM) 64-Bit Server VM
JVM version        : 24.0.2+11-jvmci-b01
JVM info           : mixed mode, sharing
OS name            : Windows 10
OS version         : 10.0

	at org.mockito.internal.creation.bytebuddy.InlineDelegateByteBuddyMockMaker.<init>(InlineDelegateByteBuddyMockMaker.java:275) ~[mockito-core-5.17.0.jar:na]
	at org.mockito.internal.creation.bytebuddy.InlineByteBuddyMockMaker.<init>(InlineByteBuddyMockMaker.java:23) ~[mockito-core-5.17.0.jar:na]
	... 18 common frames omitted
Caused by: java.lang.IllegalStateException: Could not self-attach to current VM using external process - set a property net.bytebuddy.agent.attacher.dump to dump the process output to a file at the specified location
	at net.bytebuddy.agent.ByteBuddyAgent.installExternal(ByteBuddyAgent.java:672) ~[byte-buddy-agent-1.17.7.jar:na]
	at net.bytebuddy.agent.ByteBuddyAgent.install(ByteBuddyAgent.java:599) ~[byte-buddy-agent-1.17.7.jar:na]
	at net.bytebuddy.agent.ByteBuddyAgent.install(ByteBuddyAgent.java:579) ~[byte-buddy-agent-1.17.7.jar:na]
	at net.bytebuddy.agent.ByteBuddyAgent.install(ByteBuddyAgent.java:531) ~[byte-buddy-agent-1.17.7.jar:na]
	at net.bytebuddy.agent.ByteBuddyAgent.install(ByteBuddyAgent.java:508) ~[byte-buddy-agent-1.17.7.jar:na]
	at org.mockito.internal.PremainAttachAccess.getInstrumentation(PremainAttachAccess.java:80) ~[mockito-core-5.17.0.jar:na]
	at org.mockito.internal.creation.bytebuddy.InlineDelegateByteBuddyMockMaker.<clinit>(InlineDelegateByteBuddyMockMaker.java:138) ~[mockito-core-5.17.0.jar:na]
	... 19 common frames omitted

2025-11-04T16:40:08.660+03:00  WARN 18696 --- [medical-center-userservice] [main] o.s.test.context.TestContextManager      : Caught exception while invoking 'beforeTestMethod' callback on TestExecutionListener [org.springframework.boot.test.mock.mockito.ResetMocksTestExecutionListener] for test method [void medicalcenter.userservice.repository.DoctorRepositoryTests.findByFullName_ShouldReturnDoctorWithExactFullName()] and test instance [medicalcenter.userservice.repository.DoctorRepositoryTests@f083345]

java.lang.IllegalStateException: Could not initialize plugin: interface org.mockito.plugins.MockMaker (alternate: null)
	at org.mockito.internal.configuration.plugins.PluginLoader$1.invoke(PluginLoader.java:85) ~[mockito-core-5.17.0.jar:na]
	at jdk.proxy1/jdk.proxy1.$Proxy150.getHandler(Unknown Source) ~[na:na]
	at org.mockito.internal.util.MockUtil.getMockHandlerOrNull(MockUtil.java:158) ~[mockito-core-5.17.0.jar:na]
	at org.mockito.internal.util.MockUtil.isMock(MockUtil.java:147) ~[mockito-core-5.17.0.jar:na]
	at org.mockito.internal.util.DefaultMockingDetails.isMock(DefaultMockingDetails.java:32) ~[mockito-core-5.17.0.jar:na]
	at org.springframework.boot.test.mock.mockito.MockReset.get(MockReset.java:109) ~[spring-boot-test-3.5.5.jar:3.5.5]
	at org.springframework.boot.test.mock.mockito.ResetMocksTestExecutionListener.resetMocks(ResetMocksTestExecutionListener.java:89) ~[spring-boot-test-3.5.5.jar:3.5.5]
	at org.springframework.boot.test.mock.mockito.ResetMocksTestExecutionListener.resetMocks(ResetMocksTestExecutionListener.java:77) ~[spring-boot-test-3.5.5.jar:3.5.5]
	at org.springframework.boot.test.mock.mockito.ResetMocksTestExecutionListener.beforeTestMethod(ResetMocksTestExecutionListener.java:64) ~[spring-boot-test-3.5.5.jar:3.5.5]
	at org.springframework.test.context.TestContextManager.beforeTestMethod(TestContextManager.java:320) ~[spring-test-6.2.10.jar:6.2.10]
	at org.springframework.test.context.junit.jupiter.SpringExtension.beforeEach(SpringExtension.java:236) ~[spring-test-6.2.10.jar:6.2.10]
	at org.junit.jupiter.engine.descriptor.TestMethodTestDescriptor.lambda$invokeBeforeEachCallbacks$2(TestMethodTestDescriptor.java:165) ~[junit-jupiter-engine-5.12.2.jar:5.12.2]
	at org.junit.jupiter.engine.descriptor.TestMethodTestDescriptor.lambda$invokeBeforeMethodsOrCallbacksUntilExceptionOccurs$6(TestMethodTestDescriptor.java:201) ~[junit-jupiter-engine-5.12.2.jar:5.12.2]
	at org.junit.platform.engine.support.hierarchical.ThrowableCollector.execute(ThrowableCollector.java:73) ~[junit-platform-engine-1.12.2.jar:1.12.2]
	at org.junit.jupiter.engine.descriptor.TestMethodTestDescriptor.invokeBeforeMethodsOrCallbacksUntilExceptionOccurs(TestMethodTestDescriptor.java:201) ~[junit-jupiter-engine-5.12.2.jar:5.12.2]
	at org.junit.jupiter.engine.descriptor.TestMethodTestDescriptor.invokeBeforeEachCallbacks(TestMethodTestDescriptor.java:164) ~[junit-jupiter-engine-5.12.2.jar:5.12.2]
	at org.junit.jupiter.engine.descriptor.TestMethodTestDescriptor.execute(TestMethodTestDescriptor.java:131) ~[junit-jupiter-engine-5.12.2.jar:5.12.2]
	at org.junit.jupiter.engine.descriptor.TestMethodTestDescriptor.execute(TestMethodTestDescriptor.java:69) ~[junit-jupiter-engine-5.12.2.jar:5.12.2]
	at org.junit.platform.engine.support.hierarchical.NodeTestTask.lambda$executeRecursively$6(NodeTestTask.java:156) ~[junit-platform-engine-1.12.2.jar:1.12.2]
	at org.junit.platform.engine.support.hierarchical.ThrowableCollector.execute(ThrowableCollector.java:73) ~[junit-platform-engine-1.12.2.jar:1.12.2]
	at org.junit.platform.engine.support.hierarchical.NodeTestTask.lambda$executeRecursively$8(NodeTestTask.java:146) ~[junit-platform-engine-1.12.2.jar:1.12.2]
	at org.junit.platform.engine.support.hierarchical.Node.around(Node.java:137) ~[junit-platform-engine-1.12.2.jar:1.12.2]
	at org.junit.platform.engine.support.hierarchical.NodeTestTask.lambda$executeRecursively$9(NodeTestTask.java:144) ~[junit-platform-engine-1.12.2.jar:1.12.2]
	at org.junit.platform.engine.support.hierarchical.ThrowableCollector.execute(ThrowableCollector.java:73) ~[junit-platform-engine-1.12.2.jar:1.12.2]
	at org.junit.platform.engine.support.hierarchical.NodeTestTask.executeRecursively(NodeTestTask.java:143) ~[junit-platform-engine-1.12.2.jar:1.12.2]
	at org.junit.platform.engine.support.hierarchical.NodeTestTask.execute(NodeTestTask.java:100) ~[junit-platform-engine-1.12.2.jar:1.12.2]
	at java.base/java.util.ArrayList.forEach(ArrayList.java:1604) ~[na:na]
	at org.junit.platform.engine.support.hierarchical.SameThreadHierarchicalTestExecutorService.invokeAll(SameThreadHierarchicalTestExecutorService.java:41) ~[junit-platform-engine-1.12.2.jar:1.12.2]
	at org.junit.platform.engine.support.hierarchical.NodeTestTask.lambda$executeRecursively$6(NodeTestTask.java:160) ~[junit-platform-engine-1.12.2.jar:1.12.2]
	at org.junit.platform.engine.support.hierarchical.ThrowableCollector.execute(ThrowableCollector.java:73) ~[junit-platform-engine-1.12.2.jar:1.12.2]
	at org.junit.platform.engine.support.hierarchical.NodeTestTask.lambda$executeRecursively$8(NodeTestTask.java:146) ~[junit-platform-engine-1.12.2.jar:1.12.2]
	at org.junit.platform.engine.support.hierarchical.Node.around(Node.java:137) ~[junit-platform-engine-1.12.2.jar:1.12.2]
	at org.junit.platform.engine.support.hierarchical.NodeTestTask.lambda$executeRecursively$9(NodeTestTask.java:144) ~[junit-platform-engine-1.12.2.jar:1.12.2]
	at org.junit.platform.engine.support.hierarchical.ThrowableCollector.execute(ThrowableCollector.java:73) ~[junit-platform-engine-1.12.2.jar:1.12.2]
	at org.junit.platform.engine.support.hierarchical.NodeTestTask.executeRecursively(NodeTestTask.java:143) ~[junit-platform-engine-1.12.2.jar:1.12.2]
	at org.junit.platform.engine.support.hierarchical.NodeTestTask.execute(NodeTestTask.java:100) ~[junit-platform-engine-1.12.2.jar:1.12.2]
	at java.base/java.util.ArrayList.forEach(ArrayList.java:1604) ~[na:na]
	at org.junit.platform.engine.support.hierarchical.SameThreadHierarchicalTestExecutorService.invokeAll(SameThreadHierarchicalTestExecutorService.java:41) ~[junit-platform-engine-1.12.2.jar:1.12.2]
	at org.junit.platform.engine.support.hierarchical.NodeTestTask.lambda$executeRecursively$6(NodeTestTask.java:160) ~[junit-platform-engine-1.12.2.jar:1.12.2]
	at org.junit.platform.engine.support.hierarchical.ThrowableCollector.execute(ThrowableCollector.java:73) ~[junit-platform-engine-1.12.2.jar:1.12.2]
	at org.junit.platform.engine.support.hierarchical.NodeTestTask.lambda$executeRecursively$8(NodeTestTask.java:146) ~[junit-platform-engine-1.12.2.jar:1.12.2]
	at org.junit.platform.engine.support.hierarchical.Node.around(Node.java:137) ~[junit-platform-engine-1.12.2.jar:1.12.2]
	at org.junit.platform.engine.support.hierarchical.NodeTestTask.lambda$executeRecursively$9(NodeTestTask.java:144) ~[junit-platform-engine-1.12.2.jar:1.12.2]
	at org.junit.platform.engine.support.hierarchical.ThrowableCollector.execute(ThrowableCollector.java:73) ~[junit-platform-engine-1.12.2.jar:1.12.2]
	at org.junit.platform.engine.support.hierarchical.NodeTestTask.executeRecursively(NodeTestTask.java:143) ~[junit-platform-engine-1.12.2.jar:1.12.2]
	at org.junit.platform.engine.support.hierarchical.NodeTestTask.execute(NodeTestTask.java:100) ~[junit-platform-engine-1.12.2.jar:1.12.2]
	at org.junit.platform.engine.support.hierarchical.SameThreadHierarchicalTestExecutorService.submit(SameThreadHierarchicalTestExecutorService.java:35) ~[junit-platform-engine-1.12.2.jar:1.12.2]
	at org.junit.platform.engine.support.hierarchical.HierarchicalTestExecutor.execute(HierarchicalTestExecutor.java:57) ~[junit-platform-engine-1.12.2.jar:1.12.2]
	at org.junit.platform.engine.support.hierarchical.HierarchicalTestEngine.execute(HierarchicalTestEngine.java:54) ~[junit-platform-engine-1.12.2.jar:1.12.2]
	at org.junit.platform.launcher.core.EngineExecutionOrchestrator.execute(EngineExecutionOrchestrator.java:201) ~[junit-platform-launcher-1.12.2.jar:1.12.2]
	at org.junit.platform.launcher.core.EngineExecutionOrchestrator.execute(EngineExecutionOrchestrator.java:170) ~[junit-platform-launcher-1.12.2.jar:1.12.2]
	at org.junit.platform.launcher.core.EngineExecutionOrchestrator.execute(EngineExecutionOrchestrator.java:94) ~[junit-platform-launcher-1.12.2.jar:1.12.2]
	at org.junit.platform.launcher.core.EngineExecutionOrchestrator.lambda$execute$0(EngineExecutionOrchestrator.java:59) ~[junit-platform-launcher-1.12.2.jar:1.12.2]
	at org.junit.platform.launcher.core.EngineExecutionOrchestrator.withInterceptedStreams(EngineExecutionOrchestrator.java:142) ~[junit-platform-launcher-1.12.2.jar:1.12.2]
	at org.junit.platform.launcher.core.EngineExecutionOrchestrator.execute(EngineExecutionOrchestrator.java:58) ~[junit-platform-launcher-1.12.2.jar:1.12.2]
	at org.junit.platform.launcher.core.DefaultLauncher.execute(DefaultLauncher.java:103) ~[junit-platform-launcher-1.12.2.jar:1.12.2]
	at org.junit.platform.launcher.core.DefaultLauncher.execute(DefaultLauncher.java:85) ~[junit-platform-launcher-1.12.2.jar:1.12.2]
	at org.junit.platform.launcher.core.DelegatingLauncher.execute(DelegatingLauncher.java:47) ~[junit-platform-launcher-1.12.2.jar:1.12.2]
	at org.junit.platform.launcher.core.InterceptingLauncher.lambda$execute$1(InterceptingLauncher.java:39) ~[junit-platform-launcher-1.12.2.jar:1.12.2]
	at org.junit.platform.launcher.core.ClasspathAlignmentCheckingLauncherInterceptor.intercept(ClasspathAlignmentCheckingLauncherInterceptor.java:25) ~[junit-platform-launcher-1.12.2.jar:1.12.2]
	at org.junit.platform.launcher.core.InterceptingLauncher.execute(InterceptingLauncher.java:38) ~[junit-platform-launcher-1.12.2.jar:1.12.2]
	at org.junit.platform.launcher.core.DelegatingLauncher.execute(DelegatingLauncher.java:47) ~[junit-platform-launcher-1.12.2.jar:1.12.2]
	at org.junit.platform.launcher.core.SessionPerRequestLauncher.execute(SessionPerRequestLauncher.java:63) ~[junit-platform-launcher-1.12.2.jar:1.12.2]
	at com.intellij.junit5.JUnit5IdeaTestRunner.startRunnerWithArgs(JUnit5IdeaTestRunner.java:66) ~[junit5-rt.jar:na]
	at com.intellij.rt.junit.IdeaTestRunner$Repeater$1.execute(IdeaTestRunner.java:38) ~[junit-rt.jar:na]
	at com.intellij.rt.execution.junit.TestsRepeater.repeat(TestsRepeater.java:11) ~[idea_rt.jar:na]
	at com.intellij.rt.junit.IdeaTestRunner$Repeater.startRunnerWithArgs(IdeaTestRunner.java:35) ~[junit-rt.jar:na]
	at com.intellij.rt.junit.JUnitStarter.prepareStreamsAndStart(JUnitStarter.java:237) ~[junit-rt.jar:na]
	at com.intellij.rt.junit.JUnitStarter.main(JUnitStarter.java:58) ~[junit-rt.jar:na]
Caused by: java.lang.IllegalStateException: Internal problem occurred, please report it. Mockito is unable to load the default implementation of class that is a part of Mockito distribution. Failed to load interface org.mockito.plugins.MockMaker
	at org.mockito.internal.configuration.plugins.DefaultMockitoPlugins.create(DefaultMockitoPlugins.java:105) ~[mockito-core-5.17.0.jar:na]
	at org.mockito.internal.configuration.plugins.DefaultMockitoPlugins.getDefaultPlugin(DefaultMockitoPlugins.java:79) ~[mockito-core-5.17.0.jar:na]
	at org.mockito.internal.configuration.plugins.PluginLoader.loadPlugin(PluginLoader.java:75) ~[mockito-core-5.17.0.jar:na]
	at org.mockito.internal.configuration.plugins.PluginLoader.loadPlugin(PluginLoader.java:49) ~[mockito-core-5.17.0.jar:na]
	at org.mockito.internal.configuration.plugins.PluginRegistry.<init>(PluginRegistry.java:29) ~[mockito-core-5.17.0.jar:na]
	at org.mockito.internal.configuration.plugins.Plugins.<clinit>(Plugins.java:26) ~[mockito-core-5.17.0.jar:na]
	at org.mockito.internal.MockitoCore.<clinit>(MockitoCore.java:71) ~[mockito-core-5.17.0.jar:na]
	at org.mockito.Mockito.<clinit>(Mockito.java:1777) ~[mockito-core-5.17.0.jar:na]
	at org.springframework.boot.test.mock.mockito.MockReset.get(MockReset.java:108) ~[spring-boot-test-3.5.5.jar:3.5.5]
	at org.springframework.boot.test.mock.mockito.ResetMocksTestExecutionListener.resetMocks(ResetMocksTestExecutionListener.java:89) ~[spring-boot-test-3.5.5.jar:3.5.5]
	at org.springframework.boot.test.mock.mockito.ResetMocksTestExecutionListener.resetMocks(ResetMocksTestExecutionListener.java:77) ~[spring-boot-test-3.5.5.jar:3.5.5]
	at org.springframework.boot.test.mock.mockito.ResetMocksTestExecutionListener.beforeTestMethod(ResetMocksTestExecutionListener.java:64) ~[spring-boot-test-3.5.5.jar:3.5.5]
	at org.springframework.test.context.TestContextManager.beforeTestMethod(TestContextManager.java:320) ~[spring-test-6.2.10.jar:6.2.10]
	at org.springframework.test.context.junit.jupiter.SpringExtension.beforeEach(SpringExtension.java:236) ~[spring-test-6.2.10.jar:6.2.10]
	at java.base/java.util.ArrayList.forEach(ArrayList.java:1604) ~[na:na]
	at java.base/java.util.ArrayList.forEach(ArrayList.java:1604) ~[na:na]
Caused by: java.lang.reflect.InvocationTargetException: null
	at java.base/java.lang.reflect.Constructor.newInstanceWithCaller(Constructor.java:499) ~[na:na]
	at java.base/java.lang.reflect.Constructor.newInstance(Constructor.java:483) ~[na:na]
	at org.mockito.internal.configuration.plugins.DefaultMockitoPlugins.create(DefaultMockitoPlugins.java:103) ~[mockito-core-5.17.0.jar:na]
	... 15 common frames omitted
Caused by: org.mockito.exceptions.base.MockitoInitializationException: 
Could not initialize inline Byte Buddy mock maker.

It appears as if your JDK does not supply a working agent attachment mechanism.
Java               : 24
JVM vendor name    : Oracle Corporation
JVM vendor version : 24.0.2+11-jvmci-b01
JVM name           : Java HotSpot(TM) 64-Bit Server VM
JVM version        : 24.0.2+11-jvmci-b01
JVM info           : mixed mode, sharing
OS name            : Windows 10
OS version         : 10.0

	at org.mockito.internal.creation.bytebuddy.InlineDelegateByteBuddyMockMaker.<init>(InlineDelegateByteBuddyMockMaker.java:275) ~[mockito-core-5.17.0.jar:na]
	at org.mockito.internal.creation.bytebuddy.InlineByteBuddyMockMaker.<init>(InlineByteBuddyMockMaker.java:23) ~[mockito-core-5.17.0.jar:na]
	... 18 common frames omitted
Caused by: java.lang.IllegalStateException: Could not self-attach to current VM using external process - set a property net.bytebuddy.agent.attacher.dump to dump the process output to a file at the specified location
	at net.bytebuddy.agent.ByteBuddyAgent.installExternal(ByteBuddyAgent.java:672) ~[byte-buddy-agent-1.17.7.jar:na]
	at net.bytebuddy.agent.ByteBuddyAgent.install(ByteBuddyAgent.java:599) ~[byte-buddy-agent-1.17.7.jar:na]
	at net.bytebuddy.agent.ByteBuddyAgent.install(ByteBuddyAgent.java:579) ~[byte-buddy-agent-1.17.7.jar:na]
	at net.bytebuddy.agent.ByteBuddyAgent.install(ByteBuddyAgent.java:531) ~[byte-buddy-agent-1.17.7.jar:na]
	at net.bytebuddy.agent.ByteBuddyAgent.install(ByteBuddyAgent.java:508) ~[byte-buddy-agent-1.17.7.jar:na]
	at org.mockito.internal.PremainAttachAccess.getInstrumentation(PremainAttachAccess.java:80) ~[mockito-core-5.17.0.jar:na]
	at org.mockito.internal.creation.bytebuddy.InlineDelegateByteBuddyMockMaker.<clinit>(InlineDelegateByteBuddyMockMaker.java:138) ~[mockito-core-5.17.0.jar:na]
	... 19 common frames omitted

2025-11-04T16:40:08.663+03:00  WARN 18696 --- [medical-center-userservice] [main] o.s.test.context.TestContextManager      : Caught exception while invoking 'afterTestMethod' callback on TestExecutionListener [org.springframework.boot.test.mock.mockito.ResetMocksTestExecutionListener] for test method [void medicalcenter.userservice.repository.DoctorRepositoryTests.findByFullName_ShouldReturnDoctorWithExactFullName()] and test instance [medicalcenter.userservice.repository.DoctorRepositoryTests@f083345]

java.lang.IllegalStateException: Could not initialize plugin: interface org.mockito.plugins.MockMaker (alternate: null)
	at org.mockito.internal.configuration.plugins.PluginLoader$1.invoke(PluginLoader.java:85) ~[mockito-core-5.17.0.jar:na]
	at jdk.proxy1/jdk.proxy1.$Proxy150.getHandler(Unknown Source) ~[na:na]
	at org.mockito.internal.util.MockUtil.getMockHandlerOrNull(MockUtil.java:158) ~[mockito-core-5.17.0.jar:na]
	at org.mockito.internal.util.MockUtil.isMock(MockUtil.java:147) ~[mockito-core-5.17.0.jar:na]
	at org.mockito.internal.util.DefaultMockingDetails.isMock(DefaultMockingDetails.java:32) ~[mockito-core-5.17.0.jar:na]
	at org.springframework.boot.test.mock.mockito.MockReset.get(MockReset.java:109) ~[spring-boot-test-3.5.5.jar:3.5.5]
	at org.springframework.boot.test.mock.mockito.ResetMocksTestExecutionListener.resetMocks(ResetMocksTestExecutionListener.java:89) ~[spring-boot-test-3.5.5.jar:3.5.5]
	at org.springframework.boot.test.mock.mockito.ResetMocksTestExecutionListener.resetMocks(ResetMocksTestExecutionListener.java:77) ~[spring-boot-test-3.5.5.jar:3.5.5]
	at org.springframework.boot.test.mock.mockito.ResetMocksTestExecutionListener.afterTestMethod(ResetMocksTestExecutionListener.java:71) ~[spring-boot-test-3.5.5.jar:3.5.5]
	at org.springframework.test.context.TestContextManager.afterTestMethod(TestContextManager.java:488) ~[spring-test-6.2.10.jar:6.2.10]
	at org.springframework.test.context.junit.jupiter.SpringExtension.afterEach(SpringExtension.java:274) ~[spring-test-6.2.10.jar:6.2.10]
	at org.junit.jupiter.engine.descriptor.TestMethodTestDescriptor.lambda$invokeAfterEachCallbacks$12(TestMethodTestDescriptor.java:259) ~[junit-jupiter-engine-5.12.2.jar:5.12.2]
	at org.junit.jupiter.engine.descriptor.TestMethodTestDescriptor.lambda$invokeAllAfterMethodsOrCallbacks$13(TestMethodTestDescriptor.java:275) ~[junit-jupiter-engine-5.12.2.jar:5.12.2]
	at org.junit.platform.engine.support.hierarchical.ThrowableCollector.execute(ThrowableCollector.java:73) ~[junit-platform-engine-1.12.2.jar:1.12.2]
	at org.junit.jupiter.engine.descriptor.TestMethodTestDescriptor.lambda$invokeAllAfterMethodsOrCallbacks$14(TestMethodTestDescriptor.java:275) ~[junit-jupiter-engine-5.12.2.jar:5.12.2]
	at org.junit.platform.commons.util.CollectionUtils.forEachInReverseOrder(CollectionUtils.java:239) ~[junit-platform-commons-1.12.2.jar:1.12.2]
	at org.junit.jupiter.engine.descriptor.TestMethodTestDescriptor.invokeAllAfterMethodsOrCallbacks(TestMethodTestDescriptor.java:274) ~[junit-jupiter-engine-5.12.2.jar:5.12.2]
	at org.junit.jupiter.engine.descriptor.TestMethodTestDescriptor.invokeAfterEachCallbacks(TestMethodTestDescriptor.java:258) ~[junit-jupiter-engine-5.12.2.jar:5.12.2]
	at org.junit.jupiter.engine.descriptor.TestMethodTestDescriptor.execute(TestMethodTestDescriptor.java:143) ~[junit-jupiter-engine-5.12.2.jar:5.12.2]
	at org.junit.jupiter.engine.descriptor.TestMethodTestDescriptor.execute(TestMethodTestDescriptor.java:69) ~[junit-jupiter-engine-5.12.2.jar:5.12.2]
	at org.junit.platform.engine.support.hierarchical.NodeTestTask.lambda$executeRecursively$6(NodeTestTask.java:156) ~[junit-platform-engine-1.12.2.jar:1.12.2]
	at org.junit.platform.engine.support.hierarchical.ThrowableCollector.execute(ThrowableCollector.java:73) ~[junit-platform-engine-1.12.2.jar:1.12.2]
	at org.junit.platform.engine.support.hierarchical.NodeTestTask.lambda$executeRecursively$8(NodeTestTask.java:146) ~[junit-platform-engine-1.12.2.jar:1.12.2]
	at org.junit.platform.engine.support.hierarchical.Node.around(Node.java:137) ~[junit-platform-engine-1.12.2.jar:1.12.2]
	at org.junit.platform.engine.support.hierarchical.NodeTestTask.lambda$executeRecursively$9(NodeTestTask.java:144) ~[junit-platform-engine-1.12.2.jar:1.12.2]
	at org.junit.platform.engine.support.hierarchical.ThrowableCollector.execute(ThrowableCollector.java:73) ~[junit-platform-engine-1.12.2.jar:1.12.2]
	at org.junit.platform.engine.support.hierarchical.NodeTestTask.executeRecursively(NodeTestTask.java:143) ~[junit-platform-engine-1.12.2.jar:1.12.2]
	at org.junit.platform.engine.support.hierarchical.NodeTestTask.execute(NodeTestTask.java:100) ~[junit-platform-engine-1.12.2.jar:1.12.2]
	at java.base/java.util.ArrayList.forEach(ArrayList.java:1604) ~[na:na]
	at org.junit.platform.engine.support.hierarchical.SameThreadHierarchicalTestExecutorService.invokeAll(SameThreadHierarchicalTestExecutorService.java:41) ~[junit-platform-engine-1.12.2.jar:1.12.2]
	at org.junit.platform.engine.support.hierarchical.NodeTestTask.lambda$executeRecursively$6(NodeTestTask.java:160) ~[junit-platform-engine-1.12.2.jar:1.12.2]
	at org.junit.platform.engine.support.hierarchical.ThrowableCollector.execute(ThrowableCollector.java:73) ~[junit-platform-engine-1.12.2.jar:1.12.2]
	at org.junit.platform.engine.support.hierarchical.NodeTestTask.lambda$executeRecursively$8(NodeTestTask.java:146) ~[junit-platform-engine-1.12.2.jar:1.12.2]
	at org.junit.platform.engine.support.hierarchical.Node.around(Node.java:137) ~[junit-platform-engine-1.12.2.jar:1.12.2]
	at org.junit.platform.engine.support.hierarchical.NodeTestTask.lambda$executeRecursively$9(NodeTestTask.java:144) ~[junit-platform-engine-1.12.2.jar:1.12.2]
	at org.junit.platform.engine.support.hierarchical.ThrowableCollector.execute(ThrowableCollector.java:73) ~[junit-platform-engine-1.12.2.jar:1.12.2]
	at org.junit.platform.engine.support.hierarchical.NodeTestTask.executeRecursively(NodeTestTask.java:143) ~[junit-platform-engine-1.12.2.jar:1.12.2]
	at org.junit.platform.engine.support.hierarchical.NodeTestTask.execute(NodeTestTask.java:100) ~[junit-platform-engine-1.12.2.jar:1.12.2]
	at java.base/java.util.ArrayList.forEach(ArrayList.java:1604) ~[na:na]
	at org.junit.platform.engine.support.hierarchical.SameThreadHierarchicalTestExecutorService.invokeAll(SameThreadHierarchicalTestExecutorService.java:41) ~[junit-platform-engine-1.12.2.jar:1.12.2]
	at org.junit.platform.engine.support.hierarchical.NodeTestTask.lambda$executeRecursively$6(NodeTestTask.java:160) ~[junit-platform-engine-1.12.2.jar:1.12.2]
	at org.junit.platform.engine.support.hierarchical.ThrowableCollector.execute(ThrowableCollector.java:73) ~[junit-platform-engine-1.12.2.jar:1.12.2]
	at org.junit.platform.engine.support.hierarchical.NodeTestTask.lambda$executeRecursively$8(NodeTestTask.java:146) ~[junit-platform-engine-1.12.2.jar:1.12.2]
	at org.junit.platform.engine.support.hierarchical.Node.around(Node.java:137) ~[junit-platform-engine-1.12.2.jar:1.12.2]
	at org.junit.platform.engine.support.hierarchical.NodeTestTask.lambda$executeRecursively$9(NodeTestTask.java:144) ~[junit-platform-engine-1.12.2.jar:1.12.2]
	at org.junit.platform.engine.support.hierarchical.ThrowableCollector.execute(ThrowableCollector.java:73) ~[junit-platform-engine-1.12.2.jar:1.12.2]
	at org.junit.platform.engine.support.hierarchical.NodeTestTask.executeRecursively(NodeTestTask.java:143) ~[junit-platform-engine-1.12.2.jar:1.12.2]
	at org.junit.platform.engine.support.hierarchical.NodeTestTask.execute(NodeTestTask.java:100) ~[junit-platform-engine-1.12.2.jar:1.12.2]
	at org.junit.platform.engine.support.hierarchical.SameThreadHierarchicalTestExecutorService.submit(SameThreadHierarchicalTestExecutorService.java:35) ~[junit-platform-engine-1.12.2.jar:1.12.2]
	at org.junit.platform.engine.support.hierarchical.HierarchicalTestExecutor.execute(HierarchicalTestExecutor.java:57) ~[junit-platform-engine-1.12.2.jar:1.12.2]
	at org.junit.platform.engine.support.hierarchical.HierarchicalTestEngine.execute(HierarchicalTestEngine.java:54) ~[junit-platform-engine-1.12.2.jar:1.12.2]
	at org.junit.platform.launcher.core.EngineExecutionOrchestrator.execute(EngineExecutionOrchestrator.java:201) ~[junit-platform-launcher-1.12.2.jar:1.12.2]
	at org.junit.platform.launcher.core.EngineExecutionOrchestrator.execute(EngineExecutionOrchestrator.java:170) ~[junit-platform-launcher-1.12.2.jar:1.12.2]
	at org.junit.platform.launcher.core.EngineExecutionOrchestrator.execute(EngineExecutionOrchestrator.java:94) ~[junit-platform-launcher-1.12.2.jar:1.12.2]
	at org.junit.platform.launcher.core.EngineExecutionOrchestrator.lambda$execute$0(EngineExecutionOrchestrator.java:59) ~[junit-platform-launcher-1.12.2.jar:1.12.2]
	at org.junit.platform.launcher.core.EngineExecutionOrchestrator.withInterceptedStreams(EngineExecutionOrchestrator.java:142) ~[junit-platform-launcher-1.12.2.jar:1.12.2]
	at org.junit.platform.launcher.core.EngineExecutionOrchestrator.execute(EngineExecutionOrchestrator.java:58) ~[junit-platform-launcher-1.12.2.jar:1.12.2]
	at org.junit.platform.launcher.core.DefaultLauncher.execute(DefaultLauncher.java:103) ~[junit-platform-launcher-1.12.2.jar:1.12.2]
	at org.junit.platform.launcher.core.DefaultLauncher.execute(DefaultLauncher.java:85) ~[junit-platform-launcher-1.12.2.jar:1.12.2]
	at org.junit.platform.launcher.core.DelegatingLauncher.execute(DelegatingLauncher.java:47) ~[junit-platform-launcher-1.12.2.jar:1.12.2]
	at org.junit.platform.launcher.core.InterceptingLauncher.lambda$execute$1(InterceptingLauncher.java:39) ~[junit-platform-launcher-1.12.2.jar:1.12.2]
	at org.junit.platform.launcher.core.ClasspathAlignmentCheckingLauncherInterceptor.intercept(ClasspathAlignmentCheckingLauncherInterceptor.java:25) ~[junit-platform-launcher-1.12.2.jar:1.12.2]
	at org.junit.platform.launcher.core.InterceptingLauncher.execute(InterceptingLauncher.java:38) ~[junit-platform-launcher-1.12.2.jar:1.12.2]
	at org.junit.platform.launcher.core.DelegatingLauncher.execute(DelegatingLauncher.java:47) ~[junit-platform-launcher-1.12.2.jar:1.12.2]
	at org.junit.platform.launcher.core.SessionPerRequestLauncher.execute(SessionPerRequestLauncher.java:63) ~[junit-platform-launcher-1.12.2.jar:1.12.2]
	at com.intellij.junit5.JUnit5IdeaTestRunner.startRunnerWithArgs(JUnit5IdeaTestRunner.java:66) ~[junit5-rt.jar:na]
	at com.intellij.rt.junit.IdeaTestRunner$Repeater$1.execute(IdeaTestRunner.java:38) ~[junit-rt.jar:na]
	at com.intellij.rt.execution.junit.TestsRepeater.repeat(TestsRepeater.java:11) ~[idea_rt.jar:na]
	at com.intellij.rt.junit.IdeaTestRunner$Repeater.startRunnerWithArgs(IdeaTestRunner.java:35) ~[junit-rt.jar:na]
	at com.intellij.rt.junit.JUnitStarter.prepareStreamsAndStart(JUnitStarter.java:237) ~[junit-rt.jar:na]
	at com.intellij.rt.junit.JUnitStarter.main(JUnitStarter.java:58) ~[junit-rt.jar:na]
Caused by: java.lang.IllegalStateException: Internal problem occurred, please report it. Mockito is unable to load the default implementation of class that is a part of Mockito distribution. Failed to load interface org.mockito.plugins.MockMaker
	at org.mockito.internal.configuration.plugins.DefaultMockitoPlugins.create(DefaultMockitoPlugins.java:105) ~[mockito-core-5.17.0.jar:na]
	at org.mockito.internal.configuration.plugins.DefaultMockitoPlugins.getDefaultPlugin(DefaultMockitoPlugins.java:79) ~[mockito-core-5.17.0.jar:na]
	at org.mockito.internal.configuration.plugins.PluginLoader.loadPlugin(PluginLoader.java:75) ~[mockito-core-5.17.0.jar:na]
	at org.mockito.internal.configuration.plugins.PluginLoader.loadPlugin(PluginLoader.java:49) ~[mockito-core-5.17.0.jar:na]
	at org.mockito.internal.configuration.plugins.PluginRegistry.<init>(PluginRegistry.java:29) ~[mockito-core-5.17.0.jar:na]
	at org.mockito.internal.configuration.plugins.Plugins.<clinit>(Plugins.java:26) ~[mockito-core-5.17.0.jar:na]
	at org.mockito.internal.MockitoCore.<clinit>(MockitoCore.java:71) ~[mockito-core-5.17.0.jar:na]
	at org.mockito.Mockito.<clinit>(Mockito.java:1777) ~[mockito-core-5.17.0.jar:na]
	at org.springframework.boot.test.mock.mockito.MockReset.get(MockReset.java:108) ~[spring-boot-test-3.5.5.jar:3.5.5]
	at org.springframework.boot.test.mock.mockito.ResetMocksTestExecutionListener.resetMocks(ResetMocksTestExecutionListener.java:89) ~[spring-boot-test-3.5.5.jar:3.5.5]
	at org.springframework.boot.test.mock.mockito.ResetMocksTestExecutionListener.resetMocks(ResetMocksTestExecutionListener.java:77) ~[spring-boot-test-3.5.5.jar:3.5.5]
	at org.springframework.boot.test.mock.mockito.ResetMocksTestExecutionListener.beforeTestMethod(ResetMocksTestExecutionListener.java:64) ~[spring-boot-test-3.5.5.jar:3.5.5]
	at org.springframework.test.context.TestContextManager.beforeTestMethod(TestContextManager.java:320) ~[spring-test-6.2.10.jar:6.2.10]
	at org.springframework.test.context.junit.jupiter.SpringExtension.beforeEach(SpringExtension.java:236) ~[spring-test-6.2.10.jar:6.2.10]
	at java.base/java.util.ArrayList.forEach(ArrayList.java:1604) ~[na:na]
	at java.base/java.util.ArrayList.forEach(ArrayList.java:1604) ~[na:na]
Caused by: java.lang.reflect.InvocationTargetException: null
	at java.base/java.lang.reflect.Constructor.newInstanceWithCaller(Constructor.java:499) ~[na:na]
	at java.base/java.lang.reflect.Constructor.newInstance(Constructor.java:483) ~[na:na]
	at org.mockito.internal.configuration.plugins.DefaultMockitoPlugins.create(DefaultMockitoPlugins.java:103) ~[mockito-core-5.17.0.jar:na]
	... 15 common frames omitted
Caused by: org.mockito.exceptions.base.MockitoInitializationException: 
Could not initialize inline Byte Buddy mock maker.

It appears as if your JDK does not supply a working agent attachment mechanism.
Java               : 24
JVM vendor name    : Oracle Corporation
JVM vendor version : 24.0.2+11-jvmci-b01
JVM name           : Java HotSpot(TM) 64-Bit Server VM
JVM version        : 24.0.2+11-jvmci-b01
JVM info           : mixed mode, sharing
OS name            : Windows 10
OS version         : 10.0

	at org.mockito.internal.creation.bytebuddy.InlineDelegateByteBuddyMockMaker.<init>(InlineDelegateByteBuddyMockMaker.java:275) ~[mockito-core-5.17.0.jar:na]
	at org.mockito.internal.creation.bytebuddy.InlineByteBuddyMockMaker.<init>(InlineByteBuddyMockMaker.java:23) ~[mockito-core-5.17.0.jar:na]
	... 18 common frames omitted
Caused by: java.lang.IllegalStateException: Could not self-attach to current VM using external process - set a property net.bytebuddy.agent.attacher.dump to dump the process output to a file at the specified location
	at net.bytebuddy.agent.ByteBuddyAgent.installExternal(ByteBuddyAgent.java:672) ~[byte-buddy-agent-1.17.7.jar:na]
	at net.bytebuddy.agent.ByteBuddyAgent.install(ByteBuddyAgent.java:599) ~[byte-buddy-agent-1.17.7.jar:na]
	at net.bytebuddy.agent.ByteBuddyAgent.install(ByteBuddyAgent.java:579) ~[byte-buddy-agent-1.17.7.jar:na]
	at net.bytebuddy.agent.ByteBuddyAgent.install(ByteBuddyAgent.java:531) ~[byte-buddy-agent-1.17.7.jar:na]
	at net.bytebuddy.agent.ByteBuddyAgent.install(ByteBuddyAgent.java:508) ~[byte-buddy-agent-1.17.7.jar:na]
	at org.mockito.internal.PremainAttachAccess.getInstrumentation(PremainAttachAccess.java:80) ~[mockito-core-5.17.0.jar:na]
	at org.mockito.internal.creation.bytebuddy.InlineDelegateByteBuddyMockMaker.<clinit>(InlineDelegateByteBuddyMockMaker.java:138) ~[mockito-core-5.17.0.jar:na]
	... 19 common frames omitted

2025-11-04T16:40:08.673+03:00  WARN 18696 --- [medical-center-userservice] [main] o.s.test.context.TestContextManager      : Caught exception while invoking 'beforeTestMethod' callback on TestExecutionListener [org.springframework.boot.test.mock.mockito.ResetMocksTestExecutionListener] for test method [void medicalcenter.userservice.repository.DoctorRepositoryTests.save_ShouldSaveDoctorWithValidPhoneFormat()] and test instance [medicalcenter.userservice.repository.DoctorRepositoryTests@59bb8f80]

java.lang.IllegalStateException: Could not initialize plugin: interface org.mockito.plugins.MockMaker (alternate: null)
	at org.mockito.internal.configuration.plugins.PluginLoader$1.invoke(PluginLoader.java:85) ~[mockito-core-5.17.0.jar:na]
	at jdk.proxy1/jdk.proxy1.$Proxy150.getHandler(Unknown Source) ~[na:na]
	at org.mockito.internal.util.MockUtil.getMockHandlerOrNull(MockUtil.java:158) ~[mockito-core-5.17.0.jar:na]
	at org.mockito.internal.util.MockUtil.isMock(MockUtil.java:147) ~[mockito-core-5.17.0.jar:na]
	at org.mockito.internal.util.DefaultMockingDetails.isMock(DefaultMockingDetails.java:32) ~[mockito-core-5.17.0.jar:na]
	at org.springframework.boot.test.mock.mockito.MockReset.get(MockReset.java:109) ~[spring-boot-test-3.5.5.jar:3.5.5]
	at org.springframework.boot.test.mock.mockito.ResetMocksTestExecutionListener.resetMocks(ResetMocksTestExecutionListener.java:89) ~[spring-boot-test-3.5.5.jar:3.5.5]
	at org.springframework.boot.test.mock.mockito.ResetMocksTestExecutionListener.resetMocks(ResetMocksTestExecutionListener.java:77) ~[spring-boot-test-3.5.5.jar:3.5.5]
	at org.springframework.boot.test.mock.mockito.ResetMocksTestExecutionListener.beforeTestMethod(ResetMocksTestExecutionListener.java:64) ~[spring-boot-test-3.5.5.jar:3.5.5]
	at org.springframework.test.context.TestContextManager.beforeTestMethod(TestContextManager.java:320) ~[spring-test-6.2.10.jar:6.2.10]
	at org.springframework.test.context.junit.jupiter.SpringExtension.beforeEach(SpringExtension.java:236) ~[spring-test-6.2.10.jar:6.2.10]
	at org.junit.jupiter.engine.descriptor.TestMethodTestDescriptor.lambda$invokeBeforeEachCallbacks$2(TestMethodTestDescriptor.java:165) ~[junit-jupiter-engine-5.12.2.jar:5.12.2]
	at org.junit.jupiter.engine.descriptor.TestMethodTestDescriptor.lambda$invokeBeforeMethodsOrCallbacksUntilExceptionOccurs$6(TestMethodTestDescriptor.java:201) ~[junit-jupiter-engine-5.12.2.jar:5.12.2]
	at org.junit.platform.engine.support.hierarchical.ThrowableCollector.execute(ThrowableCollector.java:73) ~[junit-platform-engine-1.12.2.jar:1.12.2]
	at org.junit.jupiter.engine.descriptor.TestMethodTestDescriptor.invokeBeforeMethodsOrCallbacksUntilExceptionOccurs(TestMethodTestDescriptor.java:201) ~[junit-jupiter-engine-5.12.2.jar:5.12.2]
	at org.junit.jupiter.engine.descriptor.TestMethodTestDescriptor.invokeBeforeEachCallbacks(TestMethodTestDescriptor.java:164) ~[junit-jupiter-engine-5.12.2.jar:5.12.2]
	at org.junit.jupiter.engine.descriptor.TestMethodTestDescriptor.execute(TestMethodTestDescriptor.java:131) ~[junit-jupiter-engine-5.12.2.jar:5.12.2]
	at org.junit.jupiter.engine.descriptor.TestMethodTestDescriptor.execute(TestMethodTestDescriptor.java:69) ~[junit-jupiter-engine-5.12.2.jar:5.12.2]
	at org.junit.platform.engine.support.hierarchical.NodeTestTask.lambda$executeRecursively$6(NodeTestTask.java:156) ~[junit-platform-engine-1.12.2.jar:1.12.2]
	at org.junit.platform.engine.support.hierarchical.ThrowableCollector.execute(ThrowableCollector.java:73) ~[junit-platform-engine-1.12.2.jar:1.12.2]
	at org.junit.platform.engine.support.hierarchical.NodeTestTask.lambda$executeRecursively$8(NodeTestTask.java:146) ~[junit-platform-engine-1.12.2.jar:1.12.2]
	at org.junit.platform.engine.support.hierarchical.Node.around(Node.java:137) ~[junit-platform-engine-1.12.2.jar:1.12.2]
	at org.junit.platform.engine.support.hierarchical.NodeTestTask.lambda$executeRecursively$9(NodeTestTask.java:144) ~[junit-platform-engine-1.12.2.jar:1.12.2]
	at org.junit.platform.engine.support.hierarchical.ThrowableCollector.execute(ThrowableCollector.java:73) ~[junit-platform-engine-1.12.2.jar:1.12.2]
	at org.junit.platform.engine.support.hierarchical.NodeTestTask.executeRecursively(NodeTestTask.java:143) ~[junit-platform-engine-1.12.2.jar:1.12.2]
	at org.junit.platform.engine.support.hierarchical.NodeTestTask.execute(NodeTestTask.java:100) ~[junit-platform-engine-1.12.2.jar:1.12.2]
	at java.base/java.util.ArrayList.forEach(ArrayList.java:1604) ~[na:na]
	at org.junit.platform.engine.support.hierarchical.SameThreadHierarchicalTestExecutorService.invokeAll(SameThreadHierarchicalTestExecutorService.java:41) ~[junit-platform-engine-1.12.2.jar:1.12.2]
	at org.junit.platform.engine.support.hierarchical.NodeTestTask.lambda$executeRecursively$6(NodeTestTask.java:160) ~[junit-platform-engine-1.12.2.jar:1.12.2]
	at org.junit.platform.engine.support.hierarchical.ThrowableCollector.execute(ThrowableCollector.java:73) ~[junit-platform-engine-1.12.2.jar:1.12.2]
	at org.junit.platform.engine.support.hierarchical.NodeTestTask.lambda$executeRecursively$8(NodeTestTask.java:146) ~[junit-platform-engine-1.12.2.jar:1.12.2]
	at org.junit.platform.engine.support.hierarchical.Node.around(Node.java:137) ~[junit-platform-engine-1.12.2.jar:1.12.2]
	at org.junit.platform.engine.support.hierarchical.NodeTestTask.lambda$executeRecursively$9(NodeTestTask.java:144) ~[junit-platform-engine-1.12.2.jar:1.12.2]
	at org.junit.platform.engine.support.hierarchical.ThrowableCollector.execute(ThrowableCollector.java:73) ~[junit-platform-engine-1.12.2.jar:1.12.2]
	at org.junit.platform.engine.support.hierarchical.NodeTestTask.executeRecursively(NodeTestTask.java:143) ~[junit-platform-engine-1.12.2.jar:1.12.2]
	at org.junit.platform.engine.support.hierarchical.NodeTestTask.execute(NodeTestTask.java:100) ~[junit-platform-engine-1.12.2.jar:1.12.2]
	at java.base/java.util.ArrayList.forEach(ArrayList.java:1604) ~[na:na]
	at org.junit.platform.engine.support.hierarchical.SameThreadHierarchicalTestExecutorService.invokeAll(SameThreadHierarchicalTestExecutorService.java:41) ~[junit-platform-engine-1.12.2.jar:1.12.2]
	at org.junit.platform.engine.support.hierarchical.NodeTestTask.lambda$executeRecursively$6(NodeTestTask.java:160) ~[junit-platform-engine-1.12.2.jar:1.12.2]
	at org.junit.platform.engine.support.hierarchical.ThrowableCollector.execute(ThrowableCollector.java:73) ~[junit-platform-engine-1.12.2.jar:1.12.2]
	at org.junit.platform.engine.support.hierarchical.NodeTestTask.lambda$executeRecursively$8(NodeTestTask.java:146) ~[junit-platform-engine-1.12.2.jar:1.12.2]
	at org.junit.platform.engine.support.hierarchical.Node.around(Node.java:137) ~[junit-platform-engine-1.12.2.jar:1.12.2]
	at org.junit.platform.engine.support.hierarchical.NodeTestTask.lambda$executeRecursively$9(NodeTestTask.java:144) ~[junit-platform-engine-1.12.2.jar:1.12.2]
	at org.junit.platform.engine.support.hierarchical.ThrowableCollector.execute(ThrowableCollector.java:73) ~[junit-platform-engine-1.12.2.jar:1.12.2]
	at org.junit.platform.engine.support.hierarchical.NodeTestTask.executeRecursively(NodeTestTask.java:143) ~[junit-platform-engine-1.12.2.jar:1.12.2]
	at org.junit.platform.engine.support.hierarchical.NodeTestTask.execute(NodeTestTask.java:100) ~[junit-platform-engine-1.12.2.jar:1.12.2]
	at org.junit.platform.engine.support.hierarchical.SameThreadHierarchicalTestExecutorService.submit(SameThreadHierarchicalTestExecutorService.java:35) ~[junit-platform-engine-1.12.2.jar:1.12.2]
	at org.junit.platform.engine.support.hierarchical.HierarchicalTestExecutor.execute(HierarchicalTestExecutor.java:57) ~[junit-platform-engine-1.12.2.jar:1.12.2]
	at org.junit.platform.engine.support.hierarchical.HierarchicalTestEngine.execute(HierarchicalTestEngine.java:54) ~[junit-platform-engine-1.12.2.jar:1.12.2]
	at org.junit.platform.launcher.core.EngineExecutionOrchestrator.execute(EngineExecutionOrchestrator.java:201) ~[junit-platform-launcher-1.12.2.jar:1.12.2]
	at org.junit.platform.launcher.core.EngineExecutionOrchestrator.execute(EngineExecutionOrchestrator.java:170) ~[junit-platform-launcher-1.12.2.jar:1.12.2]
	at org.junit.platform.launcher.core.EngineExecutionOrchestrator.execute(EngineExecutionOrchestrator.java:94) ~[junit-platform-launcher-1.12.2.jar:1.12.2]
	at org.junit.platform.launcher.core.EngineExecutionOrchestrator.lambda$execute$0(EngineExecutionOrchestrator.java:59) ~[junit-platform-launcher-1.12.2.jar:1.12.2]
	at org.junit.platform.launcher.core.EngineExecutionOrchestrator.withInterceptedStreams(EngineExecutionOrchestrator.java:142) ~[junit-platform-launcher-1.12.2.jar:1.12.2]
	at org.junit.platform.launcher.core.EngineExecutionOrchestrator.execute(EngineExecutionOrchestrator.java:58) ~[junit-platform-launcher-1.12.2.jar:1.12.2]
	at org.junit.platform.launcher.core.DefaultLauncher.execute(DefaultLauncher.java:103) ~[junit-platform-launcher-1.12.2.jar:1.12.2]
	at org.junit.platform.launcher.core.DefaultLauncher.execute(DefaultLauncher.java:85) ~[junit-platform-launcher-1.12.2.jar:1.12.2]
	at org.junit.platform.launcher.core.DelegatingLauncher.execute(DelegatingLauncher.java:47) ~[junit-platform-launcher-1.12.2.jar:1.12.2]
	at org.junit.platform.launcher.core.InterceptingLauncher.lambda$execute$1(InterceptingLauncher.java:39) ~[junit-platform-launcher-1.12.2.jar:1.12.2]
	at org.junit.platform.launcher.core.ClasspathAlignmentCheckingLauncherInterceptor.intercept(ClasspathAlignmentCheckingLauncherInterceptor.java:25) ~[junit-platform-launcher-1.12.2.jar:1.12.2]
	at org.junit.platform.launcher.core.InterceptingLauncher.execute(InterceptingLauncher.java:38) ~[junit-platform-launcher-1.12.2.jar:1.12.2]
	at org.junit.platform.launcher.core.DelegatingLauncher.execute(DelegatingLauncher.java:47) ~[junit-platform-launcher-1.12.2.jar:1.12.2]
	at org.junit.platform.launcher.core.SessionPerRequestLauncher.execute(SessionPerRequestLauncher.java:63) ~[junit-platform-launcher-1.12.2.jar:1.12.2]
	at com.intellij.junit5.JUnit5IdeaTestRunner.startRunnerWithArgs(JUnit5IdeaTestRunner.java:66) ~[junit5-rt.jar:na]
	at com.intellij.rt.junit.IdeaTestRunner$Repeater$1.execute(IdeaTestRunner.java:38) ~[junit-rt.jar:na]
	at com.intellij.rt.execution.junit.TestsRepeater.repeat(TestsRepeater.java:11) ~[idea_rt.jar:na]
	at com.intellij.rt.junit.IdeaTestRunner$Repeater.startRunnerWithArgs(IdeaTestRunner.java:35) ~[junit-rt.jar:na]
	at com.intellij.rt.junit.JUnitStarter.prepareStreamsAndStart(JUnitStarter.java:237) ~[junit-rt.jar:na]
	at com.intellij.rt.junit.JUnitStarter.main(JUnitStarter.java:58) ~[junit-rt.jar:na]
Caused by: java.lang.IllegalStateException: Internal problem occurred, please report it. Mockito is unable to load the default implementation of class that is a part of Mockito distribution. Failed to load interface org.mockito.plugins.MockMaker
	at org.mockito.internal.configuration.plugins.DefaultMockitoPlugins.create(DefaultMockitoPlugins.java:105) ~[mockito-core-5.17.0.jar:na]
	at org.mockito.internal.configuration.plugins.DefaultMockitoPlugins.getDefaultPlugin(DefaultMockitoPlugins.java:79) ~[mockito-core-5.17.0.jar:na]
	at org.mockito.internal.configuration.plugins.PluginLoader.loadPlugin(PluginLoader.java:75) ~[mockito-core-5.17.0.jar:na]
	at org.mockito.internal.configuration.plugins.PluginLoader.loadPlugin(PluginLoader.java:49) ~[mockito-core-5.17.0.jar:na]
	at org.mockito.internal.configuration.plugins.PluginRegistry.<init>(PluginRegistry.java:29) ~[mockito-core-5.17.0.jar:na]
	at org.mockito.internal.configuration.plugins.Plugins.<clinit>(Plugins.java:26) ~[mockito-core-5.17.0.jar:na]
	at org.mockito.internal.MockitoCore.<clinit>(MockitoCore.java:71) ~[mockito-core-5.17.0.jar:na]
	at org.mockito.Mockito.<clinit>(Mockito.java:1777) ~[mockito-core-5.17.0.jar:na]
	at org.springframework.boot.test.mock.mockito.MockReset.get(MockReset.java:108) ~[spring-boot-test-3.5.5.jar:3.5.5]
	at org.springframework.boot.test.mock.mockito.ResetMocksTestExecutionListener.resetMocks(ResetMocksTestExecutionListener.java:89) ~[spring-boot-test-3.5.5.jar:3.5.5]
	at org.springframework.boot.test.mock.mockito.ResetMocksTestExecutionListener.resetMocks(ResetMocksTestExecutionListener.java:77) ~[spring-boot-test-3.5.5.jar:3.5.5]
	at org.springframework.boot.test.mock.mockito.ResetMocksTestExecutionListener.beforeTestMethod(ResetMocksTestExecutionListener.java:64) ~[spring-boot-test-3.5.5.jar:3.5.5]
	at org.springframework.test.context.TestContextManager.beforeTestMethod(TestContextManager.java:320) ~[spring-test-6.2.10.jar:6.2.10]
	at org.springframework.test.context.junit.jupiter.SpringExtension.beforeEach(SpringExtension.java:236) ~[spring-test-6.2.10.jar:6.2.10]
	at java.base/java.util.ArrayList.forEach(ArrayList.java:1604) ~[na:na]
	at java.base/java.util.ArrayList.forEach(ArrayList.java:1604) ~[na:na]
Caused by: java.lang.reflect.InvocationTargetException: null
	at java.base/java.lang.reflect.Constructor.newInstanceWithCaller(Constructor.java:499) ~[na:na]
	at java.base/java.lang.reflect.Constructor.newInstance(Constructor.java:483) ~[na:na]
	at org.mockito.internal.configuration.plugins.DefaultMockitoPlugins.create(DefaultMockitoPlugins.java:103) ~[mockito-core-5.17.0.jar:na]
	... 15 common frames omitted
Caused by: org.mockito.exceptions.base.MockitoInitializationException: 
Could not initialize inline Byte Buddy mock maker.

It appears as if your JDK does not supply a working agent attachment mechanism.
Java               : 24
JVM vendor name    : Oracle Corporation
JVM vendor version : 24.0.2+11-jvmci-b01
JVM name           : Java HotSpot(TM) 64-Bit Server VM
JVM version        : 24.0.2+11-jvmci-b01
JVM info           : mixed mode, sharing
OS name            : Windows 10
OS version         : 10.0

	at org.mockito.internal.creation.bytebuddy.InlineDelegateByteBuddyMockMaker.<init>(InlineDelegateByteBuddyMockMaker.java:275) ~[mockito-core-5.17.0.jar:na]
	at org.mockito.internal.creation.bytebuddy.InlineByteBuddyMockMaker.<init>(InlineByteBuddyMockMaker.java:23) ~[mockito-core-5.17.0.jar:na]
	... 18 common frames omitted
Caused by: java.lang.IllegalStateException: Could not self-attach to current VM using external process - set a property net.bytebuddy.agent.attacher.dump to dump the process output to a file at the specified location
	at net.bytebuddy.agent.ByteBuddyAgent.installExternal(ByteBuddyAgent.java:672) ~[byte-buddy-agent-1.17.7.jar:na]
	at net.bytebuddy.agent.ByteBuddyAgent.install(ByteBuddyAgent.java:599) ~[byte-buddy-agent-1.17.7.jar:na]
	at net.bytebuddy.agent.ByteBuddyAgent.install(ByteBuddyAgent.java:579) ~[byte-buddy-agent-1.17.7.jar:na]
	at net.bytebuddy.agent.ByteBuddyAgent.install(ByteBuddyAgent.java:531) ~[byte-buddy-agent-1.17.7.jar:na]
	at net.bytebuddy.agent.ByteBuddyAgent.install(ByteBuddyAgent.java:508) ~[byte-buddy-agent-1.17.7.jar:na]
	at org.mockito.internal.PremainAttachAccess.getInstrumentation(PremainAttachAccess.java:80) ~[mockito-core-5.17.0.jar:na]
	at org.mockito.internal.creation.bytebuddy.InlineDelegateByteBuddyMockMaker.<clinit>(InlineDelegateByteBuddyMockMaker.java:138) ~[mockito-core-5.17.0.jar:na]
	... 19 common frames omitted

2025-11-04T16:40:08.676+03:00  WARN 18696 --- [medical-center-userservice] [main] o.s.test.context.TestContextManager      : Caught exception while invoking 'afterTestMethod' callback on TestExecutionListener [org.springframework.boot.test.mock.mockito.ResetMocksTestExecutionListener] for test method [void medicalcenter.userservice.repository.DoctorRepositoryTests.save_ShouldSaveDoctorWithValidPhoneFormat()] and test instance [medicalcenter.userservice.repository.DoctorRepositoryTests@59bb8f80]

java.lang.IllegalStateException: Could not initialize plugin: interface org.mockito.plugins.MockMaker (alternate: null)
	at org.mockito.internal.configuration.plugins.PluginLoader$1.invoke(PluginLoader.java:85) ~[mockito-core-5.17.0.jar:na]
	at jdk.proxy1/jdk.proxy1.$Proxy150.getHandler(Unknown Source) ~[na:na]
	at org.mockito.internal.util.MockUtil.getMockHandlerOrNull(MockUtil.java:158) ~[mockito-core-5.17.0.jar:na]
	at org.mockito.internal.util.MockUtil.isMock(MockUtil.java:147) ~[mockito-core-5.17.0.jar:na]
	at org.mockito.internal.util.DefaultMockingDetails.isMock(DefaultMockingDetails.java:32) ~[mockito-core-5.17.0.jar:na]
	at org.springframework.boot.test.mock.mockito.MockReset.get(MockReset.java:109) ~[spring-boot-test-3.5.5.jar:3.5.5]
	at org.springframework.boot.test.mock.mockito.ResetMocksTestExecutionListener.resetMocks(ResetMocksTestExecutionListener.java:89) ~[spring-boot-test-3.5.5.jar:3.5.5]
	at org.springframework.boot.test.mock.mockito.ResetMocksTestExecutionListener.resetMocks(ResetMocksTestExecutionListener.java:77) ~[spring-boot-test-3.5.5.jar:3.5.5]
	at org.springframework.boot.test.mock.mockito.ResetMocksTestExecutionListener.afterTestMethod(ResetMocksTestExecutionListener.java:71) ~[spring-boot-test-3.5.5.jar:3.5.5]
	at org.springframework.test.context.TestContextManager.afterTestMethod(TestContextManager.java:488) ~[spring-test-6.2.10.jar:6.2.10]
	at org.springframework.test.context.junit.jupiter.SpringExtension.afterEach(SpringExtension.java:274) ~[spring-test-6.2.10.jar:6.2.10]
	at org.junit.jupiter.engine.descriptor.TestMethodTestDescriptor.lambda$invokeAfterEachCallbacks$12(TestMethodTestDescriptor.java:259) ~[junit-jupiter-engine-5.12.2.jar:5.12.2]
	at org.junit.jupiter.engine.descriptor.TestMethodTestDescriptor.lambda$invokeAllAfterMethodsOrCallbacks$13(TestMethodTestDescriptor.java:275) ~[junit-jupiter-engine-5.12.2.jar:5.12.2]
	at org.junit.platform.engine.support.hierarchical.ThrowableCollector.execute(ThrowableCollector.java:73) ~[junit-platform-engine-1.12.2.jar:1.12.2]
	at org.junit.jupiter.engine.descriptor.TestMethodTestDescriptor.lambda$invokeAllAfterMethodsOrCallbacks$14(TestMethodTestDescriptor.java:275) ~[junit-jupiter-engine-5.12.2.jar:5.12.2]
	at org.junit.platform.commons.util.CollectionUtils.forEachInReverseOrder(CollectionUtils.java:239) ~[junit-platform-commons-1.12.2.jar:1.12.2]
	at org.junit.jupiter.engine.descriptor.TestMethodTestDescriptor.invokeAllAfterMethodsOrCallbacks(TestMethodTestDescriptor.java:274) ~[junit-jupiter-engine-5.12.2.jar:5.12.2]
	at org.junit.jupiter.engine.descriptor.TestMethodTestDescriptor.invokeAfterEachCallbacks(TestMethodTestDescriptor.java:258) ~[junit-jupiter-engine-5.12.2.jar:5.12.2]
	at org.junit.jupiter.engine.descriptor.TestMethodTestDescriptor.execute(TestMethodTestDescriptor.java:143) ~[junit-jupiter-engine-5.12.2.jar:5.12.2]
	at org.junit.jupiter.engine.descriptor.TestMethodTestDescriptor.execute(TestMethodTestDescriptor.java:69) ~[junit-jupiter-engine-5.12.2.jar:5.12.2]
	at org.junit.platform.engine.support.hierarchical.NodeTestTask.lambda$executeRecursively$6(NodeTestTask.java:156) ~[junit-platform-engine-1.12.2.jar:1.12.2]
	at org.junit.platform.engine.support.hierarchical.ThrowableCollector.execute(ThrowableCollector.java:73) ~[junit-platform-engine-1.12.2.jar:1.12.2]
	at org.junit.platform.engine.support.hierarchical.NodeTestTask.lambda$executeRecursively$8(NodeTestTask.java:146) ~[junit-platform-engine-1.12.2.jar:1.12.2]
	at org.junit.platform.engine.support.hierarchical.Node.around(Node.java:137) ~[junit-platform-engine-1.12.2.jar:1.12.2]
	at org.junit.platform.engine.support.hierarchical.NodeTestTask.lambda$executeRecursively$9(NodeTestTask.java:144) ~[junit-platform-engine-1.12.2.jar:1.12.2]
	at org.junit.platform.engine.support.hierarchical.ThrowableCollector.execute(ThrowableCollector.java:73) ~[junit-platform-engine-1.12.2.jar:1.12.2]
	at org.junit.platform.engine.support.hierarchical.NodeTestTask.executeRecursively(NodeTestTask.java:143) ~[junit-platform-engine-1.12.2.jar:1.12.2]
	at org.junit.platform.engine.support.hierarchical.NodeTestTask.execute(NodeTestTask.java:100) ~[junit-platform-engine-1.12.2.jar:1.12.2]
	at java.base/java.util.ArrayList.forEach(ArrayList.java:1604) ~[na:na]
	at org.junit.platform.engine.support.hierarchical.SameThreadHierarchicalTestExecutorService.invokeAll(SameThreadHierarchicalTestExecutorService.java:41) ~[junit-platform-engine-1.12.2.jar:1.12.2]
	at org.junit.platform.engine.support.hierarchical.NodeTestTask.lambda$executeRecursively$6(NodeTestTask.java:160) ~[junit-platform-engine-1.12.2.jar:1.12.2]
	at org.junit.platform.engine.support.hierarchical.ThrowableCollector.execute(ThrowableCollector.java:73) ~[junit-platform-engine-1.12.2.jar:1.12.2]
	at org.junit.platform.engine.support.hierarchical.NodeTestTask.lambda$executeRecursively$8(NodeTestTask.java:146) ~[junit-platform-engine-1.12.2.jar:1.12.2]
	at org.junit.platform.engine.support.hierarchical.Node.around(Node.java:137) ~[junit-platform-engine-1.12.2.jar:1.12.2]
	at org.junit.platform.engine.support.hierarchical.NodeTestTask.lambda$executeRecursively$9(NodeTestTask.java:144) ~[junit-platform-engine-1.12.2.jar:1.12.2]
	at org.junit.platform.engine.support.hierarchical.ThrowableCollector.execute(ThrowableCollector.java:73) ~[junit-platform-engine-1.12.2.jar:1.12.2]
	at org.junit.platform.engine.support.hierarchical.NodeTestTask.executeRecursively(NodeTestTask.java:143) ~[junit-platform-engine-1.12.2.jar:1.12.2]
	at org.junit.platform.engine.support.hierarchical.NodeTestTask.execute(NodeTestTask.java:100) ~[junit-platform-engine-1.12.2.jar:1.12.2]
	at java.base/java.util.ArrayList.forEach(ArrayList.java:1604) ~[na:na]
	at org.junit.platform.engine.support.hierarchical.SameThreadHierarchicalTestExecutorService.invokeAll(SameThreadHierarchicalTestExecutorService.java:41) ~[junit-platform-engine-1.12.2.jar:1.12.2]
	at org.junit.platform.engine.support.hierarchical.NodeTestTask.lambda$executeRecursively$6(NodeTestTask.java:160) ~[junit-platform-engine-1.12.2.jar:1.12.2]
	at org.junit.platform.engine.support.hierarchical.ThrowableCollector.execute(ThrowableCollector.java:73) ~[junit-platform-engine-1.12.2.jar:1.12.2]
	at org.junit.platform.engine.support.hierarchical.NodeTestTask.lambda$executeRecursively$8(NodeTestTask.java:146) ~[junit-platform-engine-1.12.2.jar:1.12.2]
	at org.junit.platform.engine.support.hierarchical.Node.around(Node.java:137) ~[junit-platform-engine-1.12.2.jar:1.12.2]
	at org.junit.platform.engine.support.hierarchical.NodeTestTask.lambda$executeRecursively$9(NodeTestTask.java:144) ~[junit-platform-engine-1.12.2.jar:1.12.2]
	at org.junit.platform.engine.support.hierarchical.ThrowableCollector.execute(ThrowableCollector.java:73) ~[junit-platform-engine-1.12.2.jar:1.12.2]
	at org.junit.platform.engine.support.hierarchical.NodeTestTask.executeRecursively(NodeTestTask.java:143) ~[junit-platform-engine-1.12.2.jar:1.12.2]
	at org.junit.platform.engine.support.hierarchical.NodeTestTask.execute(NodeTestTask.java:100) ~[junit-platform-engine-1.12.2.jar:1.12.2]
	at org.junit.platform.engine.support.hierarchical.SameThreadHierarchicalTestExecutorService.submit(SameThreadHierarchicalTestExecutorService.java:35) ~[junit-platform-engine-1.12.2.jar:1.12.2]
	at org.junit.platform.engine.support.hierarchical.HierarchicalTestExecutor.execute(HierarchicalTestExecutor.java:57) ~[junit-platform-engine-1.12.2.jar:1.12.2]
	at org.junit.platform.engine.support.hierarchical.HierarchicalTestEngine.execute(HierarchicalTestEngine.java:54) ~[junit-platform-engine-1.12.2.jar:1.12.2]
	at org.junit.platform.launcher.core.EngineExecutionOrchestrator.execute(EngineExecutionOrchestrator.java:201) ~[junit-platform-launcher-1.12.2.jar:1.12.2]
	at org.junit.platform.launcher.core.EngineExecutionOrchestrator.execute(EngineExecutionOrchestrator.java:170) ~[junit-platform-launcher-1.12.2.jar:1.12.2]
	at org.junit.platform.launcher.core.EngineExecutionOrchestrator.execute(EngineExecutionOrchestrator.java:94) ~[junit-platform-launcher-1.12.2.jar:1.12.2]
	at org.junit.platform.launcher.core.EngineExecutionOrchestrator.lambda$execute$0(EngineExecutionOrchestrator.java:59) ~[junit-platform-launcher-1.12.2.jar:1.12.2]
	at org.junit.platform.launcher.core.EngineExecutionOrchestrator.withInterceptedStreams(EngineExecutionOrchestrator.java:142) ~[junit-platform-launcher-1.12.2.jar:1.12.2]
	at org.junit.platform.launcher.core.EngineExecutionOrchestrator.execute(EngineExecutionOrchestrator.java:58) ~[junit-platform-launcher-1.12.2.jar:1.12.2]
	at org.junit.platform.launcher.core.DefaultLauncher.execute(DefaultLauncher.java:103) ~[junit-platform-launcher-1.12.2.jar:1.12.2]
	at org.junit.platform.launcher.core.DefaultLauncher.execute(DefaultLauncher.java:85) ~[junit-platform-launcher-1.12.2.jar:1.12.2]
	at org.junit.platform.launcher.core.DelegatingLauncher.execute(DelegatingLauncher.java:47) ~[junit-platform-launcher-1.12.2.jar:1.12.2]
	at org.junit.platform.launcher.core.InterceptingLauncher.lambda$execute$1(InterceptingLauncher.java:39) ~[junit-platform-launcher-1.12.2.jar:1.12.2]
	at org.junit.platform.launcher.core.ClasspathAlignmentCheckingLauncherInterceptor.intercept(ClasspathAlignmentCheckingLauncherInterceptor.java:25) ~[junit-platform-launcher-1.12.2.jar:1.12.2]
	at org.junit.platform.launcher.core.InterceptingLauncher.execute(InterceptingLauncher.java:38) ~[junit-platform-launcher-1.12.2.jar:1.12.2]
	at org.junit.platform.launcher.core.DelegatingLauncher.execute(DelegatingLauncher.java:47) ~[junit-platform-launcher-1.12.2.jar:1.12.2]
	at org.junit.platform.launcher.core.SessionPerRequestLauncher.execute(SessionPerRequestLauncher.java:63) ~[junit-platform-launcher-1.12.2.jar:1.12.2]
	at com.intellij.junit5.JUnit5IdeaTestRunner.startRunnerWithArgs(JUnit5IdeaTestRunner.java:66) ~[junit5-rt.jar:na]
	at com.intellij.rt.junit.IdeaTestRunner$Repeater$1.execute(IdeaTestRunner.java:38) ~[junit-rt.jar:na]
	at com.intellij.rt.execution.junit.TestsRepeater.repeat(TestsRepeater.java:11) ~[idea_rt.jar:na]
	at com.intellij.rt.junit.IdeaTestRunner$Repeater.startRunnerWithArgs(IdeaTestRunner.java:35) ~[junit-rt.jar:na]
	at com.intellij.rt.junit.JUnitStarter.prepareStreamsAndStart(JUnitStarter.java:237) ~[junit-rt.jar:na]
	at com.intellij.rt.junit.JUnitStarter.main(JUnitStarter.java:58) ~[junit-rt.jar:na]
Caused by: java.lang.IllegalStateException: Internal problem occurred, please report it. Mockito is unable to load the default implementation of class that is a part of Mockito distribution. Failed to load interface org.mockito.plugins.MockMaker
	at org.mockito.internal.configuration.plugins.DefaultMockitoPlugins.create(DefaultMockitoPlugins.java:105) ~[mockito-core-5.17.0.jar:na]
	at org.mockito.internal.configuration.plugins.DefaultMockitoPlugins.getDefaultPlugin(DefaultMockitoPlugins.java:79) ~[mockito-core-5.17.0.jar:na]
	at org.mockito.internal.configuration.plugins.PluginLoader.loadPlugin(PluginLoader.java:75) ~[mockito-core-5.17.0.jar:na]
	at org.mockito.internal.configuration.plugins.PluginLoader.loadPlugin(PluginLoader.java:49) ~[mockito-core-5.17.0.jar:na]
	at org.mockito.internal.configuration.plugins.PluginRegistry.<init>(PluginRegistry.java:29) ~[mockito-core-5.17.0.jar:na]
	at org.mockito.internal.configuration.plugins.Plugins.<clinit>(Plugins.java:26) ~[mockito-core-5.17.0.jar:na]
	at org.mockito.internal.MockitoCore.<clinit>(MockitoCore.java:71) ~[mockito-core-5.17.0.jar:na]
	at org.mockito.Mockito.<clinit>(Mockito.java:1777) ~[mockito-core-5.17.0.jar:na]
	at org.springframework.boot.test.mock.mockito.MockReset.get(MockReset.java:108) ~[spring-boot-test-3.5.5.jar:3.5.5]
	at org.springframework.boot.test.mock.mockito.ResetMocksTestExecutionListener.resetMocks(ResetMocksTestExecutionListener.java:89) ~[spring-boot-test-3.5.5.jar:3.5.5]
	at org.springframework.boot.test.mock.mockito.ResetMocksTestExecutionListener.resetMocks(ResetMocksTestExecutionListener.java:77) ~[spring-boot-test-3.5.5.jar:3.5.5]
	at org.springframework.boot.test.mock.mockito.ResetMocksTestExecutionListener.beforeTestMethod(ResetMocksTestExecutionListener.java:64) ~[spring-boot-test-3.5.5.jar:3.5.5]
	at org.springframework.test.context.TestContextManager.beforeTestMethod(TestContextManager.java:320) ~[spring-test-6.2.10.jar:6.2.10]
	at org.springframework.test.context.junit.jupiter.SpringExtension.beforeEach(SpringExtension.java:236) ~[spring-test-6.2.10.jar:6.2.10]
	at java.base/java.util.ArrayList.forEach(ArrayList.java:1604) ~[na:na]
	at java.base/java.util.ArrayList.forEach(ArrayList.java:1604) ~[na:na]
Caused by: java.lang.reflect.InvocationTargetException: null
	at java.base/java.lang.reflect.Constructor.newInstanceWithCaller(Constructor.java:499) ~[na:na]
	at java.base/java.lang.reflect.Constructor.newInstance(Constructor.java:483) ~[na:na]
	at org.mockito.internal.configuration.plugins.DefaultMockitoPlugins.create(DefaultMockitoPlugins.java:103) ~[mockito-core-5.17.0.jar:na]
	... 15 common frames omitted
Caused by: org.mockito.exceptions.base.MockitoInitializationException: 
Could not initialize inline Byte Buddy mock maker.

It appears as if your JDK does not supply a working agent attachment mechanism.
Java               : 24
JVM vendor name    : Oracle Corporation
JVM vendor version : 24.0.2+11-jvmci-b01
JVM name           : Java HotSpot(TM) 64-Bit Server VM
JVM version        : 24.0.2+11-jvmci-b01
JVM info           : mixed mode, sharing
OS name            : Windows 10
OS version         : 10.0

	at org.mockito.internal.creation.bytebuddy.InlineDelegateByteBuddyMockMaker.<init>(InlineDelegateByteBuddyMockMaker.java:275) ~[mockito-core-5.17.0.jar:na]
	at org.mockito.internal.creation.bytebuddy.InlineByteBuddyMockMaker.<init>(InlineByteBuddyMockMaker.java:23) ~[mockito-core-5.17.0.jar:na]
	... 18 common frames omitted
Caused by: java.lang.IllegalStateException: Could not self-attach to current VM using external process - set a property net.bytebuddy.agent.attacher.dump to dump the process output to a file at the specified location
	at net.bytebuddy.agent.ByteBuddyAgent.installExternal(ByteBuddyAgent.java:672) ~[byte-buddy-agent-1.17.7.jar:na]
	at net.bytebuddy.agent.ByteBuddyAgent.install(ByteBuddyAgent.java:599) ~[byte-buddy-agent-1.17.7.jar:na]
	at net.bytebuddy.agent.ByteBuddyAgent.install(ByteBuddyAgent.java:579) ~[byte-buddy-agent-1.17.7.jar:na]
	at net.bytebuddy.agent.ByteBuddyAgent.install(ByteBuddyAgent.java:531) ~[byte-buddy-agent-1.17.7.jar:na]
	at net.bytebuddy.agent.ByteBuddyAgent.install(ByteBuddyAgent.java:508) ~[byte-buddy-agent-1.17.7.jar:na]
	at org.mockito.internal.PremainAttachAccess.getInstrumentation(PremainAttachAccess.java:80) ~[mockito-core-5.17.0.jar:na]
	at org.mockito.internal.creation.bytebuddy.InlineDelegateByteBuddyMockMaker.<clinit>(InlineDelegateByteBuddyMockMaker.java:138) ~[mockito-core-5.17.0.jar:na]
	... 19 common frames omitted

2025-11-04T16:40:08.684+03:00  WARN 18696 --- [medical-center-userservice] [main] o.s.test.context.TestContextManager      : Caught exception while invoking 'beforeTestMethod' callback on TestExecutionListener [org.springframework.boot.test.mock.mockito.ResetMocksTestExecutionListener] for test method [void medicalcenter.userservice.repository.DoctorRepositoryTests.updateById_WithNonExistingId_ShouldReturnZero()] and test instance [medicalcenter.userservice.repository.DoctorRepositoryTests@59f0f273]

java.lang.IllegalStateException: Could not initialize plugin: interface org.mockito.plugins.MockMaker (alternate: null)
	at org.mockito.internal.configuration.plugins.PluginLoader$1.invoke(PluginLoader.java:85) ~[mockito-core-5.17.0.jar:na]
	at jdk.proxy1/jdk.proxy1.$Proxy150.getHandler(Unknown Source) ~[na:na]
	at org.mockito.internal.util.MockUtil.getMockHandlerOrNull(MockUtil.java:158) ~[mockito-core-5.17.0.jar:na]
	at org.mockito.internal.util.MockUtil.isMock(MockUtil.java:147) ~[mockito-core-5.17.0.jar:na]
	at org.mockito.internal.util.DefaultMockingDetails.isMock(DefaultMockingDetails.java:32) ~[mockito-core-5.17.0.jar:na]
	at org.springframework.boot.test.mock.mockito.MockReset.get(MockReset.java:109) ~[spring-boot-test-3.5.5.jar:3.5.5]
	at org.springframework.boot.test.mock.mockito.ResetMocksTestExecutionListener.resetMocks(ResetMocksTestExecutionListener.java:89) ~[spring-boot-test-3.5.5.jar:3.5.5]
	at org.springframework.boot.test.mock.mockito.ResetMocksTestExecutionListener.resetMocks(ResetMocksTestExecutionListener.java:77) ~[spring-boot-test-3.5.5.jar:3.5.5]
	at org.springframework.boot.test.mock.mockito.ResetMocksTestExecutionListener.beforeTestMethod(ResetMocksTestExecutionListener.java:64) ~[spring-boot-test-3.5.5.jar:3.5.5]
	at org.springframework.test.context.TestContextManager.beforeTestMethod(TestContextManager.java:320) ~[spring-test-6.2.10.jar:6.2.10]
	at org.springframework.test.context.junit.jupiter.SpringExtension.beforeEach(SpringExtension.java:236) ~[spring-test-6.2.10.jar:6.2.10]
	at org.junit.jupiter.engine.descriptor.TestMethodTestDescriptor.lambda$invokeBeforeEachCallbacks$2(TestMethodTestDescriptor.java:165) ~[junit-jupiter-engine-5.12.2.jar:5.12.2]
	at org.junit.jupiter.engine.descriptor.TestMethodTestDescriptor.lambda$invokeBeforeMethodsOrCallbacksUntilExceptionOccurs$6(TestMethodTestDescriptor.java:201) ~[junit-jupiter-engine-5.12.2.jar:5.12.2]
	at org.junit.platform.engine.support.hierarchical.ThrowableCollector.execute(ThrowableCollector.java:73) ~[junit-platform-engine-1.12.2.jar:1.12.2]
	at org.junit.jupiter.engine.descriptor.TestMethodTestDescriptor.invokeBeforeMethodsOrCallbacksUntilExceptionOccurs(TestMethodTestDescriptor.java:201) ~[junit-jupiter-engine-5.12.2.jar:5.12.2]
	at org.junit.jupiter.engine.descriptor.TestMethodTestDescriptor.invokeBeforeEachCallbacks(TestMethodTestDescriptor.java:164) ~[junit-jupiter-engine-5.12.2.jar:5.12.2]
	at org.junit.jupiter.engine.descriptor.TestMethodTestDescriptor.execute(TestMethodTestDescriptor.java:131) ~[junit-jupiter-engine-5.12.2.jar:5.12.2]
	at org.junit.jupiter.engine.descriptor.TestMethodTestDescriptor.execute(TestMethodTestDescriptor.java:69) ~[junit-jupiter-engine-5.12.2.jar:5.12.2]
	at org.junit.platform.engine.support.hierarchical.NodeTestTask.lambda$executeRecursively$6(NodeTestTask.java:156) ~[junit-platform-engine-1.12.2.jar:1.12.2]
	at org.junit.platform.engine.support.hierarchical.ThrowableCollector.execute(ThrowableCollector.java:73) ~[junit-platform-engine-1.12.2.jar:1.12.2]
	at org.junit.platform.engine.support.hierarchical.NodeTestTask.lambda$executeRecursively$8(NodeTestTask.java:146) ~[junit-platform-engine-1.12.2.jar:1.12.2]
	at org.junit.platform.engine.support.hierarchical.Node.around(Node.java:137) ~[junit-platform-engine-1.12.2.jar:1.12.2]
	at org.junit.platform.engine.support.hierarchical.NodeTestTask.lambda$executeRecursively$9(NodeTestTask.java:144) ~[junit-platform-engine-1.12.2.jar:1.12.2]
	at org.junit.platform.engine.support.hierarchical.ThrowableCollector.execute(ThrowableCollector.java:73) ~[junit-platform-engine-1.12.2.jar:1.12.2]
	at org.junit.platform.engine.support.hierarchical.NodeTestTask.executeRecursively(NodeTestTask.java:143) ~[junit-platform-engine-1.12.2.jar:1.12.2]
	at org.junit.platform.engine.support.hierarchical.NodeTestTask.execute(NodeTestTask.java:100) ~[junit-platform-engine-1.12.2.jar:1.12.2]
	at java.base/java.util.ArrayList.forEach(ArrayList.java:1604) ~[na:na]
	at org.junit.platform.engine.support.hierarchical.SameThreadHierarchicalTestExecutorService.invokeAll(SameThreadHierarchicalTestExecutorService.java:41) ~[junit-platform-engine-1.12.2.jar:1.12.2]
	at org.junit.platform.engine.support.hierarchical.NodeTestTask.lambda$executeRecursively$6(NodeTestTask.java:160) ~[junit-platform-engine-1.12.2.jar:1.12.2]
	at org.junit.platform.engine.support.hierarchical.ThrowableCollector.execute(ThrowableCollector.java:73) ~[junit-platform-engine-1.12.2.jar:1.12.2]
	at org.junit.platform.engine.support.hierarchical.NodeTestTask.lambda$executeRecursively$8(NodeTestTask.java:146) ~[junit-platform-engine-1.12.2.jar:1.12.2]
	at org.junit.platform.engine.support.hierarchical.Node.around(Node.java:137) ~[junit-platform-engine-1.12.2.jar:1.12.2]
	at org.junit.platform.engine.support.hierarchical.NodeTestTask.lambda$executeRecursively$9(NodeTestTask.java:144) ~[junit-platform-engine-1.12.2.jar:1.12.2]
	at org.junit.platform.engine.support.hierarchical.ThrowableCollector.execute(ThrowableCollector.java:73) ~[junit-platform-engine-1.12.2.jar:1.12.2]
	at org.junit.platform.engine.support.hierarchical.NodeTestTask.executeRecursively(NodeTestTask.java:143) ~[junit-platform-engine-1.12.2.jar:1.12.2]
	at org.junit.platform.engine.support.hierarchical.NodeTestTask.execute(NodeTestTask.java:100) ~[junit-platform-engine-1.12.2.jar:1.12.2]
	at java.base/java.util.ArrayList.forEach(ArrayList.java:1604) ~[na:na]
	at org.junit.platform.engine.support.hierarchical.SameThreadHierarchicalTestExecutorService.invokeAll(SameThreadHierarchicalTestExecutorService.java:41) ~[junit-platform-engine-1.12.2.jar:1.12.2]
	at org.junit.platform.engine.support.hierarchical.NodeTestTask.lambda$executeRecursively$6(NodeTestTask.java:160) ~[junit-platform-engine-1.12.2.jar:1.12.2]
	at org.junit.platform.engine.support.hierarchical.ThrowableCollector.execute(ThrowableCollector.java:73) ~[junit-platform-engine-1.12.2.jar:1.12.2]
	at org.junit.platform.engine.support.hierarchical.NodeTestTask.lambda$executeRecursively$8(NodeTestTask.java:146) ~[junit-platform-engine-1.12.2.jar:1.12.2]
	at org.junit.platform.engine.support.hierarchical.Node.around(Node.java:137) ~[junit-platform-engine-1.12.2.jar:1.12.2]
	at org.junit.platform.engine.support.hierarchical.NodeTestTask.lambda$executeRecursively$9(NodeTestTask.java:144) ~[junit-platform-engine-1.12.2.jar:1.12.2]
	at org.junit.platform.engine.support.hierarchical.ThrowableCollector.execute(ThrowableCollector.java:73) ~[junit-platform-engine-1.12.2.jar:1.12.2]
	at org.junit.platform.engine.support.hierarchical.NodeTestTask.executeRecursively(NodeTestTask.java:143) ~[junit-platform-engine-1.12.2.jar:1.12.2]
	at org.junit.platform.engine.support.hierarchical.NodeTestTask.execute(NodeTestTask.java:100) ~[junit-platform-engine-1.12.2.jar:1.12.2]
	at org.junit.platform.engine.support.hierarchical.SameThreadHierarchicalTestExecutorService.submit(SameThreadHierarchicalTestExecutorService.java:35) ~[junit-platform-engine-1.12.2.jar:1.12.2]
	at org.junit.platform.engine.support.hierarchical.HierarchicalTestExecutor.execute(HierarchicalTestExecutor.java:57) ~[junit-platform-engine-1.12.2.jar:1.12.2]
	at org.junit.platform.engine.support.hierarchical.HierarchicalTestEngine.execute(HierarchicalTestEngine.java:54) ~[junit-platform-engine-1.12.2.jar:1.12.2]
	at org.junit.platform.launcher.core.EngineExecutionOrchestrator.execute(EngineExecutionOrchestrator.java:201) ~[junit-platform-launcher-1.12.2.jar:1.12.2]
	at org.junit.platform.launcher.core.EngineExecutionOrchestrator.execute(EngineExecutionOrchestrator.java:170) ~[junit-platform-launcher-1.12.2.jar:1.12.2]
	at org.junit.platform.launcher.core.EngineExecutionOrchestrator.execute(EngineExecutionOrchestrator.java:94) ~[junit-platform-launcher-1.12.2.jar:1.12.2]
	at org.junit.platform.launcher.core.EngineExecutionOrchestrator.lambda$execute$0(EngineExecutionOrchestrator.java:59) ~[junit-platform-launcher-1.12.2.jar:1.12.2]
	at org.junit.platform.launcher.core.EngineExecutionOrchestrator.withInterceptedStreams(EngineExecutionOrchestrator.java:142) ~[junit-platform-launcher-1.12.2.jar:1.12.2]
	at org.junit.platform.launcher.core.EngineExecutionOrchestrator.execute(EngineExecutionOrchestrator.java:58) ~[junit-platform-launcher-1.12.2.jar:1.12.2]
	at org.junit.platform.launcher.core.DefaultLauncher.execute(DefaultLauncher.java:103) ~[junit-platform-launcher-1.12.2.jar:1.12.2]
	at org.junit.platform.launcher.core.DefaultLauncher.execute(DefaultLauncher.java:85) ~[junit-platform-launcher-1.12.2.jar:1.12.2]
	at org.junit.platform.launcher.core.DelegatingLauncher.execute(DelegatingLauncher.java:47) ~[junit-platform-launcher-1.12.2.jar:1.12.2]
	at org.junit.platform.launcher.core.InterceptingLauncher.lambda$execute$1(InterceptingLauncher.java:39) ~[junit-platform-launcher-1.12.2.jar:1.12.2]
	at org.junit.platform.launcher.core.ClasspathAlignmentCheckingLauncherInterceptor.intercept(ClasspathAlignmentCheckingLauncherInterceptor.java:25) ~[junit-platform-launcher-1.12.2.jar:1.12.2]
	at org.junit.platform.launcher.core.InterceptingLauncher.execute(InterceptingLauncher.java:38) ~[junit-platform-launcher-1.12.2.jar:1.12.2]
	at org.junit.platform.launcher.core.DelegatingLauncher.execute(DelegatingLauncher.java:47) ~[junit-platform-launcher-1.12.2.jar:1.12.2]
	at org.junit.platform.launcher.core.SessionPerRequestLauncher.execute(SessionPerRequestLauncher.java:63) ~[junit-platform-launcher-1.12.2.jar:1.12.2]
	at com.intellij.junit5.JUnit5IdeaTestRunner.startRunnerWithArgs(JUnit5IdeaTestRunner.java:66) ~[junit5-rt.jar:na]
	at com.intellij.rt.junit.IdeaTestRunner$Repeater$1.execute(IdeaTestRunner.java:38) ~[junit-rt.jar:na]
	at com.intellij.rt.execution.junit.TestsRepeater.repeat(TestsRepeater.java:11) ~[idea_rt.jar:na]
	at com.intellij.rt.junit.IdeaTestRunner$Repeater.startRunnerWithArgs(IdeaTestRunner.java:35) ~[junit-rt.jar:na]
	at com.intellij.rt.junit.JUnitStarter.prepareStreamsAndStart(JUnitStarter.java:237) ~[junit-rt.jar:na]
	at com.intellij.rt.junit.JUnitStarter.main(JUnitStarter.java:58) ~[junit-rt.jar:na]
Caused by: java.lang.IllegalStateException: Internal problem occurred, please report it. Mockito is unable to load the default implementation of class that is a part of Mockito distribution. Failed to load interface org.mockito.plugins.MockMaker
	at org.mockito.internal.configuration.plugins.DefaultMockitoPlugins.create(DefaultMockitoPlugins.java:105) ~[mockito-core-5.17.0.jar:na]
	at org.mockito.internal.configuration.plugins.DefaultMockitoPlugins.getDefaultPlugin(DefaultMockitoPlugins.java:79) ~[mockito-core-5.17.0.jar:na]
	at org.mockito.internal.configuration.plugins.PluginLoader.loadPlugin(PluginLoader.java:75) ~[mockito-core-5.17.0.jar:na]
	at org.mockito.internal.configuration.plugins.PluginLoader.loadPlugin(PluginLoader.java:49) ~[mockito-core-5.17.0.jar:na]
	at org.mockito.internal.configuration.plugins.PluginRegistry.<init>(PluginRegistry.java:29) ~[mockito-core-5.17.0.jar:na]
	at org.mockito.internal.configuration.plugins.Plugins.<clinit>(Plugins.java:26) ~[mockito-core-5.17.0.jar:na]
	at org.mockito.internal.MockitoCore.<clinit>(MockitoCore.java:71) ~[mockito-core-5.17.0.jar:na]
	at org.mockito.Mockito.<clinit>(Mockito.java:1777) ~[mockito-core-5.17.0.jar:na]
	at org.springframework.boot.test.mock.mockito.MockReset.get(MockReset.java:108) ~[spring-boot-test-3.5.5.jar:3.5.5]
	at org.springframework.boot.test.mock.mockito.ResetMocksTestExecutionListener.resetMocks(ResetMocksTestExecutionListener.java:89) ~[spring-boot-test-3.5.5.jar:3.5.5]
	at org.springframework.boot.test.mock.mockito.ResetMocksTestExecutionListener.resetMocks(ResetMocksTestExecutionListener.java:77) ~[spring-boot-test-3.5.5.jar:3.5.5]
	at org.springframework.boot.test.mock.mockito.ResetMocksTestExecutionListener.beforeTestMethod(ResetMocksTestExecutionListener.java:64) ~[spring-boot-test-3.5.5.jar:3.5.5]
	at org.springframework.test.context.TestContextManager.beforeTestMethod(TestContextManager.java:320) ~[spring-test-6.2.10.jar:6.2.10]
	at org.springframework.test.context.junit.jupiter.SpringExtension.beforeEach(SpringExtension.java:236) ~[spring-test-6.2.10.jar:6.2.10]
	at java.base/java.util.ArrayList.forEach(ArrayList.java:1604) ~[na:na]
	at java.base/java.util.ArrayList.forEach(ArrayList.java:1604) ~[na:na]
Caused by: java.lang.reflect.InvocationTargetException: null
	at java.base/java.lang.reflect.Constructor.newInstanceWithCaller(Constructor.java:499) ~[na:na]
	at java.base/java.lang.reflect.Constructor.newInstance(Constructor.java:483) ~[na:na]
	at org.mockito.internal.configuration.plugins.DefaultMockitoPlugins.create(DefaultMockitoPlugins.java:103) ~[mockito-core-5.17.0.jar:na]
	... 15 common frames omitted
Caused by: org.mockito.exceptions.base.MockitoInitializationException: 
Could not initialize inline Byte Buddy mock maker.

It appears as if your JDK does not supply a working agent attachment mechanism.
Java               : 24
JVM vendor name    : Oracle Corporation
JVM vendor version : 24.0.2+11-jvmci-b01
JVM name           : Java HotSpot(TM) 64-Bit Server VM
JVM version        : 24.0.2+11-jvmci-b01
JVM info           : mixed mode, sharing
OS name            : Windows 10
OS version         : 10.0

	at org.mockito.internal.creation.bytebuddy.InlineDelegateByteBuddyMockMaker.<init>(InlineDelegateByteBuddyMockMaker.java:275) ~[mockito-core-5.17.0.jar:na]
	at org.mockito.internal.creation.bytebuddy.InlineByteBuddyMockMaker.<init>(InlineByteBuddyMockMaker.java:23) ~[mockito-core-5.17.0.jar:na]
	... 18 common frames omitted
Caused by: java.lang.IllegalStateException: Could not self-attach to current VM using external process - set a property net.bytebuddy.agent.attacher.dump to dump the process output to a file at the specified location
	at net.bytebuddy.agent.ByteBuddyAgent.installExternal(ByteBuddyAgent.java:672) ~[byte-buddy-agent-1.17.7.jar:na]
	at net.bytebuddy.agent.ByteBuddyAgent.install(ByteBuddyAgent.java:599) ~[byte-buddy-agent-1.17.7.jar:na]
	at net.bytebuddy.agent.ByteBuddyAgent.install(ByteBuddyAgent.java:579) ~[byte-buddy-agent-1.17.7.jar:na]
	at net.bytebuddy.agent.ByteBuddyAgent.install(ByteBuddyAgent.java:531) ~[byte-buddy-agent-1.17.7.jar:na]
	at net.bytebuddy.agent.ByteBuddyAgent.install(ByteBuddyAgent.java:508) ~[byte-buddy-agent-1.17.7.jar:na]
	at org.mockito.internal.PremainAttachAccess.getInstrumentation(PremainAttachAccess.java:80) ~[mockito-core-5.17.0.jar:na]
	at org.mockito.internal.creation.bytebuddy.InlineDelegateByteBuddyMockMaker.<clinit>(InlineDelegateByteBuddyMockMaker.java:138) ~[mockito-core-5.17.0.jar:na]
	... 19 common frames omitted

2025-11-04T16:40:08.687+03:00  WARN 18696 --- [medical-center-userservice] [main] o.s.test.context.TestContextManager      : Caught exception while invoking 'afterTestMethod' callback on TestExecutionListener [org.springframework.boot.test.mock.mockito.ResetMocksTestExecutionListener] for test method [void medicalcenter.userservice.repository.DoctorRepositoryTests.updateById_WithNonExistingId_ShouldReturnZero()] and test instance [medicalcenter.userservice.repository.DoctorRepositoryTests@59f0f273]

java.lang.IllegalStateException: Could not initialize plugin: interface org.mockito.plugins.MockMaker (alternate: null)
	at org.mockito.internal.configuration.plugins.PluginLoader$1.invoke(PluginLoader.java:85) ~[mockito-core-5.17.0.jar:na]
	at jdk.proxy1/jdk.proxy1.$Proxy150.getHandler(Unknown Source) ~[na:na]
	at org.mockito.internal.util.MockUtil.getMockHandlerOrNull(MockUtil.java:158) ~[mockito-core-5.17.0.jar:na]
	at org.mockito.internal.util.MockUtil.isMock(MockUtil.java:147) ~[mockito-core-5.17.0.jar:na]
	at org.mockito.internal.util.DefaultMockingDetails.isMock(DefaultMockingDetails.java:32) ~[mockito-core-5.17.0.jar:na]
	at org.springframework.boot.test.mock.mockito.MockReset.get(MockReset.java:109) ~[spring-boot-test-3.5.5.jar:3.5.5]
	at org.springframework.boot.test.mock.mockito.ResetMocksTestExecutionListener.resetMocks(ResetMocksTestExecutionListener.java:89) ~[spring-boot-test-3.5.5.jar:3.5.5]
	at org.springframework.boot.test.mock.mockito.ResetMocksTestExecutionListener.resetMocks(ResetMocksTestExecutionListener.java:77) ~[spring-boot-test-3.5.5.jar:3.5.5]
	at org.springframework.boot.test.mock.mockito.ResetMocksTestExecutionListener.afterTestMethod(ResetMocksTestExecutionListener.java:71) ~[spring-boot-test-3.5.5.jar:3.5.5]
	at org.springframework.test.context.TestContextManager.afterTestMethod(TestContextManager.java:488) ~[spring-test-6.2.10.jar:6.2.10]
	at org.springframework.test.context.junit.jupiter.SpringExtension.afterEach(SpringExtension.java:274) ~[spring-test-6.2.10.jar:6.2.10]
	at org.junit.jupiter.engine.descriptor.TestMethodTestDescriptor.lambda$invokeAfterEachCallbacks$12(TestMethodTestDescriptor.java:259) ~[junit-jupiter-engine-5.12.2.jar:5.12.2]
	at org.junit.jupiter.engine.descriptor.TestMethodTestDescriptor.lambda$invokeAllAfterMethodsOrCallbacks$13(TestMethodTestDescriptor.java:275) ~[junit-jupiter-engine-5.12.2.jar:5.12.2]
	at org.junit.platform.engine.support.hierarchical.ThrowableCollector.execute(ThrowableCollector.java:73) ~[junit-platform-engine-1.12.2.jar:1.12.2]
	at org.junit.jupiter.engine.descriptor.TestMethodTestDescriptor.lambda$invokeAllAfterMethodsOrCallbacks$14(TestMethodTestDescriptor.java:275) ~[junit-jupiter-engine-5.12.2.jar:5.12.2]
	at org.junit.platform.commons.util.CollectionUtils.forEachInReverseOrder(CollectionUtils.java:239) ~[junit-platform-commons-1.12.2.jar:1.12.2]
	at org.junit.jupiter.engine.descriptor.TestMethodTestDescriptor.invokeAllAfterMethodsOrCallbacks(TestMethodTestDescriptor.java:274) ~[junit-jupiter-engine-5.12.2.jar:5.12.2]
	at org.junit.jupiter.engine.descriptor.TestMethodTestDescriptor.invokeAfterEachCallbacks(TestMethodTestDescriptor.java:258) ~[junit-jupiter-engine-5.12.2.jar:5.12.2]
	at org.junit.jupiter.engine.descriptor.TestMethodTestDescriptor.execute(TestMethodTestDescriptor.java:143) ~[junit-jupiter-engine-5.12.2.jar:5.12.2]
	at org.junit.jupiter.engine.descriptor.TestMethodTestDescriptor.execute(TestMethodTestDescriptor.java:69) ~[junit-jupiter-engine-5.12.2.jar:5.12.2]
	at org.junit.platform.engine.support.hierarchical.NodeTestTask.lambda$executeRecursively$6(NodeTestTask.java:156) ~[junit-platform-engine-1.12.2.jar:1.12.2]
	at org.junit.platform.engine.support.hierarchical.ThrowableCollector.execute(ThrowableCollector.java:73) ~[junit-platform-engine-1.12.2.jar:1.12.2]
	at org.junit.platform.engine.support.hierarchical.NodeTestTask.lambda$executeRecursively$8(NodeTestTask.java:146) ~[junit-platform-engine-1.12.2.jar:1.12.2]
	at org.junit.platform.engine.support.hierarchical.Node.around(Node.java:137) ~[junit-platform-engine-1.12.2.jar:1.12.2]
	at org.junit.platform.engine.support.hierarchical.NodeTestTask.lambda$executeRecursively$9(NodeTestTask.java:144) ~[junit-platform-engine-1.12.2.jar:1.12.2]
	at org.junit.platform.engine.support.hierarchical.ThrowableCollector.execute(ThrowableCollector.java:73) ~[junit-platform-engine-1.12.2.jar:1.12.2]
	at org.junit.platform.engine.support.hierarchical.NodeTestTask.executeRecursively(NodeTestTask.java:143) ~[junit-platform-engine-1.12.2.jar:1.12.2]
	at org.junit.platform.engine.support.hierarchical.NodeTestTask.execute(NodeTestTask.java:100) ~[junit-platform-engine-1.12.2.jar:1.12.2]
	at java.base/java.util.ArrayList.forEach(ArrayList.java:1604) ~[na:na]
	at org.junit.platform.engine.support.hierarchical.SameThreadHierarchicalTestExecutorService.invokeAll(SameThreadHierarchicalTestExecutorService.java:41) ~[junit-platform-engine-1.12.2.jar:1.12.2]
	at org.junit.platform.engine.support.hierarchical.NodeTestTask.lambda$executeRecursively$6(NodeTestTask.java:160) ~[junit-platform-engine-1.12.2.jar:1.12.2]
	at org.junit.platform.engine.support.hierarchical.ThrowableCollector.execute(ThrowableCollector.java:73) ~[junit-platform-engine-1.12.2.jar:1.12.2]
	at org.junit.platform.engine.support.hierarchical.NodeTestTask.lambda$executeRecursively$8(NodeTestTask.java:146) ~[junit-platform-engine-1.12.2.jar:1.12.2]
	at org.junit.platform.engine.support.hierarchical.Node.around(Node.java:137) ~[junit-platform-engine-1.12.2.jar:1.12.2]
	at org.junit.platform.engine.support.hierarchical.NodeTestTask.lambda$executeRecursively$9(NodeTestTask.java:144) ~[junit-platform-engine-1.12.2.jar:1.12.2]
	at org.junit.platform.engine.support.hierarchical.ThrowableCollector.execute(ThrowableCollector.java:73) ~[junit-platform-engine-1.12.2.jar:1.12.2]
	at org.junit.platform.engine.support.hierarchical.NodeTestTask.executeRecursively(NodeTestTask.java:143) ~[junit-platform-engine-1.12.2.jar:1.12.2]
	at org.junit.platform.engine.support.hierarchical.NodeTestTask.execute(NodeTestTask.java:100) ~[junit-platform-engine-1.12.2.jar:1.12.2]
	at java.base/java.util.ArrayList.forEach(ArrayList.java:1604) ~[na:na]
	at org.junit.platform.engine.support.hierarchical.SameThreadHierarchicalTestExecutorService.invokeAll(SameThreadHierarchicalTestExecutorService.java:41) ~[junit-platform-engine-1.12.2.jar:1.12.2]
	at org.junit.platform.engine.support.hierarchical.NodeTestTask.lambda$executeRecursively$6(NodeTestTask.java:160) ~[junit-platform-engine-1.12.2.jar:1.12.2]
	at org.junit.platform.engine.support.hierarchical.ThrowableCollector.execute(ThrowableCollector.java:73) ~[junit-platform-engine-1.12.2.jar:1.12.2]
	at org.junit.platform.engine.support.hierarchical.NodeTestTask.lambda$executeRecursively$8(NodeTestTask.java:146) ~[junit-platform-engine-1.12.2.jar:1.12.2]
	at org.junit.platform.engine.support.hierarchical.Node.around(Node.java:137) ~[junit-platform-engine-1.12.2.jar:1.12.2]
	at org.junit.platform.engine.support.hierarchical.NodeTestTask.lambda$executeRecursively$9(NodeTestTask.java:144) ~[junit-platform-engine-1.12.2.jar:1.12.2]
	at org.junit.platform.engine.support.hierarchical.ThrowableCollector.execute(ThrowableCollector.java:73) ~[junit-platform-engine-1.12.2.jar:1.12.2]
	at org.junit.platform.engine.support.hierarchical.NodeTestTask.executeRecursively(NodeTestTask.java:143) ~[junit-platform-engine-1.12.2.jar:1.12.2]
	at org.junit.platform.engine.support.hierarchical.NodeTestTask.execute(NodeTestTask.java:100) ~[junit-platform-engine-1.12.2.jar:1.12.2]
	at org.junit.platform.engine.support.hierarchical.SameThreadHierarchicalTestExecutorService.submit(SameThreadHierarchicalTestExecutorService.java:35) ~[junit-platform-engine-1.12.2.jar:1.12.2]
	at org.junit.platform.engine.support.hierarchical.HierarchicalTestExecutor.execute(HierarchicalTestExecutor.java:57) ~[junit-platform-engine-1.12.2.jar:1.12.2]
	at org.junit.platform.engine.support.hierarchical.HierarchicalTestEngine.execute(HierarchicalTestEngine.java:54) ~[junit-platform-engine-1.12.2.jar:1.12.2]
	at org.junit.platform.launcher.core.EngineExecutionOrchestrator.execute(EngineExecutionOrchestrator.java:201) ~[junit-platform-launcher-1.12.2.jar:1.12.2]
	at org.junit.platform.launcher.core.EngineExecutionOrchestrator.execute(EngineExecutionOrchestrator.java:170) ~[junit-platform-launcher-1.12.2.jar:1.12.2]
	at org.junit.platform.launcher.core.EngineExecutionOrchestrator.execute(EngineExecutionOrchestrator.java:94) ~[junit-platform-launcher-1.12.2.jar:1.12.2]
	at org.junit.platform.launcher.core.EngineExecutionOrchestrator.lambda$execute$0(EngineExecutionOrchestrator.java:59) ~[junit-platform-launcher-1.12.2.jar:1.12.2]
	at org.junit.platform.launcher.core.EngineExecutionOrchestrator.withInterceptedStreams(EngineExecutionOrchestrator.java:142) ~[junit-platform-launcher-1.12.2.jar:1.12.2]
	at org.junit.platform.launcher.core.EngineExecutionOrchestrator.execute(EngineExecutionOrchestrator.java:58) ~[junit-platform-launcher-1.12.2.jar:1.12.2]
	at org.junit.platform.launcher.core.DefaultLauncher.execute(DefaultLauncher.java:103) ~[junit-platform-launcher-1.12.2.jar:1.12.2]
	at org.junit.platform.launcher.core.DefaultLauncher.execute(DefaultLauncher.java:85) ~[junit-platform-launcher-1.12.2.jar:1.12.2]
	at org.junit.platform.launcher.core.DelegatingLauncher.execute(DelegatingLauncher.java:47) ~[junit-platform-launcher-1.12.2.jar:1.12.2]
	at org.junit.platform.launcher.core.InterceptingLauncher.lambda$execute$1(InterceptingLauncher.java:39) ~[junit-platform-launcher-1.12.2.jar:1.12.2]
	at org.junit.platform.launcher.core.ClasspathAlignmentCheckingLauncherInterceptor.intercept(ClasspathAlignmentCheckingLauncherInterceptor.java:25) ~[junit-platform-launcher-1.12.2.jar:1.12.2]
	at org.junit.platform.launcher.core.InterceptingLauncher.execute(InterceptingLauncher.java:38) ~[junit-platform-launcher-1.12.2.jar:1.12.2]
	at org.junit.platform.launcher.core.DelegatingLauncher.execute(DelegatingLauncher.java:47) ~[junit-platform-launcher-1.12.2.jar:1.12.2]
	at org.junit.platform.launcher.core.SessionPerRequestLauncher.execute(SessionPerRequestLauncher.java:63) ~[junit-platform-launcher-1.12.2.jar:1.12.2]
	at com.intellij.junit5.JUnit5IdeaTestRunner.startRunnerWithArgs(JUnit5IdeaTestRunner.java:66) ~[junit5-rt.jar:na]
	at com.intellij.rt.junit.IdeaTestRunner$Repeater$1.execute(IdeaTestRunner.java:38) ~[junit-rt.jar:na]
	at com.intellij.rt.execution.junit.TestsRepeater.repeat(TestsRepeater.java:11) ~[idea_rt.jar:na]
	at com.intellij.rt.junit.IdeaTestRunner$Repeater.startRunnerWithArgs(IdeaTestRunner.java:35) ~[junit-rt.jar:na]
	at com.intellij.rt.junit.JUnitStarter.prepareStreamsAndStart(JUnitStarter.java:237) ~[junit-rt.jar:na]
	at com.intellij.rt.junit.JUnitStarter.main(JUnitStarter.java:58) ~[junit-rt.jar:na]
Caused by: java.lang.IllegalStateException: Internal problem occurred, please report it. Mockito is unable to load the default implementation of class that is a part of Mockito distribution. Failed to load interface org.mockito.plugins.MockMaker
	at org.mockito.internal.configuration.plugins.DefaultMockitoPlugins.create(DefaultMockitoPlugins.java:105) ~[mockito-core-5.17.0.jar:na]
	at org.mockito.internal.configuration.plugins.DefaultMockitoPlugins.getDefaultPlugin(DefaultMockitoPlugins.java:79) ~[mockito-core-5.17.0.jar:na]
	at org.mockito.internal.configuration.plugins.PluginLoader.loadPlugin(PluginLoader.java:75) ~[mockito-core-5.17.0.jar:na]
	at org.mockito.internal.configuration.plugins.PluginLoader.loadPlugin(PluginLoader.java:49) ~[mockito-core-5.17.0.jar:na]
	at org.mockito.internal.configuration.plugins.PluginRegistry.<init>(PluginRegistry.java:29) ~[mockito-core-5.17.0.jar:na]
	at org.mockito.internal.configuration.plugins.Plugins.<clinit>(Plugins.java:26) ~[mockito-core-5.17.0.jar:na]
	at org.mockito.internal.MockitoCore.<clinit>(MockitoCore.java:71) ~[mockito-core-5.17.0.jar:na]
	at org.mockito.Mockito.<clinit>(Mockito.java:1777) ~[mockito-core-5.17.0.jar:na]
	at org.springframework.boot.test.mock.mockito.MockReset.get(MockReset.java:108) ~[spring-boot-test-3.5.5.jar:3.5.5]
	at org.springframework.boot.test.mock.mockito.ResetMocksTestExecutionListener.resetMocks(ResetMocksTestExecutionListener.java:89) ~[spring-boot-test-3.5.5.jar:3.5.5]
	at org.springframework.boot.test.mock.mockito.ResetMocksTestExecutionListener.resetMocks(ResetMocksTestExecutionListener.java:77) ~[spring-boot-test-3.5.5.jar:3.5.5]
	at org.springframework.boot.test.mock.mockito.ResetMocksTestExecutionListener.beforeTestMethod(ResetMocksTestExecutionListener.java:64) ~[spring-boot-test-3.5.5.jar:3.5.5]
	at org.springframework.test.context.TestContextManager.beforeTestMethod(TestContextManager.java:320) ~[spring-test-6.2.10.jar:6.2.10]
	at org.springframework.test.context.junit.jupiter.SpringExtension.beforeEach(SpringExtension.java:236) ~[spring-test-6.2.10.jar:6.2.10]
	at java.base/java.util.ArrayList.forEach(ArrayList.java:1604) ~[na:na]
	at java.base/java.util.ArrayList.forEach(ArrayList.java:1604) ~[na:na]
Caused by: java.lang.reflect.InvocationTargetException: null
	at java.base/java.lang.reflect.Constructor.newInstanceWithCaller(Constructor.java:499) ~[na:na]
	at java.base/java.lang.reflect.Constructor.newInstance(Constructor.java:483) ~[na:na]
	at org.mockito.internal.configuration.plugins.DefaultMockitoPlugins.create(DefaultMockitoPlugins.java:103) ~[mockito-core-5.17.0.jar:na]
	... 15 common frames omitted
Caused by: org.mockito.exceptions.base.MockitoInitializationException: 
Could not initialize inline Byte Buddy mock maker.

It appears as if your JDK does not supply a working agent attachment mechanism.
Java               : 24
JVM vendor name    : Oracle Corporation
JVM vendor version : 24.0.2+11-jvmci-b01
JVM name           : Java HotSpot(TM) 64-Bit Server VM
JVM version        : 24.0.2+11-jvmci-b01
JVM info           : mixed mode, sharing
OS name            : Windows 10
OS version         : 10.0

	at org.mockito.internal.creation.bytebuddy.InlineDelegateByteBuddyMockMaker.<init>(InlineDelegateByteBuddyMockMaker.java:275) ~[mockito-core-5.17.0.jar:na]
	at org.mockito.internal.creation.bytebuddy.InlineByteBuddyMockMaker.<init>(InlineByteBuddyMockMaker.java:23) ~[mockito-core-5.17.0.jar:na]
	... 18 common frames omitted
Caused by: java.lang.IllegalStateException: Could not self-attach to current VM using external process - set a property net.bytebuddy.agent.attacher.dump to dump the process output to a file at the specified location
	at net.bytebuddy.agent.ByteBuddyAgent.installExternal(ByteBuddyAgent.java:672) ~[byte-buddy-agent-1.17.7.jar:na]
	at net.bytebuddy.agent.ByteBuddyAgent.install(ByteBuddyAgent.java:599) ~[byte-buddy-agent-1.17.7.jar:na]
	at net.bytebuddy.agent.ByteBuddyAgent.install(ByteBuddyAgent.java:579) ~[byte-buddy-agent-1.17.7.jar:na]
	at net.bytebuddy.agent.ByteBuddyAgent.install(ByteBuddyAgent.java:531) ~[byte-buddy-agent-1.17.7.jar:na]
	at net.bytebuddy.agent.ByteBuddyAgent.install(ByteBuddyAgent.java:508) ~[byte-buddy-agent-1.17.7.jar:na]
	at org.mockito.internal.PremainAttachAccess.getInstrumentation(PremainAttachAccess.java:80) ~[mockito-core-5.17.0.jar:na]
	at org.mockito.internal.creation.bytebuddy.InlineDelegateByteBuddyMockMaker.<clinit>(InlineDelegateByteBuddyMockMaker.java:138) ~[mockito-core-5.17.0.jar:na]
	... 19 common frames omitted

2025-11-04T16:40:08.695+03:00  WARN 18696 --- [medical-center-userservice] [main] o.s.test.context.TestContextManager      : Caught exception while invoking 'beforeTestMethod' callback on TestExecutionListener [org.springframework.boot.test.mock.mockito.ResetMocksTestExecutionListener] for test method [void medicalcenter.userservice.repository.DoctorRepositoryTests.findAllByLastFirstName_WithNonExistingName_ShouldReturnEmptyList()] and test instance [medicalcenter.userservice.repository.DoctorRepositoryTests@6eefc125]

java.lang.IllegalStateException: Could not initialize plugin: interface org.mockito.plugins.MockMaker (alternate: null)
	at org.mockito.internal.configuration.plugins.PluginLoader$1.invoke(PluginLoader.java:85) ~[mockito-core-5.17.0.jar:na]
	at jdk.proxy1/jdk.proxy1.$Proxy150.getHandler(Unknown Source) ~[na:na]
	at org.mockito.internal.util.MockUtil.getMockHandlerOrNull(MockUtil.java:158) ~[mockito-core-5.17.0.jar:na]
	at org.mockito.internal.util.MockUtil.isMock(MockUtil.java:147) ~[mockito-core-5.17.0.jar:na]
	at org.mockito.internal.util.DefaultMockingDetails.isMock(DefaultMockingDetails.java:32) ~[mockito-core-5.17.0.jar:na]
	at org.springframework.boot.test.mock.mockito.MockReset.get(MockReset.java:109) ~[spring-boot-test-3.5.5.jar:3.5.5]
	at org.springframework.boot.test.mock.mockito.ResetMocksTestExecutionListener.resetMocks(ResetMocksTestExecutionListener.java:89) ~[spring-boot-test-3.5.5.jar:3.5.5]
	at org.springframework.boot.test.mock.mockito.ResetMocksTestExecutionListener.resetMocks(ResetMocksTestExecutionListener.java:77) ~[spring-boot-test-3.5.5.jar:3.5.5]
	at org.springframework.boot.test.mock.mockito.ResetMocksTestExecutionListener.beforeTestMethod(ResetMocksTestExecutionListener.java:64) ~[spring-boot-test-3.5.5.jar:3.5.5]
	at org.springframework.test.context.TestContextManager.beforeTestMethod(TestContextManager.java:320) ~[spring-test-6.2.10.jar:6.2.10]
	at org.springframework.test.context.junit.jupiter.SpringExtension.beforeEach(SpringExtension.java:236) ~[spring-test-6.2.10.jar:6.2.10]
	at org.junit.jupiter.engine.descriptor.TestMethodTestDescriptor.lambda$invokeBeforeEachCallbacks$2(TestMethodTestDescriptor.java:165) ~[junit-jupiter-engine-5.12.2.jar:5.12.2]
	at org.junit.jupiter.engine.descriptor.TestMethodTestDescriptor.lambda$invokeBeforeMethodsOrCallbacksUntilExceptionOccurs$6(TestMethodTestDescriptor.java:201) ~[junit-jupiter-engine-5.12.2.jar:5.12.2]
	at org.junit.platform.engine.support.hierarchical.ThrowableCollector.execute(ThrowableCollector.java:73) ~[junit-platform-engine-1.12.2.jar:1.12.2]
	at org.junit.jupiter.engine.descriptor.TestMethodTestDescriptor.invokeBeforeMethodsOrCallbacksUntilExceptionOccurs(TestMethodTestDescriptor.java:201) ~[junit-jupiter-engine-5.12.2.jar:5.12.2]
	at org.junit.jupiter.engine.descriptor.TestMethodTestDescriptor.invokeBeforeEachCallbacks(TestMethodTestDescriptor.java:164) ~[junit-jupiter-engine-5.12.2.jar:5.12.2]
	at org.junit.jupiter.engine.descriptor.TestMethodTestDescriptor.execute(TestMethodTestDescriptor.java:131) ~[junit-jupiter-engine-5.12.2.jar:5.12.2]
	at org.junit.jupiter.engine.descriptor.TestMethodTestDescriptor.execute(TestMethodTestDescriptor.java:69) ~[junit-jupiter-engine-5.12.2.jar:5.12.2]
	at org.junit.platform.engine.support.hierarchical.NodeTestTask.lambda$executeRecursively$6(NodeTestTask.java:156) ~[junit-platform-engine-1.12.2.jar:1.12.2]
	at org.junit.platform.engine.support.hierarchical.ThrowableCollector.execute(ThrowableCollector.java:73) ~[junit-platform-engine-1.12.2.jar:1.12.2]
	at org.junit.platform.engine.support.hierarchical.NodeTestTask.lambda$executeRecursively$8(NodeTestTask.java:146) ~[junit-platform-engine-1.12.2.jar:1.12.2]
	at org.junit.platform.engine.support.hierarchical.Node.around(Node.java:137) ~[junit-platform-engine-1.12.2.jar:1.12.2]
	at org.junit.platform.engine.support.hierarchical.NodeTestTask.lambda$executeRecursively$9(NodeTestTask.java:144) ~[junit-platform-engine-1.12.2.jar:1.12.2]
	at org.junit.platform.engine.support.hierarchical.ThrowableCollector.execute(ThrowableCollector.java:73) ~[junit-platform-engine-1.12.2.jar:1.12.2]
	at org.junit.platform.engine.support.hierarchical.NodeTestTask.executeRecursively(NodeTestTask.java:143) ~[junit-platform-engine-1.12.2.jar:1.12.2]
	at org.junit.platform.engine.support.hierarchical.NodeTestTask.execute(NodeTestTask.java:100) ~[junit-platform-engine-1.12.2.jar:1.12.2]
	at java.base/java.util.ArrayList.forEach(ArrayList.java:1604) ~[na:na]
	at org.junit.platform.engine.support.hierarchical.SameThreadHierarchicalTestExecutorService.invokeAll(SameThreadHierarchicalTestExecutorService.java:41) ~[junit-platform-engine-1.12.2.jar:1.12.2]
	at org.junit.platform.engine.support.hierarchical.NodeTestTask.lambda$executeRecursively$6(NodeTestTask.java:160) ~[junit-platform-engine-1.12.2.jar:1.12.2]
	at org.junit.platform.engine.support.hierarchical.ThrowableCollector.execute(ThrowableCollector.java:73) ~[junit-platform-engine-1.12.2.jar:1.12.2]
	at org.junit.platform.engine.support.hierarchical.NodeTestTask.lambda$executeRecursively$8(NodeTestTask.java:146) ~[junit-platform-engine-1.12.2.jar:1.12.2]
	at org.junit.platform.engine.support.hierarchical.Node.around(Node.java:137) ~[junit-platform-engine-1.12.2.jar:1.12.2]
	at org.junit.platform.engine.support.hierarchical.NodeTestTask.lambda$executeRecursively$9(NodeTestTask.java:144) ~[junit-platform-engine-1.12.2.jar:1.12.2]
	at org.junit.platform.engine.support.hierarchical.ThrowableCollector.execute(ThrowableCollector.java:73) ~[junit-platform-engine-1.12.2.jar:1.12.2]
	at org.junit.platform.engine.support.hierarchical.NodeTestTask.executeRecursively(NodeTestTask.java:143) ~[junit-platform-engine-1.12.2.jar:1.12.2]
	at org.junit.platform.engine.support.hierarchical.NodeTestTask.execute(NodeTestTask.java:100) ~[junit-platform-engine-1.12.2.jar:1.12.2]
	at java.base/java.util.ArrayList.forEach(ArrayList.java:1604) ~[na:na]
	at org.junit.platform.engine.support.hierarchical.SameThreadHierarchicalTestExecutorService.invokeAll(SameThreadHierarchicalTestExecutorService.java:41) ~[junit-platform-engine-1.12.2.jar:1.12.2]
	at org.junit.platform.engine.support.hierarchical.NodeTestTask.lambda$executeRecursively$6(NodeTestTask.java:160) ~[junit-platform-engine-1.12.2.jar:1.12.2]
	at org.junit.platform.engine.support.hierarchical.ThrowableCollector.execute(ThrowableCollector.java:73) ~[junit-platform-engine-1.12.2.jar:1.12.2]
	at org.junit.platform.engine.support.hierarchical.NodeTestTask.lambda$executeRecursively$8(NodeTestTask.java:146) ~[junit-platform-engine-1.12.2.jar:1.12.2]
	at org.junit.platform.engine.support.hierarchical.Node.around(Node.java:137) ~[junit-platform-engine-1.12.2.jar:1.12.2]
	at org.junit.platform.engine.support.hierarchical.NodeTestTask.lambda$executeRecursively$9(NodeTestTask.java:144) ~[junit-platform-engine-1.12.2.jar:1.12.2]
	at org.junit.platform.engine.support.hierarchical.ThrowableCollector.execute(ThrowableCollector.java:73) ~[junit-platform-engine-1.12.2.jar:1.12.2]
	at org.junit.platform.engine.support.hierarchical.NodeTestTask.executeRecursively(NodeTestTask.java:143) ~[junit-platform-engine-1.12.2.jar:1.12.2]
	at org.junit.platform.engine.support.hierarchical.NodeTestTask.execute(NodeTestTask.java:100) ~[junit-platform-engine-1.12.2.jar:1.12.2]
	at org.junit.platform.engine.support.hierarchical.SameThreadHierarchicalTestExecutorService.submit(SameThreadHierarchicalTestExecutorService.java:35) ~[junit-platform-engine-1.12.2.jar:1.12.2]
	at org.junit.platform.engine.support.hierarchical.HierarchicalTestExecutor.execute(HierarchicalTestExecutor.java:57) ~[junit-platform-engine-1.12.2.jar:1.12.2]
	at org.junit.platform.engine.support.hierarchical.HierarchicalTestEngine.execute(HierarchicalTestEngine.java:54) ~[junit-platform-engine-1.12.2.jar:1.12.2]
	at org.junit.platform.launcher.core.EngineExecutionOrchestrator.execute(EngineExecutionOrchestrator.java:201) ~[junit-platform-launcher-1.12.2.jar:1.12.2]
	at org.junit.platform.launcher.core.EngineExecutionOrchestrator.execute(EngineExecutionOrchestrator.java:170) ~[junit-platform-launcher-1.12.2.jar:1.12.2]
	at org.junit.platform.launcher.core.EngineExecutionOrchestrator.execute(EngineExecutionOrchestrator.java:94) ~[junit-platform-launcher-1.12.2.jar:1.12.2]
	at org.junit.platform.launcher.core.EngineExecutionOrchestrator.lambda$execute$0(EngineExecutionOrchestrator.java:59) ~[junit-platform-launcher-1.12.2.jar:1.12.2]
	at org.junit.platform.launcher.core.EngineExecutionOrchestrator.withInterceptedStreams(EngineExecutionOrchestrator.java:142) ~[junit-platform-launcher-1.12.2.jar:1.12.2]
	at org.junit.platform.launcher.core.EngineExecutionOrchestrator.execute(EngineExecutionOrchestrator.java:58) ~[junit-platform-launcher-1.12.2.jar:1.12.2]
	at org.junit.platform.launcher.core.DefaultLauncher.execute(DefaultLauncher.java:103) ~[junit-platform-launcher-1.12.2.jar:1.12.2]
	at org.junit.platform.launcher.core.DefaultLauncher.execute(DefaultLauncher.java:85) ~[junit-platform-launcher-1.12.2.jar:1.12.2]
	at org.junit.platform.launcher.core.DelegatingLauncher.execute(DelegatingLauncher.java:47) ~[junit-platform-launcher-1.12.2.jar:1.12.2]
	at org.junit.platform.launcher.core.InterceptingLauncher.lambda$execute$1(InterceptingLauncher.java:39) ~[junit-platform-launcher-1.12.2.jar:1.12.2]
	at org.junit.platform.launcher.core.ClasspathAlignmentCheckingLauncherInterceptor.intercept(ClasspathAlignmentCheckingLauncherInterceptor.java:25) ~[junit-platform-launcher-1.12.2.jar:1.12.2]
	at org.junit.platform.launcher.core.InterceptingLauncher.execute(InterceptingLauncher.java:38) ~[junit-platform-launcher-1.12.2.jar:1.12.2]
	at org.junit.platform.launcher.core.DelegatingLauncher.execute(DelegatingLauncher.java:47) ~[junit-platform-launcher-1.12.2.jar:1.12.2]
	at org.junit.platform.launcher.core.SessionPerRequestLauncher.execute(SessionPerRequestLauncher.java:63) ~[junit-platform-launcher-1.12.2.jar:1.12.2]
	at com.intellij.junit5.JUnit5IdeaTestRunner.startRunnerWithArgs(JUnit5IdeaTestRunner.java:66) ~[junit5-rt.jar:na]
	at com.intellij.rt.junit.IdeaTestRunner$Repeater$1.execute(IdeaTestRunner.java:38) ~[junit-rt.jar:na]
	at com.intellij.rt.execution.junit.TestsRepeater.repeat(TestsRepeater.java:11) ~[idea_rt.jar:na]
	at com.intellij.rt.junit.IdeaTestRunner$Repeater.startRunnerWithArgs(IdeaTestRunner.java:35) ~[junit-rt.jar:na]
	at com.intellij.rt.junit.JUnitStarter.prepareStreamsAndStart(JUnitStarter.java:237) ~[junit-rt.jar:na]
	at com.intellij.rt.junit.JUnitStarter.main(JUnitStarter.java:58) ~[junit-rt.jar:na]
Caused by: java.lang.IllegalStateException: Internal problem occurred, please report it. Mockito is unable to load the default implementation of class that is a part of Mockito distribution. Failed to load interface org.mockito.plugins.MockMaker
	at org.mockito.internal.configuration.plugins.DefaultMockitoPlugins.create(DefaultMockitoPlugins.java:105) ~[mockito-core-5.17.0.jar:na]
	at org.mockito.internal.configuration.plugins.DefaultMockitoPlugins.getDefaultPlugin(DefaultMockitoPlugins.java:79) ~[mockito-core-5.17.0.jar:na]
	at org.mockito.internal.configuration.plugins.PluginLoader.loadPlugin(PluginLoader.java:75) ~[mockito-core-5.17.0.jar:na]
	at org.mockito.internal.configuration.plugins.PluginLoader.loadPlugin(PluginLoader.java:49) ~[mockito-core-5.17.0.jar:na]
	at org.mockito.internal.configuration.plugins.PluginRegistry.<init>(PluginRegistry.java:29) ~[mockito-core-5.17.0.jar:na]
	at org.mockito.internal.configuration.plugins.Plugins.<clinit>(Plugins.java:26) ~[mockito-core-5.17.0.jar:na]
	at org.mockito.internal.MockitoCore.<clinit>(MockitoCore.java:71) ~[mockito-core-5.17.0.jar:na]
	at org.mockito.Mockito.<clinit>(Mockito.java:1777) ~[mockito-core-5.17.0.jar:na]
	at org.springframework.boot.test.mock.mockito.MockReset.get(MockReset.java:108) ~[spring-boot-test-3.5.5.jar:3.5.5]
	at org.springframework.boot.test.mock.mockito.ResetMocksTestExecutionListener.resetMocks(ResetMocksTestExecutionListener.java:89) ~[spring-boot-test-3.5.5.jar:3.5.5]
	at org.springframework.boot.test.mock.mockito.ResetMocksTestExecutionListener.resetMocks(ResetMocksTestExecutionListener.java:77) ~[spring-boot-test-3.5.5.jar:3.5.5]
	at org.springframework.boot.test.mock.mockito.ResetMocksTestExecutionListener.beforeTestMethod(ResetMocksTestExecutionListener.java:64) ~[spring-boot-test-3.5.5.jar:3.5.5]
	at org.springframework.test.context.TestContextManager.beforeTestMethod(TestContextManager.java:320) ~[spring-test-6.2.10.jar:6.2.10]
	at org.springframework.test.context.junit.jupiter.SpringExtension.beforeEach(SpringExtension.java:236) ~[spring-test-6.2.10.jar:6.2.10]
	at java.base/java.util.ArrayList.forEach(ArrayList.java:1604) ~[na:na]
	at java.base/java.util.ArrayList.forEach(ArrayList.java:1604) ~[na:na]
Caused by: java.lang.reflect.InvocationTargetException: null
	at java.base/java.lang.reflect.Constructor.newInstanceWithCaller(Constructor.java:499) ~[na:na]
	at java.base/java.lang.reflect.Constructor.newInstance(Constructor.java:483) ~[na:na]
	at org.mockito.internal.configuration.plugins.DefaultMockitoPlugins.create(DefaultMockitoPlugins.java:103) ~[mockito-core-5.17.0.jar:na]
	... 15 common frames omitted
Caused by: org.mockito.exceptions.base.MockitoInitializationException: 
Could not initialize inline Byte Buddy mock maker.

It appears as if your JDK does not supply a working agent attachment mechanism.
Java               : 24
JVM vendor name    : Oracle Corporation
JVM vendor version : 24.0.2+11-jvmci-b01
JVM name           : Java HotSpot(TM) 64-Bit Server VM
JVM version        : 24.0.2+11-jvmci-b01
JVM info           : mixed mode, sharing
OS name            : Windows 10
OS version         : 10.0

	at org.mockito.internal.creation.bytebuddy.InlineDelegateByteBuddyMockMaker.<init>(InlineDelegateByteBuddyMockMaker.java:275) ~[mockito-core-5.17.0.jar:na]
	at org.mockito.internal.creation.bytebuddy.InlineByteBuddyMockMaker.<init>(InlineByteBuddyMockMaker.java:23) ~[mockito-core-5.17.0.jar:na]
	... 18 common frames omitted
Caused by: java.lang.IllegalStateException: Could not self-attach to current VM using external process - set a property net.bytebuddy.agent.attacher.dump to dump the process output to a file at the specified location
	at net.bytebuddy.agent.ByteBuddyAgent.installExternal(ByteBuddyAgent.java:672) ~[byte-buddy-agent-1.17.7.jar:na]
	at net.bytebuddy.agent.ByteBuddyAgent.install(ByteBuddyAgent.java:599) ~[byte-buddy-agent-1.17.7.jar:na]
	at net.bytebuddy.agent.ByteBuddyAgent.install(ByteBuddyAgent.java:579) ~[byte-buddy-agent-1.17.7.jar:na]
	at net.bytebuddy.agent.ByteBuddyAgent.install(ByteBuddyAgent.java:531) ~[byte-buddy-agent-1.17.7.jar:na]
	at net.bytebuddy.agent.ByteBuddyAgent.install(ByteBuddyAgent.java:508) ~[byte-buddy-agent-1.17.7.jar:na]
	at org.mockito.internal.PremainAttachAccess.getInstrumentation(PremainAttachAccess.java:80) ~[mockito-core-5.17.0.jar:na]
	at org.mockito.internal.creation.bytebuddy.InlineDelegateByteBuddyMockMaker.<clinit>(InlineDelegateByteBuddyMockMaker.java:138) ~[mockito-core-5.17.0.jar:na]
	... 19 common frames omitted

2025-11-04T16:40:08.699+03:00  WARN 18696 --- [medical-center-userservice] [main] o.s.test.context.TestContextManager      : Caught exception while invoking 'afterTestMethod' callback on TestExecutionListener [org.springframework.boot.test.mock.mockito.ResetMocksTestExecutionListener] for test method [void medicalcenter.userservice.repository.DoctorRepositoryTests.findAllByLastFirstName_WithNonExistingName_ShouldReturnEmptyList()] and test instance [medicalcenter.userservice.repository.DoctorRepositoryTests@6eefc125]

java.lang.IllegalStateException: Could not initialize plugin: interface org.mockito.plugins.MockMaker (alternate: null)
	at org.mockito.internal.configuration.plugins.PluginLoader$1.invoke(PluginLoader.java:85) ~[mockito-core-5.17.0.jar:na]
	at jdk.proxy1/jdk.proxy1.$Proxy150.getHandler(Unknown Source) ~[na:na]
	at org.mockito.internal.util.MockUtil.getMockHandlerOrNull(MockUtil.java:158) ~[mockito-core-5.17.0.jar:na]
	at org.mockito.internal.util.MockUtil.isMock(MockUtil.java:147) ~[mockito-core-5.17.0.jar:na]
	at org.mockito.internal.util.DefaultMockingDetails.isMock(DefaultMockingDetails.java:32) ~[mockito-core-5.17.0.jar:na]
	at org.springframework.boot.test.mock.mockito.MockReset.get(MockReset.java:109) ~[spring-boot-test-3.5.5.jar:3.5.5]
	at org.springframework.boot.test.mock.mockito.ResetMocksTestExecutionListener.resetMocks(ResetMocksTestExecutionListener.java:89) ~[spring-boot-test-3.5.5.jar:3.5.5]
	at org.springframework.boot.test.mock.mockito.ResetMocksTestExecutionListener.resetMocks(ResetMocksTestExecutionListener.java:77) ~[spring-boot-test-3.5.5.jar:3.5.5]
	at org.springframework.boot.test.mock.mockito.ResetMocksTestExecutionListener.afterTestMethod(ResetMocksTestExecutionListener.java:71) ~[spring-boot-test-3.5.5.jar:3.5.5]
	at org.springframework.test.context.TestContextManager.afterTestMethod(TestContextManager.java:488) ~[spring-test-6.2.10.jar:6.2.10]
	at org.springframework.test.context.junit.jupiter.SpringExtension.afterEach(SpringExtension.java:274) ~[spring-test-6.2.10.jar:6.2.10]
	at org.junit.jupiter.engine.descriptor.TestMethodTestDescriptor.lambda$invokeAfterEachCallbacks$12(TestMethodTestDescriptor.java:259) ~[junit-jupiter-engine-5.12.2.jar:5.12.2]
	at org.junit.jupiter.engine.descriptor.TestMethodTestDescriptor.lambda$invokeAllAfterMethodsOrCallbacks$13(TestMethodTestDescriptor.java:275) ~[junit-jupiter-engine-5.12.2.jar:5.12.2]
	at org.junit.platform.engine.support.hierarchical.ThrowableCollector.execute(ThrowableCollector.java:73) ~[junit-platform-engine-1.12.2.jar:1.12.2]
	at org.junit.jupiter.engine.descriptor.TestMethodTestDescriptor.lambda$invokeAllAfterMethodsOrCallbacks$14(TestMethodTestDescriptor.java:275) ~[junit-jupiter-engine-5.12.2.jar:5.12.2]
	at org.junit.platform.commons.util.CollectionUtils.forEachInReverseOrder(CollectionUtils.java:239) ~[junit-platform-commons-1.12.2.jar:1.12.2]
	at org.junit.jupiter.engine.descriptor.TestMethodTestDescriptor.invokeAllAfterMethodsOrCallbacks(TestMethodTestDescriptor.java:274) ~[junit-jupiter-engine-5.12.2.jar:5.12.2]
	at org.junit.jupiter.engine.descriptor.TestMethodTestDescriptor.invokeAfterEachCallbacks(TestMethodTestDescriptor.java:258) ~[junit-jupiter-engine-5.12.2.jar:5.12.2]
	at org.junit.jupiter.engine.descriptor.TestMethodTestDescriptor.execute(TestMethodTestDescriptor.java:143) ~[junit-jupiter-engine-5.12.2.jar:5.12.2]
	at org.junit.jupiter.engine.descriptor.TestMethodTestDescriptor.execute(TestMethodTestDescriptor.java:69) ~[junit-jupiter-engine-5.12.2.jar:5.12.2]
	at org.junit.platform.engine.support.hierarchical.NodeTestTask.lambda$executeRecursively$6(NodeTestTask.java:156) ~[junit-platform-engine-1.12.2.jar:1.12.2]
	at org.junit.platform.engine.support.hierarchical.ThrowableCollector.execute(ThrowableCollector.java:73) ~[junit-platform-engine-1.12.2.jar:1.12.2]
	at org.junit.platform.engine.support.hierarchical.NodeTestTask.lambda$executeRecursively$8(NodeTestTask.java:146) ~[junit-platform-engine-1.12.2.jar:1.12.2]
	at org.junit.platform.engine.support.hierarchical.Node.around(Node.java:137) ~[junit-platform-engine-1.12.2.jar:1.12.2]
	at org.junit.platform.engine.support.hierarchical.NodeTestTask.lambda$executeRecursively$9(NodeTestTask.java:144) ~[junit-platform-engine-1.12.2.jar:1.12.2]
	at org.junit.platform.engine.support.hierarchical.ThrowableCollector.execute(ThrowableCollector.java:73) ~[junit-platform-engine-1.12.2.jar:1.12.2]
	at org.junit.platform.engine.support.hierarchical.NodeTestTask.executeRecursively(NodeTestTask.java:143) ~[junit-platform-engine-1.12.2.jar:1.12.2]
	at org.junit.platform.engine.support.hierarchical.NodeTestTask.execute(NodeTestTask.java:100) ~[junit-platform-engine-1.12.2.jar:1.12.2]
	at java.base/java.util.ArrayList.forEach(ArrayList.java:1604) ~[na:na]
	at org.junit.platform.engine.support.hierarchical.SameThreadHierarchicalTestExecutorService.invokeAll(SameThreadHierarchicalTestExecutorService.java:41) ~[junit-platform-engine-1.12.2.jar:1.12.2]
	at org.junit.platform.engine.support.hierarchical.NodeTestTask.lambda$executeRecursively$6(NodeTestTask.java:160) ~[junit-platform-engine-1.12.2.jar:1.12.2]
	at org.junit.platform.engine.support.hierarchical.ThrowableCollector.execute(ThrowableCollector.java:73) ~[junit-platform-engine-1.12.2.jar:1.12.2]
	at org.junit.platform.engine.support.hierarchical.NodeTestTask.lambda$executeRecursively$8(NodeTestTask.java:146) ~[junit-platform-engine-1.12.2.jar:1.12.2]
	at org.junit.platform.engine.support.hierarchical.Node.around(Node.java:137) ~[junit-platform-engine-1.12.2.jar:1.12.2]
	at org.junit.platform.engine.support.hierarchical.NodeTestTask.lambda$executeRecursively$9(NodeTestTask.java:144) ~[junit-platform-engine-1.12.2.jar:1.12.2]
	at org.junit.platform.engine.support.hierarchical.ThrowableCollector.execute(ThrowableCollector.java:73) ~[junit-platform-engine-1.12.2.jar:1.12.2]
	at org.junit.platform.engine.support.hierarchical.NodeTestTask.executeRecursively(NodeTestTask.java:143) ~[junit-platform-engine-1.12.2.jar:1.12.2]
	at org.junit.platform.engine.support.hierarchical.NodeTestTask.execute(NodeTestTask.java:100) ~[junit-platform-engine-1.12.2.jar:1.12.2]
	at java.base/java.util.ArrayList.forEach(ArrayList.java:1604) ~[na:na]
	at org.junit.platform.engine.support.hierarchical.SameThreadHierarchicalTestExecutorService.invokeAll(SameThreadHierarchicalTestExecutorService.java:41) ~[junit-platform-engine-1.12.2.jar:1.12.2]
	at org.junit.platform.engine.support.hierarchical.NodeTestTask.lambda$executeRecursively$6(NodeTestTask.java:160) ~[junit-platform-engine-1.12.2.jar:1.12.2]
	at org.junit.platform.engine.support.hierarchical.ThrowableCollector.execute(ThrowableCollector.java:73) ~[junit-platform-engine-1.12.2.jar:1.12.2]
	at org.junit.platform.engine.support.hierarchical.NodeTestTask.lambda$executeRecursively$8(NodeTestTask.java:146) ~[junit-platform-engine-1.12.2.jar:1.12.2]
	at org.junit.platform.engine.support.hierarchical.Node.around(Node.java:137) ~[junit-platform-engine-1.12.2.jar:1.12.2]
	at org.junit.platform.engine.support.hierarchical.NodeTestTask.lambda$executeRecursively$9(NodeTestTask.java:144) ~[junit-platform-engine-1.12.2.jar:1.12.2]
	at org.junit.platform.engine.support.hierarchical.ThrowableCollector.execute(ThrowableCollector.java:73) ~[junit-platform-engine-1.12.2.jar:1.12.2]
	at org.junit.platform.engine.support.hierarchical.NodeTestTask.executeRecursively(NodeTestTask.java:143) ~[junit-platform-engine-1.12.2.jar:1.12.2]
	at org.junit.platform.engine.support.hierarchical.NodeTestTask.execute(NodeTestTask.java:100) ~[junit-platform-engine-1.12.2.jar:1.12.2]
	at org.junit.platform.engine.support.hierarchical.SameThreadHierarchicalTestExecutorService.submit(SameThreadHierarchicalTestExecutorService.java:35) ~[junit-platform-engine-1.12.2.jar:1.12.2]
	at org.junit.platform.engine.support.hierarchical.HierarchicalTestExecutor.execute(HierarchicalTestExecutor.java:57) ~[junit-platform-engine-1.12.2.jar:1.12.2]
	at org.junit.platform.engine.support.hierarchical.HierarchicalTestEngine.execute(HierarchicalTestEngine.java:54) ~[junit-platform-engine-1.12.2.jar:1.12.2]
	at org.junit.platform.launcher.core.EngineExecutionOrchestrator.execute(EngineExecutionOrchestrator.java:201) ~[junit-platform-launcher-1.12.2.jar:1.12.2]
	at org.junit.platform.launcher.core.EngineExecutionOrchestrator.execute(EngineExecutionOrchestrator.java:170) ~[junit-platform-launcher-1.12.2.jar:1.12.2]
	at org.junit.platform.launcher.core.EngineExecutionOrchestrator.execute(EngineExecutionOrchestrator.java:94) ~[junit-platform-launcher-1.12.2.jar:1.12.2]
	at org.junit.platform.launcher.core.EngineExecutionOrchestrator.lambda$execute$0(EngineExecutionOrchestrator.java:59) ~[junit-platform-launcher-1.12.2.jar:1.12.2]
	at org.junit.platform.launcher.core.EngineExecutionOrchestrator.withInterceptedStreams(EngineExecutionOrchestrator.java:142) ~[junit-platform-launcher-1.12.2.jar:1.12.2]
	at org.junit.platform.launcher.core.EngineExecutionOrchestrator.execute(EngineExecutionOrchestrator.java:58) ~[junit-platform-launcher-1.12.2.jar:1.12.2]
	at org.junit.platform.launcher.core.DefaultLauncher.execute(DefaultLauncher.java:103) ~[junit-platform-launcher-1.12.2.jar:1.12.2]
	at org.junit.platform.launcher.core.DefaultLauncher.execute(DefaultLauncher.java:85) ~[junit-platform-launcher-1.12.2.jar:1.12.2]
	at org.junit.platform.launcher.core.DelegatingLauncher.execute(DelegatingLauncher.java:47) ~[junit-platform-launcher-1.12.2.jar:1.12.2]
	at org.junit.platform.launcher.core.InterceptingLauncher.lambda$execute$1(InterceptingLauncher.java:39) ~[junit-platform-launcher-1.12.2.jar:1.12.2]
	at org.junit.platform.launcher.core.ClasspathAlignmentCheckingLauncherInterceptor.intercept(ClasspathAlignmentCheckingLauncherInterceptor.java:25) ~[junit-platform-launcher-1.12.2.jar:1.12.2]
	at org.junit.platform.launcher.core.InterceptingLauncher.execute(InterceptingLauncher.java:38) ~[junit-platform-launcher-1.12.2.jar:1.12.2]
	at org.junit.platform.launcher.core.DelegatingLauncher.execute(DelegatingLauncher.java:47) ~[junit-platform-launcher-1.12.2.jar:1.12.2]
	at org.junit.platform.launcher.core.SessionPerRequestLauncher.execute(SessionPerRequestLauncher.java:63) ~[junit-platform-launcher-1.12.2.jar:1.12.2]
	at com.intellij.junit5.JUnit5IdeaTestRunner.startRunnerWithArgs(JUnit5IdeaTestRunner.java:66) ~[junit5-rt.jar:na]
	at com.intellij.rt.junit.IdeaTestRunner$Repeater$1.execute(IdeaTestRunner.java:38) ~[junit-rt.jar:na]
	at com.intellij.rt.execution.junit.TestsRepeater.repeat(TestsRepeater.java:11) ~[idea_rt.jar:na]
	at com.intellij.rt.junit.IdeaTestRunner$Repeater.startRunnerWithArgs(IdeaTestRunner.java:35) ~[junit-rt.jar:na]
	at com.intellij.rt.junit.JUnitStarter.prepareStreamsAndStart(JUnitStarter.java:237) ~[junit-rt.jar:na]
	at com.intellij.rt.junit.JUnitStarter.main(JUnitStarter.java:58) ~[junit-rt.jar:na]
Caused by: java.lang.IllegalStateException: Internal problem occurred, please report it. Mockito is unable to load the default implementation of class that is a part of Mockito distribution. Failed to load interface org.mockito.plugins.MockMaker
	at org.mockito.internal.configuration.plugins.DefaultMockitoPlugins.create(DefaultMockitoPlugins.java:105) ~[mockito-core-5.17.0.jar:na]
	at org.mockito.internal.configuration.plugins.DefaultMockitoPlugins.getDefaultPlugin(DefaultMockitoPlugins.java:79) ~[mockito-core-5.17.0.jar:na]
	at org.mockito.internal.configuration.plugins.PluginLoader.loadPlugin(PluginLoader.java:75) ~[mockito-core-5.17.0.jar:na]
	at org.mockito.internal.configuration.plugins.PluginLoader.loadPlugin(PluginLoader.java:49) ~[mockito-core-5.17.0.jar:na]
	at org.mockito.internal.configuration.plugins.PluginRegistry.<init>(PluginRegistry.java:29) ~[mockito-core-5.17.0.jar:na]
	at org.mockito.internal.configuration.plugins.Plugins.<clinit>(Plugins.java:26) ~[mockito-core-5.17.0.jar:na]
	at org.mockito.internal.MockitoCore.<clinit>(MockitoCore.java:71) ~[mockito-core-5.17.0.jar:na]
	at org.mockito.Mockito.<clinit>(Mockito.java:1777) ~[mockito-core-5.17.0.jar:na]
	at org.springframework.boot.test.mock.mockito.MockReset.get(MockReset.java:108) ~[spring-boot-test-3.5.5.jar:3.5.5]
	at org.springframework.boot.test.mock.mockito.ResetMocksTestExecutionListener.resetMocks(ResetMocksTestExecutionListener.java:89) ~[spring-boot-test-3.5.5.jar:3.5.5]
	at org.springframework.boot.test.mock.mockito.ResetMocksTestExecutionListener.resetMocks(ResetMocksTestExecutionListener.java:77) ~[spring-boot-test-3.5.5.jar:3.5.5]
	at org.springframework.boot.test.mock.mockito.ResetMocksTestExecutionListener.beforeTestMethod(ResetMocksTestExecutionListener.java:64) ~[spring-boot-test-3.5.5.jar:3.5.5]
	at org.springframework.test.context.TestContextManager.beforeTestMethod(TestContextManager.java:320) ~[spring-test-6.2.10.jar:6.2.10]
	at org.springframework.test.context.junit.jupiter.SpringExtension.beforeEach(SpringExtension.java:236) ~[spring-test-6.2.10.jar:6.2.10]
	at java.base/java.util.ArrayList.forEach(ArrayList.java:1604) ~[na:na]
	at java.base/java.util.ArrayList.forEach(ArrayList.java:1604) ~[na:na]
Caused by: java.lang.reflect.InvocationTargetException: null
	at java.base/java.lang.reflect.Constructor.newInstanceWithCaller(Constructor.java:499) ~[na:na]
	at java.base/java.lang.reflect.Constructor.newInstance(Constructor.java:483) ~[na:na]
	at org.mockito.internal.configuration.plugins.DefaultMockitoPlugins.create(DefaultMockitoPlugins.java:103) ~[mockito-core-5.17.0.jar:na]
	... 15 common frames omitted
Caused by: org.mockito.exceptions.base.MockitoInitializationException: 
Could not initialize inline Byte Buddy mock maker.

It appears as if your JDK does not supply a working agent attachment mechanism.
Java               : 24
JVM vendor name    : Oracle Corporation
JVM vendor version : 24.0.2+11-jvmci-b01
JVM name           : Java HotSpot(TM) 64-Bit Server VM
JVM version        : 24.0.2+11-jvmci-b01
JVM info           : mixed mode, sharing
OS name            : Windows 10
OS version         : 10.0

	at org.mockito.internal.creation.bytebuddy.InlineDelegateByteBuddyMockMaker.<init>(InlineDelegateByteBuddyMockMaker.java:275) ~[mockito-core-5.17.0.jar:na]
	at org.mockito.internal.creation.bytebuddy.InlineByteBuddyMockMaker.<init>(InlineByteBuddyMockMaker.java:23) ~[mockito-core-5.17.0.jar:na]
	... 18 common frames omitted
Caused by: java.lang.IllegalStateException: Could not self-attach to current VM using external process - set a property net.bytebuddy.agent.attacher.dump to dump the process output to a file at the specified location
	at net.bytebuddy.agent.ByteBuddyAgent.installExternal(ByteBuddyAgent.java:672) ~[byte-buddy-agent-1.17.7.jar:na]
	at net.bytebuddy.agent.ByteBuddyAgent.install(ByteBuddyAgent.java:599) ~[byte-buddy-agent-1.17.7.jar:na]
	at net.bytebuddy.agent.ByteBuddyAgent.install(ByteBuddyAgent.java:579) ~[byte-buddy-agent-1.17.7.jar:na]
	at net.bytebuddy.agent.ByteBuddyAgent.install(ByteBuddyAgent.java:531) ~[byte-buddy-agent-1.17.7.jar:na]
	at net.bytebuddy.agent.ByteBuddyAgent.install(ByteBuddyAgent.java:508) ~[byte-buddy-agent-1.17.7.jar:na]
	at org.mockito.internal.PremainAttachAccess.getInstrumentation(PremainAttachAccess.java:80) ~[mockito-core-5.17.0.jar:na]
	at org.mockito.internal.creation.bytebuddy.InlineDelegateByteBuddyMockMaker.<clinit>(InlineDelegateByteBuddyMockMaker.java:138) ~[mockito-core-5.17.0.jar:na]
	... 19 common frames omitted

2025-11-04T16:40:08.709+03:00  WARN 18696 --- [medical-center-userservice] [main] o.s.test.context.TestContextManager      : Caught exception while invoking 'beforeTestMethod' callback on TestExecutionListener [org.springframework.boot.test.mock.mockito.ResetMocksTestExecutionListener] for test method [void medicalcenter.userservice.repository.DoctorRepositoryTests.findAllByLastName_ShouldReturnDoctorsWithGivenLastName()] and test instance [medicalcenter.userservice.repository.DoctorRepositoryTests@23338420]

java.lang.IllegalStateException: Could not initialize plugin: interface org.mockito.plugins.MockMaker (alternate: null)
	at org.mockito.internal.configuration.plugins.PluginLoader$1.invoke(PluginLoader.java:85) ~[mockito-core-5.17.0.jar:na]
	at jdk.proxy1/jdk.proxy1.$Proxy150.getHandler(Unknown Source) ~[na:na]
	at org.mockito.internal.util.MockUtil.getMockHandlerOrNull(MockUtil.java:158) ~[mockito-core-5.17.0.jar:na]
	at org.mockito.internal.util.MockUtil.isMock(MockUtil.java:147) ~[mockito-core-5.17.0.jar:na]
	at org.mockito.internal.util.DefaultMockingDetails.isMock(DefaultMockingDetails.java:32) ~[mockito-core-5.17.0.jar:na]
	at org.springframework.boot.test.mock.mockito.MockReset.get(MockReset.java:109) ~[spring-boot-test-3.5.5.jar:3.5.5]
	at org.springframework.boot.test.mock.mockito.ResetMocksTestExecutionListener.resetMocks(ResetMocksTestExecutionListener.java:89) ~[spring-boot-test-3.5.5.jar:3.5.5]
	at org.springframework.boot.test.mock.mockito.ResetMocksTestExecutionListener.resetMocks(ResetMocksTestExecutionListener.java:77) ~[spring-boot-test-3.5.5.jar:3.5.5]
	at org.springframework.boot.test.mock.mockito.ResetMocksTestExecutionListener.beforeTestMethod(ResetMocksTestExecutionListener.java:64) ~[spring-boot-test-3.5.5.jar:3.5.5]
	at org.springframework.test.context.TestContextManager.beforeTestMethod(TestContextManager.java:320) ~[spring-test-6.2.10.jar:6.2.10]
	at org.springframework.test.context.junit.jupiter.SpringExtension.beforeEach(SpringExtension.java:236) ~[spring-test-6.2.10.jar:6.2.10]
	at org.junit.jupiter.engine.descriptor.TestMethodTestDescriptor.lambda$invokeBeforeEachCallbacks$2(TestMethodTestDescriptor.java:165) ~[junit-jupiter-engine-5.12.2.jar:5.12.2]
	at org.junit.jupiter.engine.descriptor.TestMethodTestDescriptor.lambda$invokeBeforeMethodsOrCallbacksUntilExceptionOccurs$6(TestMethodTestDescriptor.java:201) ~[junit-jupiter-engine-5.12.2.jar:5.12.2]
	at org.junit.platform.engine.support.hierarchical.ThrowableCollector.execute(ThrowableCollector.java:73) ~[junit-platform-engine-1.12.2.jar:1.12.2]
	at org.junit.jupiter.engine.descriptor.TestMethodTestDescriptor.invokeBeforeMethodsOrCallbacksUntilExceptionOccurs(TestMethodTestDescriptor.java:201) ~[junit-jupiter-engine-5.12.2.jar:5.12.2]
	at org.junit.jupiter.engine.descriptor.TestMethodTestDescriptor.invokeBeforeEachCallbacks(TestMethodTestDescriptor.java:164) ~[junit-jupiter-engine-5.12.2.jar:5.12.2]
	at org.junit.jupiter.engine.descriptor.TestMethodTestDescriptor.execute(TestMethodTestDescriptor.java:131) ~[junit-jupiter-engine-5.12.2.jar:5.12.2]
	at org.junit.jupiter.engine.descriptor.TestMethodTestDescriptor.execute(TestMethodTestDescriptor.java:69) ~[junit-jupiter-engine-5.12.2.jar:5.12.2]
	at org.junit.platform.engine.support.hierarchical.NodeTestTask.lambda$executeRecursively$6(NodeTestTask.java:156) ~[junit-platform-engine-1.12.2.jar:1.12.2]
	at org.junit.platform.engine.support.hierarchical.ThrowableCollector.execute(ThrowableCollector.java:73) ~[junit-platform-engine-1.12.2.jar:1.12.2]
	at org.junit.platform.engine.support.hierarchical.NodeTestTask.lambda$executeRecursively$8(NodeTestTask.java:146) ~[junit-platform-engine-1.12.2.jar:1.12.2]
	at org.junit.platform.engine.support.hierarchical.Node.around(Node.java:137) ~[junit-platform-engine-1.12.2.jar:1.12.2]
	at org.junit.platform.engine.support.hierarchical.NodeTestTask.lambda$executeRecursively$9(NodeTestTask.java:144) ~[junit-platform-engine-1.12.2.jar:1.12.2]
	at org.junit.platform.engine.support.hierarchical.ThrowableCollector.execute(ThrowableCollector.java:73) ~[junit-platform-engine-1.12.2.jar:1.12.2]
	at org.junit.platform.engine.support.hierarchical.NodeTestTask.executeRecursively(NodeTestTask.java:143) ~[junit-platform-engine-1.12.2.jar:1.12.2]
	at org.junit.platform.engine.support.hierarchical.NodeTestTask.execute(NodeTestTask.java:100) ~[junit-platform-engine-1.12.2.jar:1.12.2]
	at java.base/java.util.ArrayList.forEach(ArrayList.java:1604) ~[na:na]
	at org.junit.platform.engine.support.hierarchical.SameThreadHierarchicalTestExecutorService.invokeAll(SameThreadHierarchicalTestExecutorService.java:41) ~[junit-platform-engine-1.12.2.jar:1.12.2]
	at org.junit.platform.engine.support.hierarchical.NodeTestTask.lambda$executeRecursively$6(NodeTestTask.java:160) ~[junit-platform-engine-1.12.2.jar:1.12.2]
	at org.junit.platform.engine.support.hierarchical.ThrowableCollector.execute(ThrowableCollector.java:73) ~[junit-platform-engine-1.12.2.jar:1.12.2]
	at org.junit.platform.engine.support.hierarchical.NodeTestTask.lambda$executeRecursively$8(NodeTestTask.java:146) ~[junit-platform-engine-1.12.2.jar:1.12.2]
	at org.junit.platform.engine.support.hierarchical.Node.around(Node.java:137) ~[junit-platform-engine-1.12.2.jar:1.12.2]
	at org.junit.platform.engine.support.hierarchical.NodeTestTask.lambda$executeRecursively$9(NodeTestTask.java:144) ~[junit-platform-engine-1.12.2.jar:1.12.2]
	at org.junit.platform.engine.support.hierarchical.ThrowableCollector.execute(ThrowableCollector.java:73) ~[junit-platform-engine-1.12.2.jar:1.12.2]
	at org.junit.platform.engine.support.hierarchical.NodeTestTask.executeRecursively(NodeTestTask.java:143) ~[junit-platform-engine-1.12.2.jar:1.12.2]
	at org.junit.platform.engine.support.hierarchical.NodeTestTask.execute(NodeTestTask.java:100) ~[junit-platform-engine-1.12.2.jar:1.12.2]
	at java.base/java.util.ArrayList.forEach(ArrayList.java:1604) ~[na:na]
	at org.junit.platform.engine.support.hierarchical.SameThreadHierarchicalTestExecutorService.invokeAll(SameThreadHierarchicalTestExecutorService.java:41) ~[junit-platform-engine-1.12.2.jar:1.12.2]
	at org.junit.platform.engine.support.hierarchical.NodeTestTask.lambda$executeRecursively$6(NodeTestTask.java:160) ~[junit-platform-engine-1.12.2.jar:1.12.2]
	at org.junit.platform.engine.support.hierarchical.ThrowableCollector.execute(ThrowableCollector.java:73) ~[junit-platform-engine-1.12.2.jar:1.12.2]
	at org.junit.platform.engine.support.hierarchical.NodeTestTask.lambda$executeRecursively$8(NodeTestTask.java:146) ~[junit-platform-engine-1.12.2.jar:1.12.2]
	at org.junit.platform.engine.support.hierarchical.Node.around(Node.java:137) ~[junit-platform-engine-1.12.2.jar:1.12.2]
	at org.junit.platform.engine.support.hierarchical.NodeTestTask.lambda$executeRecursively$9(NodeTestTask.java:144) ~[junit-platform-engine-1.12.2.jar:1.12.2]
	at org.junit.platform.engine.support.hierarchical.ThrowableCollector.execute(ThrowableCollector.java:73) ~[junit-platform-engine-1.12.2.jar:1.12.2]
	at org.junit.platform.engine.support.hierarchical.NodeTestTask.executeRecursively(NodeTestTask.java:143) ~[junit-platform-engine-1.12.2.jar:1.12.2]
	at org.junit.platform.engine.support.hierarchical.NodeTestTask.execute(NodeTestTask.java:100) ~[junit-platform-engine-1.12.2.jar:1.12.2]
	at org.junit.platform.engine.support.hierarchical.SameThreadHierarchicalTestExecutorService.submit(SameThreadHierarchicalTestExecutorService.java:35) ~[junit-platform-engine-1.12.2.jar:1.12.2]
	at org.junit.platform.engine.support.hierarchical.HierarchicalTestExecutor.execute(HierarchicalTestExecutor.java:57) ~[junit-platform-engine-1.12.2.jar:1.12.2]
	at org.junit.platform.engine.support.hierarchical.HierarchicalTestEngine.execute(HierarchicalTestEngine.java:54) ~[junit-platform-engine-1.12.2.jar:1.12.2]
	at org.junit.platform.launcher.core.EngineExecutionOrchestrator.execute(EngineExecutionOrchestrator.java:201) ~[junit-platform-launcher-1.12.2.jar:1.12.2]
	at org.junit.platform.launcher.core.EngineExecutionOrchestrator.execute(EngineExecutionOrchestrator.java:170) ~[junit-platform-launcher-1.12.2.jar:1.12.2]
	at org.junit.platform.launcher.core.EngineExecutionOrchestrator.execute(EngineExecutionOrchestrator.java:94) ~[junit-platform-launcher-1.12.2.jar:1.12.2]
	at org.junit.platform.launcher.core.EngineExecutionOrchestrator.lambda$execute$0(EngineExecutionOrchestrator.java:59) ~[junit-platform-launcher-1.12.2.jar:1.12.2]
	at org.junit.platform.launcher.core.EngineExecutionOrchestrator.withInterceptedStreams(EngineExecutionOrchestrator.java:142) ~[junit-platform-launcher-1.12.2.jar:1.12.2]
	at org.junit.platform.launcher.core.EngineExecutionOrchestrator.execute(EngineExecutionOrchestrator.java:58) ~[junit-platform-launcher-1.12.2.jar:1.12.2]
	at org.junit.platform.launcher.core.DefaultLauncher.execute(DefaultLauncher.java:103) ~[junit-platform-launcher-1.12.2.jar:1.12.2]
	at org.junit.platform.launcher.core.DefaultLauncher.execute(DefaultLauncher.java:85) ~[junit-platform-launcher-1.12.2.jar:1.12.2]
	at org.junit.platform.launcher.core.DelegatingLauncher.execute(DelegatingLauncher.java:47) ~[junit-platform-launcher-1.12.2.jar:1.12.2]
	at org.junit.platform.launcher.core.InterceptingLauncher.lambda$execute$1(InterceptingLauncher.java:39) ~[junit-platform-launcher-1.12.2.jar:1.12.2]
	at org.junit.platform.launcher.core.ClasspathAlignmentCheckingLauncherInterceptor.intercept(ClasspathAlignmentCheckingLauncherInterceptor.java:25) ~[junit-platform-launcher-1.12.2.jar:1.12.2]
	at org.junit.platform.launcher.core.InterceptingLauncher.execute(InterceptingLauncher.java:38) ~[junit-platform-launcher-1.12.2.jar:1.12.2]
	at org.junit.platform.launcher.core.DelegatingLauncher.execute(DelegatingLauncher.java:47) ~[junit-platform-launcher-1.12.2.jar:1.12.2]
	at org.junit.platform.launcher.core.SessionPerRequestLauncher.execute(SessionPerRequestLauncher.java:63) ~[junit-platform-launcher-1.12.2.jar:1.12.2]
	at com.intellij.junit5.JUnit5IdeaTestRunner.startRunnerWithArgs(JUnit5IdeaTestRunner.java:66) ~[junit5-rt.jar:na]
	at com.intellij.rt.junit.IdeaTestRunner$Repeater$1.execute(IdeaTestRunner.java:38) ~[junit-rt.jar:na]
	at com.intellij.rt.execution.junit.TestsRepeater.repeat(TestsRepeater.java:11) ~[idea_rt.jar:na]
	at com.intellij.rt.junit.IdeaTestRunner$Repeater.startRunnerWithArgs(IdeaTestRunner.java:35) ~[junit-rt.jar:na]
	at com.intellij.rt.junit.JUnitStarter.prepareStreamsAndStart(JUnitStarter.java:237) ~[junit-rt.jar:na]
	at com.intellij.rt.junit.JUnitStarter.main(JUnitStarter.java:58) ~[junit-rt.jar:na]
Caused by: java.lang.IllegalStateException: Internal problem occurred, please report it. Mockito is unable to load the default implementation of class that is a part of Mockito distribution. Failed to load interface org.mockito.plugins.MockMaker
	at org.mockito.internal.configuration.plugins.DefaultMockitoPlugins.create(DefaultMockitoPlugins.java:105) ~[mockito-core-5.17.0.jar:na]
	at org.mockito.internal.configuration.plugins.DefaultMockitoPlugins.getDefaultPlugin(DefaultMockitoPlugins.java:79) ~[mockito-core-5.17.0.jar:na]
	at org.mockito.internal.configuration.plugins.PluginLoader.loadPlugin(PluginLoader.java:75) ~[mockito-core-5.17.0.jar:na]
	at org.mockito.internal.configuration.plugins.PluginLoader.loadPlugin(PluginLoader.java:49) ~[mockito-core-5.17.0.jar:na]
	at org.mockito.internal.configuration.plugins.PluginRegistry.<init>(PluginRegistry.java:29) ~[mockito-core-5.17.0.jar:na]
	at org.mockito.internal.configuration.plugins.Plugins.<clinit>(Plugins.java:26) ~[mockito-core-5.17.0.jar:na]
	at org.mockito.internal.MockitoCore.<clinit>(MockitoCore.java:71) ~[mockito-core-5.17.0.jar:na]
	at org.mockito.Mockito.<clinit>(Mockito.java:1777) ~[mockito-core-5.17.0.jar:na]
	at org.springframework.boot.test.mock.mockito.MockReset.get(MockReset.java:108) ~[spring-boot-test-3.5.5.jar:3.5.5]
	at org.springframework.boot.test.mock.mockito.ResetMocksTestExecutionListener.resetMocks(ResetMocksTestExecutionListener.java:89) ~[spring-boot-test-3.5.5.jar:3.5.5]
	at org.springframework.boot.test.mock.mockito.ResetMocksTestExecutionListener.resetMocks(ResetMocksTestExecutionListener.java:77) ~[spring-boot-test-3.5.5.jar:3.5.5]
	at org.springframework.boot.test.mock.mockito.ResetMocksTestExecutionListener.beforeTestMethod(ResetMocksTestExecutionListener.java:64) ~[spring-boot-test-3.5.5.jar:3.5.5]
	at org.springframework.test.context.TestContextManager.beforeTestMethod(TestContextManager.java:320) ~[spring-test-6.2.10.jar:6.2.10]
	at org.springframework.test.context.junit.jupiter.SpringExtension.beforeEach(SpringExtension.java:236) ~[spring-test-6.2.10.jar:6.2.10]
	at java.base/java.util.ArrayList.forEach(ArrayList.java:1604) ~[na:na]
	at java.base/java.util.ArrayList.forEach(ArrayList.java:1604) ~[na:na]
Caused by: java.lang.reflect.InvocationTargetException: null
	at java.base/java.lang.reflect.Constructor.newInstanceWithCaller(Constructor.java:499) ~[na:na]
	at java.base/java.lang.reflect.Constructor.newInstance(Constructor.java:483) ~[na:na]
	at org.mockito.internal.configuration.plugins.DefaultMockitoPlugins.create(DefaultMockitoPlugins.java:103) ~[mockito-core-5.17.0.jar:na]
	... 15 common frames omitted
Caused by: org.mockito.exceptions.base.MockitoInitializationException: 
Could not initialize inline Byte Buddy mock maker.

It appears as if your JDK does not supply a working agent attachment mechanism.
Java               : 24
JVM vendor name    : Oracle Corporation
JVM vendor version : 24.0.2+11-jvmci-b01
JVM name           : Java HotSpot(TM) 64-Bit Server VM
JVM version        : 24.0.2+11-jvmci-b01
JVM info           : mixed mode, sharing
OS name            : Windows 10
OS version         : 10.0

	at org.mockito.internal.creation.bytebuddy.InlineDelegateByteBuddyMockMaker.<init>(InlineDelegateByteBuddyMockMaker.java:275) ~[mockito-core-5.17.0.jar:na]
	at org.mockito.internal.creation.bytebuddy.InlineByteBuddyMockMaker.<init>(InlineByteBuddyMockMaker.java:23) ~[mockito-core-5.17.0.jar:na]
	... 18 common frames omitted
Caused by: java.lang.IllegalStateException: Could not self-attach to current VM using external process - set a property net.bytebuddy.agent.attacher.dump to dump the process output to a file at the specified location
	at net.bytebuddy.agent.ByteBuddyAgent.installExternal(ByteBuddyAgent.java:672) ~[byte-buddy-agent-1.17.7.jar:na]
	at net.bytebuddy.agent.ByteBuddyAgent.install(ByteBuddyAgent.java:599) ~[byte-buddy-agent-1.17.7.jar:na]
	at net.bytebuddy.agent.ByteBuddyAgent.install(ByteBuddyAgent.java:579) ~[byte-buddy-agent-1.17.7.jar:na]
	at net.bytebuddy.agent.ByteBuddyAgent.install(ByteBuddyAgent.java:531) ~[byte-buddy-agent-1.17.7.jar:na]
	at net.bytebuddy.agent.ByteBuddyAgent.install(ByteBuddyAgent.java:508) ~[byte-buddy-agent-1.17.7.jar:na]
	at org.mockito.internal.PremainAttachAccess.getInstrumentation(PremainAttachAccess.java:80) ~[mockito-core-5.17.0.jar:na]
	at org.mockito.internal.creation.bytebuddy.InlineDelegateByteBuddyMockMaker.<clinit>(InlineDelegateByteBuddyMockMaker.java:138) ~[mockito-core-5.17.0.jar:na]
	... 19 common frames omitted

2025-11-04T16:40:08.713+03:00  WARN 18696 --- [medical-center-userservice] [main] o.s.test.context.TestContextManager      : Caught exception while invoking 'afterTestMethod' callback on TestExecutionListener [org.springframework.boot.test.mock.mockito.ResetMocksTestExecutionListener] for test method [void medicalcenter.userservice.repository.DoctorRepositoryTests.findAllByLastName_ShouldReturnDoctorsWithGivenLastName()] and test instance [medicalcenter.userservice.repository.DoctorRepositoryTests@23338420]

java.lang.IllegalStateException: Could not initialize plugin: interface org.mockito.plugins.MockMaker (alternate: null)
	at org.mockito.internal.configuration.plugins.PluginLoader$1.invoke(PluginLoader.java:85) ~[mockito-core-5.17.0.jar:na]
	at jdk.proxy1/jdk.proxy1.$Proxy150.getHandler(Unknown Source) ~[na:na]
	at org.mockito.internal.util.MockUtil.getMockHandlerOrNull(MockUtil.java:158) ~[mockito-core-5.17.0.jar:na]
	at org.mockito.internal.util.MockUtil.isMock(MockUtil.java:147) ~[mockito-core-5.17.0.jar:na]
	at org.mockito.internal.util.DefaultMockingDetails.isMock(DefaultMockingDetails.java:32) ~[mockito-core-5.17.0.jar:na]
	at org.springframework.boot.test.mock.mockito.MockReset.get(MockReset.java:109) ~[spring-boot-test-3.5.5.jar:3.5.5]
	at org.springframework.boot.test.mock.mockito.ResetMocksTestExecutionListener.resetMocks(ResetMocksTestExecutionListener.java:89) ~[spring-boot-test-3.5.5.jar:3.5.5]
	at org.springframework.boot.test.mock.mockito.ResetMocksTestExecutionListener.resetMocks(ResetMocksTestExecutionListener.java:77) ~[spring-boot-test-3.5.5.jar:3.5.5]
	at org.springframework.boot.test.mock.mockito.ResetMocksTestExecutionListener.afterTestMethod(ResetMocksTestExecutionListener.java:71) ~[spring-boot-test-3.5.5.jar:3.5.5]
	at org.springframework.test.context.TestContextManager.afterTestMethod(TestContextManager.java:488) ~[spring-test-6.2.10.jar:6.2.10]
	at org.springframework.test.context.junit.jupiter.SpringExtension.afterEach(SpringExtension.java:274) ~[spring-test-6.2.10.jar:6.2.10]
	at org.junit.jupiter.engine.descriptor.TestMethodTestDescriptor.lambda$invokeAfterEachCallbacks$12(TestMethodTestDescriptor.java:259) ~[junit-jupiter-engine-5.12.2.jar:5.12.2]
	at org.junit.jupiter.engine.descriptor.TestMethodTestDescriptor.lambda$invokeAllAfterMethodsOrCallbacks$13(TestMethodTestDescriptor.java:275) ~[junit-jupiter-engine-5.12.2.jar:5.12.2]
	at org.junit.platform.engine.support.hierarchical.ThrowableCollector.execute(ThrowableCollector.java:73) ~[junit-platform-engine-1.12.2.jar:1.12.2]
	at org.junit.jupiter.engine.descriptor.TestMethodTestDescriptor.lambda$invokeAllAfterMethodsOrCallbacks$14(TestMethodTestDescriptor.java:275) ~[junit-jupiter-engine-5.12.2.jar:5.12.2]
	at org.junit.platform.commons.util.CollectionUtils.forEachInReverseOrder(CollectionUtils.java:239) ~[junit-platform-commons-1.12.2.jar:1.12.2]
	at org.junit.jupiter.engine.descriptor.TestMethodTestDescriptor.invokeAllAfterMethodsOrCallbacks(TestMethodTestDescriptor.java:274) ~[junit-jupiter-engine-5.12.2.jar:5.12.2]
	at org.junit.jupiter.engine.descriptor.TestMethodTestDescriptor.invokeAfterEachCallbacks(TestMethodTestDescriptor.java:258) ~[junit-jupiter-engine-5.12.2.jar:5.12.2]
	at org.junit.jupiter.engine.descriptor.TestMethodTestDescriptor.execute(TestMethodTestDescriptor.java:143) ~[junit-jupiter-engine-5.12.2.jar:5.12.2]
	at org.junit.jupiter.engine.descriptor.TestMethodTestDescriptor.execute(TestMethodTestDescriptor.java:69) ~[junit-jupiter-engine-5.12.2.jar:5.12.2]
	at org.junit.platform.engine.support.hierarchical.NodeTestTask.lambda$executeRecursively$6(NodeTestTask.java:156) ~[junit-platform-engine-1.12.2.jar:1.12.2]
	at org.junit.platform.engine.support.hierarchical.ThrowableCollector.execute(ThrowableCollector.java:73) ~[junit-platform-engine-1.12.2.jar:1.12.2]
	at org.junit.platform.engine.support.hierarchical.NodeTestTask.lambda$executeRecursively$8(NodeTestTask.java:146) ~[junit-platform-engine-1.12.2.jar:1.12.2]
	at org.junit.platform.engine.support.hierarchical.Node.around(Node.java:137) ~[junit-platform-engine-1.12.2.jar:1.12.2]
	at org.junit.platform.engine.support.hierarchical.NodeTestTask.lambda$executeRecursively$9(NodeTestTask.java:144) ~[junit-platform-engine-1.12.2.jar:1.12.2]
	at org.junit.platform.engine.support.hierarchical.ThrowableCollector.execute(ThrowableCollector.java:73) ~[junit-platform-engine-1.12.2.jar:1.12.2]
	at org.junit.platform.engine.support.hierarchical.NodeTestTask.executeRecursively(NodeTestTask.java:143) ~[junit-platform-engine-1.12.2.jar:1.12.2]
	at org.junit.platform.engine.support.hierarchical.NodeTestTask.execute(NodeTestTask.java:100) ~[junit-platform-engine-1.12.2.jar:1.12.2]
	at java.base/java.util.ArrayList.forEach(ArrayList.java:1604) ~[na:na]
	at org.junit.platform.engine.support.hierarchical.SameThreadHierarchicalTestExecutorService.invokeAll(SameThreadHierarchicalTestExecutorService.java:41) ~[junit-platform-engine-1.12.2.jar:1.12.2]
	at org.junit.platform.engine.support.hierarchical.NodeTestTask.lambda$executeRecursively$6(NodeTestTask.java:160) ~[junit-platform-engine-1.12.2.jar:1.12.2]
	at org.junit.platform.engine.support.hierarchical.ThrowableCollector.execute(ThrowableCollector.java:73) ~[junit-platform-engine-1.12.2.jar:1.12.2]
	at org.junit.platform.engine.support.hierarchical.NodeTestTask.lambda$executeRecursively$8(NodeTestTask.java:146) ~[junit-platform-engine-1.12.2.jar:1.12.2]
	at org.junit.platform.engine.support.hierarchical.Node.around(Node.java:137) ~[junit-platform-engine-1.12.2.jar:1.12.2]
	at org.junit.platform.engine.support.hierarchical.NodeTestTask.lambda$executeRecursively$9(NodeTestTask.java:144) ~[junit-platform-engine-1.12.2.jar:1.12.2]
	at org.junit.platform.engine.support.hierarchical.ThrowableCollector.execute(ThrowableCollector.java:73) ~[junit-platform-engine-1.12.2.jar:1.12.2]
	at org.junit.platform.engine.support.hierarchical.NodeTestTask.executeRecursively(NodeTestTask.java:143) ~[junit-platform-engine-1.12.2.jar:1.12.2]
	at org.junit.platform.engine.support.hierarchical.NodeTestTask.execute(NodeTestTask.java:100) ~[junit-platform-engine-1.12.2.jar:1.12.2]
	at java.base/java.util.ArrayList.forEach(ArrayList.java:1604) ~[na:na]
	at org.junit.platform.engine.support.hierarchical.SameThreadHierarchicalTestExecutorService.invokeAll(SameThreadHierarchicalTestExecutorService.java:41) ~[junit-platform-engine-1.12.2.jar:1.12.2]
	at org.junit.platform.engine.support.hierarchical.NodeTestTask.lambda$executeRecursively$6(NodeTestTask.java:160) ~[junit-platform-engine-1.12.2.jar:1.12.2]
	at org.junit.platform.engine.support.hierarchical.ThrowableCollector.execute(ThrowableCollector.java:73) ~[junit-platform-engine-1.12.2.jar:1.12.2]
	at org.junit.platform.engine.support.hierarchical.NodeTestTask.lambda$executeRecursively$8(NodeTestTask.java:146) ~[junit-platform-engine-1.12.2.jar:1.12.2]
	at org.junit.platform.engine.support.hierarchical.Node.around(Node.java:137) ~[junit-platform-engine-1.12.2.jar:1.12.2]
	at org.junit.platform.engine.support.hierarchical.NodeTestTask.lambda$executeRecursively$9(NodeTestTask.java:144) ~[junit-platform-engine-1.12.2.jar:1.12.2]
	at org.junit.platform.engine.support.hierarchical.ThrowableCollector.execute(ThrowableCollector.java:73) ~[junit-platform-engine-1.12.2.jar:1.12.2]
	at org.junit.platform.engine.support.hierarchical.NodeTestTask.executeRecursively(NodeTestTask.java:143) ~[junit-platform-engine-1.12.2.jar:1.12.2]
	at org.junit.platform.engine.support.hierarchical.NodeTestTask.execute(NodeTestTask.java:100) ~[junit-platform-engine-1.12.2.jar:1.12.2]
	at org.junit.platform.engine.support.hierarchical.SameThreadHierarchicalTestExecutorService.submit(SameThreadHierarchicalTestExecutorService.java:35) ~[junit-platform-engine-1.12.2.jar:1.12.2]
	at org.junit.platform.engine.support.hierarchical.HierarchicalTestExecutor.execute(HierarchicalTestExecutor.java:57) ~[junit-platform-engine-1.12.2.jar:1.12.2]
	at org.junit.platform.engine.support.hierarchical.HierarchicalTestEngine.execute(HierarchicalTestEngine.java:54) ~[junit-platform-engine-1.12.2.jar:1.12.2]
	at org.junit.platform.launcher.core.EngineExecutionOrchestrator.execute(EngineExecutionOrchestrator.java:201) ~[junit-platform-launcher-1.12.2.jar:1.12.2]
	at org.junit.platform.launcher.core.EngineExecutionOrchestrator.execute(EngineExecutionOrchestrator.java:170) ~[junit-platform-launcher-1.12.2.jar:1.12.2]
	at org.junit.platform.launcher.core.EngineExecutionOrchestrator.execute(EngineExecutionOrchestrator.java:94) ~[junit-platform-launcher-1.12.2.jar:1.12.2]
	at org.junit.platform.launcher.core.EngineExecutionOrchestrator.lambda$execute$0(EngineExecutionOrchestrator.java:59) ~[junit-platform-launcher-1.12.2.jar:1.12.2]
	at org.junit.platform.launcher.core.EngineExecutionOrchestrator.withInterceptedStreams(EngineExecutionOrchestrator.java:142) ~[junit-platform-launcher-1.12.2.jar:1.12.2]
	at org.junit.platform.launcher.core.EngineExecutionOrchestrator.execute(EngineExecutionOrchestrator.java:58) ~[junit-platform-launcher-1.12.2.jar:1.12.2]
	at org.junit.platform.launcher.core.DefaultLauncher.execute(DefaultLauncher.java:103) ~[junit-platform-launcher-1.12.2.jar:1.12.2]
	at org.junit.platform.launcher.core.DefaultLauncher.execute(DefaultLauncher.java:85) ~[junit-platform-launcher-1.12.2.jar:1.12.2]
	at org.junit.platform.launcher.core.DelegatingLauncher.execute(DelegatingLauncher.java:47) ~[junit-platform-launcher-1.12.2.jar:1.12.2]
	at org.junit.platform.launcher.core.InterceptingLauncher.lambda$execute$1(InterceptingLauncher.java:39) ~[junit-platform-launcher-1.12.2.jar:1.12.2]
	at org.junit.platform.launcher.core.ClasspathAlignmentCheckingLauncherInterceptor.intercept(ClasspathAlignmentCheckingLauncherInterceptor.java:25) ~[junit-platform-launcher-1.12.2.jar:1.12.2]
	at org.junit.platform.launcher.core.InterceptingLauncher.execute(InterceptingLauncher.java:38) ~[junit-platform-launcher-1.12.2.jar:1.12.2]
	at org.junit.platform.launcher.core.DelegatingLauncher.execute(DelegatingLauncher.java:47) ~[junit-platform-launcher-1.12.2.jar:1.12.2]
	at org.junit.platform.launcher.core.SessionPerRequestLauncher.execute(SessionPerRequestLauncher.java:63) ~[junit-platform-launcher-1.12.2.jar:1.12.2]
	at com.intellij.junit5.JUnit5IdeaTestRunner.startRunnerWithArgs(JUnit5IdeaTestRunner.java:66) ~[junit5-rt.jar:na]
	at com.intellij.rt.junit.IdeaTestRunner$Repeater$1.execute(IdeaTestRunner.java:38) ~[junit-rt.jar:na]
	at com.intellij.rt.execution.junit.TestsRepeater.repeat(TestsRepeater.java:11) ~[idea_rt.jar:na]
	at com.intellij.rt.junit.IdeaTestRunner$Repeater.startRunnerWithArgs(IdeaTestRunner.java:35) ~[junit-rt.jar:na]
	at com.intellij.rt.junit.JUnitStarter.prepareStreamsAndStart(JUnitStarter.java:237) ~[junit-rt.jar:na]
	at com.intellij.rt.junit.JUnitStarter.main(JUnitStarter.java:58) ~[junit-rt.jar:na]
Caused by: java.lang.IllegalStateException: Internal problem occurred, please report it. Mockito is unable to load the default implementation of class that is a part of Mockito distribution. Failed to load interface org.mockito.plugins.MockMaker
	at org.mockito.internal.configuration.plugins.DefaultMockitoPlugins.create(DefaultMockitoPlugins.java:105) ~[mockito-core-5.17.0.jar:na]
	at org.mockito.internal.configuration.plugins.DefaultMockitoPlugins.getDefaultPlugin(DefaultMockitoPlugins.java:79) ~[mockito-core-5.17.0.jar:na]
	at org.mockito.internal.configuration.plugins.PluginLoader.loadPlugin(PluginLoader.java:75) ~[mockito-core-5.17.0.jar:na]
	at org.mockito.internal.configuration.plugins.PluginLoader.loadPlugin(PluginLoader.java:49) ~[mockito-core-5.17.0.jar:na]
	at org.mockito.internal.configuration.plugins.PluginRegistry.<init>(PluginRegistry.java:29) ~[mockito-core-5.17.0.jar:na]
	at org.mockito.internal.configuration.plugins.Plugins.<clinit>(Plugins.java:26) ~[mockito-core-5.17.0.jar:na]
	at org.mockito.internal.MockitoCore.<clinit>(MockitoCore.java:71) ~[mockito-core-5.17.0.jar:na]
	at org.mockito.Mockito.<clinit>(Mockito.java:1777) ~[mockito-core-5.17.0.jar:na]
	at org.springframework.boot.test.mock.mockito.MockReset.get(MockReset.java:108) ~[spring-boot-test-3.5.5.jar:3.5.5]
	at org.springframework.boot.test.mock.mockito.ResetMocksTestExecutionListener.resetMocks(ResetMocksTestExecutionListener.java:89) ~[spring-boot-test-3.5.5.jar:3.5.5]
	at org.springframework.boot.test.mock.mockito.ResetMocksTestExecutionListener.resetMocks(ResetMocksTestExecutionListener.java:77) ~[spring-boot-test-3.5.5.jar:3.5.5]
	at org.springframework.boot.test.mock.mockito.ResetMocksTestExecutionListener.beforeTestMethod(ResetMocksTestExecutionListener.java:64) ~[spring-boot-test-3.5.5.jar:3.5.5]
	at org.springframework.test.context.TestContextManager.beforeTestMethod(TestContextManager.java:320) ~[spring-test-6.2.10.jar:6.2.10]
	at org.springframework.test.context.junit.jupiter.SpringExtension.beforeEach(SpringExtension.java:236) ~[spring-test-6.2.10.jar:6.2.10]
	at java.base/java.util.ArrayList.forEach(ArrayList.java:1604) ~[na:na]
	at java.base/java.util.ArrayList.forEach(ArrayList.java:1604) ~[na:na]
Caused by: java.lang.reflect.InvocationTargetException: null
	at java.base/java.lang.reflect.Constructor.newInstanceWithCaller(Constructor.java:499) ~[na:na]
	at java.base/java.lang.reflect.Constructor.newInstance(Constructor.java:483) ~[na:na]
	at org.mockito.internal.configuration.plugins.DefaultMockitoPlugins.create(DefaultMockitoPlugins.java:103) ~[mockito-core-5.17.0.jar:na]
	... 15 common frames omitted
Caused by: org.mockito.exceptions.base.MockitoInitializationException: 
Could not initialize inline Byte Buddy mock maker.

It appears as if your JDK does not supply a working agent attachment mechanism.
Java               : 24
JVM vendor name    : Oracle Corporation
JVM vendor version : 24.0.2+11-jvmci-b01
JVM name           : Java HotSpot(TM) 64-Bit Server VM
JVM version        : 24.0.2+11-jvmci-b01
JVM info           : mixed mode, sharing
OS name            : Windows 10
OS version         : 10.0

	at org.mockito.internal.creation.bytebuddy.InlineDelegateByteBuddyMockMaker.<init>(InlineDelegateByteBuddyMockMaker.java:275) ~[mockito-core-5.17.0.jar:na]
	at org.mockito.internal.creation.bytebuddy.InlineByteBuddyMockMaker.<init>(InlineByteBuddyMockMaker.java:23) ~[mockito-core-5.17.0.jar:na]
	... 18 common frames omitted
Caused by: java.lang.IllegalStateException: Could not self-attach to current VM using external process - set a property net.bytebuddy.agent.attacher.dump to dump the process output to a file at the specified location
	at net.bytebuddy.agent.ByteBuddyAgent.installExternal(ByteBuddyAgent.java:672) ~[byte-buddy-agent-1.17.7.jar:na]
	at net.bytebuddy.agent.ByteBuddyAgent.install(ByteBuddyAgent.java:599) ~[byte-buddy-agent-1.17.7.jar:na]
	at net.bytebuddy.agent.ByteBuddyAgent.install(ByteBuddyAgent.java:579) ~[byte-buddy-agent-1.17.7.jar:na]
	at net.bytebuddy.agent.ByteBuddyAgent.install(ByteBuddyAgent.java:531) ~[byte-buddy-agent-1.17.7.jar:na]
	at net.bytebuddy.agent.ByteBuddyAgent.install(ByteBuddyAgent.java:508) ~[byte-buddy-agent-1.17.7.jar:na]
	at org.mockito.internal.PremainAttachAccess.getInstrumentation(PremainAttachAccess.java:80) ~[mockito-core-5.17.0.jar:na]
	at org.mockito.internal.creation.bytebuddy.InlineDelegateByteBuddyMockMaker.<clinit>(InlineDelegateByteBuddyMockMaker.java:138) ~[mockito-core-5.17.0.jar:na]
	... 19 common frames omitted

2025-11-04T16:40:08.723+03:00  WARN 18696 --- [medical-center-userservice] [main] o.s.test.context.TestContextManager      : Caught exception while invoking 'beforeTestMethod' callback on TestExecutionListener [org.springframework.boot.test.mock.mockito.ResetMocksTestExecutionListener] for test method [void medicalcenter.userservice.repository.DoctorRepositoryTests.findBySpecialty_ShouldReturnDoctorsWithGivenSpecialty()] and test instance [medicalcenter.userservice.repository.DoctorRepositoryTests@5278bc6d]

java.lang.IllegalStateException: Could not initialize plugin: interface org.mockito.plugins.MockMaker (alternate: null)
	at org.mockito.internal.configuration.plugins.PluginLoader$1.invoke(PluginLoader.java:85) ~[mockito-core-5.17.0.jar:na]
	at jdk.proxy1/jdk.proxy1.$Proxy150.getHandler(Unknown Source) ~[na:na]
	at org.mockito.internal.util.MockUtil.getMockHandlerOrNull(MockUtil.java:158) ~[mockito-core-5.17.0.jar:na]
	at org.mockito.internal.util.MockUtil.isMock(MockUtil.java:147) ~[mockito-core-5.17.0.jar:na]
	at org.mockito.internal.util.DefaultMockingDetails.isMock(DefaultMockingDetails.java:32) ~[mockito-core-5.17.0.jar:na]
	at org.springframework.boot.test.mock.mockito.MockReset.get(MockReset.java:109) ~[spring-boot-test-3.5.5.jar:3.5.5]
	at org.springframework.boot.test.mock.mockito.ResetMocksTestExecutionListener.resetMocks(ResetMocksTestExecutionListener.java:89) ~[spring-boot-test-3.5.5.jar:3.5.5]
	at org.springframework.boot.test.mock.mockito.ResetMocksTestExecutionListener.resetMocks(ResetMocksTestExecutionListener.java:77) ~[spring-boot-test-3.5.5.jar:3.5.5]
	at org.springframework.boot.test.mock.mockito.ResetMocksTestExecutionListener.beforeTestMethod(ResetMocksTestExecutionListener.java:64) ~[spring-boot-test-3.5.5.jar:3.5.5]
	at org.springframework.test.context.TestContextManager.beforeTestMethod(TestContextManager.java:320) ~[spring-test-6.2.10.jar:6.2.10]
	at org.springframework.test.context.junit.jupiter.SpringExtension.beforeEach(SpringExtension.java:236) ~[spring-test-6.2.10.jar:6.2.10]
	at org.junit.jupiter.engine.descriptor.TestMethodTestDescriptor.lambda$invokeBeforeEachCallbacks$2(TestMethodTestDescriptor.java:165) ~[junit-jupiter-engine-5.12.2.jar:5.12.2]
	at org.junit.jupiter.engine.descriptor.TestMethodTestDescriptor.lambda$invokeBeforeMethodsOrCallbacksUntilExceptionOccurs$6(TestMethodTestDescriptor.java:201) ~[junit-jupiter-engine-5.12.2.jar:5.12.2]
	at org.junit.platform.engine.support.hierarchical.ThrowableCollector.execute(ThrowableCollector.java:73) ~[junit-platform-engine-1.12.2.jar:1.12.2]
	at org.junit.jupiter.engine.descriptor.TestMethodTestDescriptor.invokeBeforeMethodsOrCallbacksUntilExceptionOccurs(TestMethodTestDescriptor.java:201) ~[junit-jupiter-engine-5.12.2.jar:5.12.2]
	at org.junit.jupiter.engine.descriptor.TestMethodTestDescriptor.invokeBeforeEachCallbacks(TestMethodTestDescriptor.java:164) ~[junit-jupiter-engine-5.12.2.jar:5.12.2]
	at org.junit.jupiter.engine.descriptor.TestMethodTestDescriptor.execute(TestMethodTestDescriptor.java:131) ~[junit-jupiter-engine-5.12.2.jar:5.12.2]
	at org.junit.jupiter.engine.descriptor.TestMethodTestDescriptor.execute(TestMethodTestDescriptor.java:69) ~[junit-jupiter-engine-5.12.2.jar:5.12.2]
	at org.junit.platform.engine.support.hierarchical.NodeTestTask.lambda$executeRecursively$6(NodeTestTask.java:156) ~[junit-platform-engine-1.12.2.jar:1.12.2]
	at org.junit.platform.engine.support.hierarchical.ThrowableCollector.execute(ThrowableCollector.java:73) ~[junit-platform-engine-1.12.2.jar:1.12.2]
	at org.junit.platform.engine.support.hierarchical.NodeTestTask.lambda$executeRecursively$8(NodeTestTask.java:146) ~[junit-platform-engine-1.12.2.jar:1.12.2]
	at org.junit.platform.engine.support.hierarchical.Node.around(Node.java:137) ~[junit-platform-engine-1.12.2.jar:1.12.2]
	at org.junit.platform.engine.support.hierarchical.NodeTestTask.lambda$executeRecursively$9(NodeTestTask.java:144) ~[junit-platform-engine-1.12.2.jar:1.12.2]
	at org.junit.platform.engine.support.hierarchical.ThrowableCollector.execute(ThrowableCollector.java:73) ~[junit-platform-engine-1.12.2.jar:1.12.2]
	at org.junit.platform.engine.support.hierarchical.NodeTestTask.executeRecursively(NodeTestTask.java:143) ~[junit-platform-engine-1.12.2.jar:1.12.2]
	at org.junit.platform.engine.support.hierarchical.NodeTestTask.execute(NodeTestTask.java:100) ~[junit-platform-engine-1.12.2.jar:1.12.2]
	at java.base/java.util.ArrayList.forEach(ArrayList.java:1604) ~[na:na]
	at org.junit.platform.engine.support.hierarchical.SameThreadHierarchicalTestExecutorService.invokeAll(SameThreadHierarchicalTestExecutorService.java:41) ~[junit-platform-engine-1.12.2.jar:1.12.2]
	at org.junit.platform.engine.support.hierarchical.NodeTestTask.lambda$executeRecursively$6(NodeTestTask.java:160) ~[junit-platform-engine-1.12.2.jar:1.12.2]
	at org.junit.platform.engine.support.hierarchical.ThrowableCollector.execute(ThrowableCollector.java:73) ~[junit-platform-engine-1.12.2.jar:1.12.2]
	at org.junit.platform.engine.support.hierarchical.NodeTestTask.lambda$executeRecursively$8(NodeTestTask.java:146) ~[junit-platform-engine-1.12.2.jar:1.12.2]
	at org.junit.platform.engine.support.hierarchical.Node.around(Node.java:137) ~[junit-platform-engine-1.12.2.jar:1.12.2]
	at org.junit.platform.engine.support.hierarchical.NodeTestTask.lambda$executeRecursively$9(NodeTestTask.java:144) ~[junit-platform-engine-1.12.2.jar:1.12.2]
	at org.junit.platform.engine.support.hierarchical.ThrowableCollector.execute(ThrowableCollector.java:73) ~[junit-platform-engine-1.12.2.jar:1.12.2]
	at org.junit.platform.engine.support.hierarchical.NodeTestTask.executeRecursively(NodeTestTask.java:143) ~[junit-platform-engine-1.12.2.jar:1.12.2]
	at org.junit.platform.engine.support.hierarchical.NodeTestTask.execute(NodeTestTask.java:100) ~[junit-platform-engine-1.12.2.jar:1.12.2]
	at java.base/java.util.ArrayList.forEach(ArrayList.java:1604) ~[na:na]
	at org.junit.platform.engine.support.hierarchical.SameThreadHierarchicalTestExecutorService.invokeAll(SameThreadHierarchicalTestExecutorService.java:41) ~[junit-platform-engine-1.12.2.jar:1.12.2]
	at org.junit.platform.engine.support.hierarchical.NodeTestTask.lambda$executeRecursively$6(NodeTestTask.java:160) ~[junit-platform-engine-1.12.2.jar:1.12.2]
	at org.junit.platform.engine.support.hierarchical.ThrowableCollector.execute(ThrowableCollector.java:73) ~[junit-platform-engine-1.12.2.jar:1.12.2]
	at org.junit.platform.engine.support.hierarchical.NodeTestTask.lambda$executeRecursively$8(NodeTestTask.java:146) ~[junit-platform-engine-1.12.2.jar:1.12.2]
	at org.junit.platform.engine.support.hierarchical.Node.around(Node.java:137) ~[junit-platform-engine-1.12.2.jar:1.12.2]
	at org.junit.platform.engine.support.hierarchical.NodeTestTask.lambda$executeRecursively$9(NodeTestTask.java:144) ~[junit-platform-engine-1.12.2.jar:1.12.2]
	at org.junit.platform.engine.support.hierarchical.ThrowableCollector.execute(ThrowableCollector.java:73) ~[junit-platform-engine-1.12.2.jar:1.12.2]
	at org.junit.platform.engine.support.hierarchical.NodeTestTask.executeRecursively(NodeTestTask.java:143) ~[junit-platform-engine-1.12.2.jar:1.12.2]
	at org.junit.platform.engine.support.hierarchical.NodeTestTask.execute(NodeTestTask.java:100) ~[junit-platform-engine-1.12.2.jar:1.12.2]
	at org.junit.platform.engine.support.hierarchical.SameThreadHierarchicalTestExecutorService.submit(SameThreadHierarchicalTestExecutorService.java:35) ~[junit-platform-engine-1.12.2.jar:1.12.2]
	at org.junit.platform.engine.support.hierarchical.HierarchicalTestExecutor.execute(HierarchicalTestExecutor.java:57) ~[junit-platform-engine-1.12.2.jar:1.12.2]
	at org.junit.platform.engine.support.hierarchical.HierarchicalTestEngine.execute(HierarchicalTestEngine.java:54) ~[junit-platform-engine-1.12.2.jar:1.12.2]
	at org.junit.platform.launcher.core.EngineExecutionOrchestrator.execute(EngineExecutionOrchestrator.java:201) ~[junit-platform-launcher-1.12.2.jar:1.12.2]
	at org.junit.platform.launcher.core.EngineExecutionOrchestrator.execute(EngineExecutionOrchestrator.java:170) ~[junit-platform-launcher-1.12.2.jar:1.12.2]
	at org.junit.platform.launcher.core.EngineExecutionOrchestrator.execute(EngineExecutionOrchestrator.java:94) ~[junit-platform-launcher-1.12.2.jar:1.12.2]
	at org.junit.platform.launcher.core.EngineExecutionOrchestrator.lambda$execute$0(EngineExecutionOrchestrator.java:59) ~[junit-platform-launcher-1.12.2.jar:1.12.2]
	at org.junit.platform.launcher.core.EngineExecutionOrchestrator.withInterceptedStreams(EngineExecutionOrchestrator.java:142) ~[junit-platform-launcher-1.12.2.jar:1.12.2]
	at org.junit.platform.launcher.core.EngineExecutionOrchestrator.execute(EngineExecutionOrchestrator.java:58) ~[junit-platform-launcher-1.12.2.jar:1.12.2]
	at org.junit.platform.launcher.core.DefaultLauncher.execute(DefaultLauncher.java:103) ~[junit-platform-launcher-1.12.2.jar:1.12.2]
	at org.junit.platform.launcher.core.DefaultLauncher.execute(DefaultLauncher.java:85) ~[junit-platform-launcher-1.12.2.jar:1.12.2]
	at org.junit.platform.launcher.core.DelegatingLauncher.execute(DelegatingLauncher.java:47) ~[junit-platform-launcher-1.12.2.jar:1.12.2]
	at org.junit.platform.launcher.core.InterceptingLauncher.lambda$execute$1(InterceptingLauncher.java:39) ~[junit-platform-launcher-1.12.2.jar:1.12.2]
	at org.junit.platform.launcher.core.ClasspathAlignmentCheckingLauncherInterceptor.intercept(ClasspathAlignmentCheckingLauncherInterceptor.java:25) ~[junit-platform-launcher-1.12.2.jar:1.12.2]
	at org.junit.platform.launcher.core.InterceptingLauncher.execute(InterceptingLauncher.java:38) ~[junit-platform-launcher-1.12.2.jar:1.12.2]
	at org.junit.platform.launcher.core.DelegatingLauncher.execute(DelegatingLauncher.java:47) ~[junit-platform-launcher-1.12.2.jar:1.12.2]
	at org.junit.platform.launcher.core.SessionPerRequestLauncher.execute(SessionPerRequestLauncher.java:63) ~[junit-platform-launcher-1.12.2.jar:1.12.2]
	at com.intellij.junit5.JUnit5IdeaTestRunner.startRunnerWithArgs(JUnit5IdeaTestRunner.java:66) ~[junit5-rt.jar:na]
	at com.intellij.rt.junit.IdeaTestRunner$Repeater$1.execute(IdeaTestRunner.java:38) ~[junit-rt.jar:na]
	at com.intellij.rt.execution.junit.TestsRepeater.repeat(TestsRepeater.java:11) ~[idea_rt.jar:na]
	at com.intellij.rt.junit.IdeaTestRunner$Repeater.startRunnerWithArgs(IdeaTestRunner.java:35) ~[junit-rt.jar:na]
	at com.intellij.rt.junit.JUnitStarter.prepareStreamsAndStart(JUnitStarter.java:237) ~[junit-rt.jar:na]
	at com.intellij.rt.junit.JUnitStarter.main(JUnitStarter.java:58) ~[junit-rt.jar:na]
Caused by: java.lang.IllegalStateException: Internal problem occurred, please report it. Mockito is unable to load the default implementation of class that is a part of Mockito distribution. Failed to load interface org.mockito.plugins.MockMaker
	at org.mockito.internal.configuration.plugins.DefaultMockitoPlugins.create(DefaultMockitoPlugins.java:105) ~[mockito-core-5.17.0.jar:na]
	at org.mockito.internal.configuration.plugins.DefaultMockitoPlugins.getDefaultPlugin(DefaultMockitoPlugins.java:79) ~[mockito-core-5.17.0.jar:na]
	at org.mockito.internal.configuration.plugins.PluginLoader.loadPlugin(PluginLoader.java:75) ~[mockito-core-5.17.0.jar:na]
	at org.mockito.internal.configuration.plugins.PluginLoader.loadPlugin(PluginLoader.java:49) ~[mockito-core-5.17.0.jar:na]
	at org.mockito.internal.configuration.plugins.PluginRegistry.<init>(PluginRegistry.java:29) ~[mockito-core-5.17.0.jar:na]
	at org.mockito.internal.configuration.plugins.Plugins.<clinit>(Plugins.java:26) ~[mockito-core-5.17.0.jar:na]
	at org.mockito.internal.MockitoCore.<clinit>(MockitoCore.java:71) ~[mockito-core-5.17.0.jar:na]
	at org.mockito.Mockito.<clinit>(Mockito.java:1777) ~[mockito-core-5.17.0.jar:na]
	at org.springframework.boot.test.mock.mockito.MockReset.get(MockReset.java:108) ~[spring-boot-test-3.5.5.jar:3.5.5]
	at org.springframework.boot.test.mock.mockito.ResetMocksTestExecutionListener.resetMocks(ResetMocksTestExecutionListener.java:89) ~[spring-boot-test-3.5.5.jar:3.5.5]
	at org.springframework.boot.test.mock.mockito.ResetMocksTestExecutionListener.resetMocks(ResetMocksTestExecutionListener.java:77) ~[spring-boot-test-3.5.5.jar:3.5.5]
	at org.springframework.boot.test.mock.mockito.ResetMocksTestExecutionListener.beforeTestMethod(ResetMocksTestExecutionListener.java:64) ~[spring-boot-test-3.5.5.jar:3.5.5]
	at org.springframework.test.context.TestContextManager.beforeTestMethod(TestContextManager.java:320) ~[spring-test-6.2.10.jar:6.2.10]
	at org.springframework.test.context.junit.jupiter.SpringExtension.beforeEach(SpringExtension.java:236) ~[spring-test-6.2.10.jar:6.2.10]
	at java.base/java.util.ArrayList.forEach(ArrayList.java:1604) ~[na:na]
	at java.base/java.util.ArrayList.forEach(ArrayList.java:1604) ~[na:na]
Caused by: java.lang.reflect.InvocationTargetException: null
	at java.base/java.lang.reflect.Constructor.newInstanceWithCaller(Constructor.java:499) ~[na:na]
	at java.base/java.lang.reflect.Constructor.newInstance(Constructor.java:483) ~[na:na]
	at org.mockito.internal.configuration.plugins.DefaultMockitoPlugins.create(DefaultMockitoPlugins.java:103) ~[mockito-core-5.17.0.jar:na]
	... 15 common frames omitted
Caused by: org.mockito.exceptions.base.MockitoInitializationException: 
Could not initialize inline Byte Buddy mock maker.

It appears as if your JDK does not supply a working agent attachment mechanism.
Java               : 24
JVM vendor name    : Oracle Corporation
JVM vendor version : 24.0.2+11-jvmci-b01
JVM name           : Java HotSpot(TM) 64-Bit Server VM
JVM version        : 24.0.2+11-jvmci-b01
JVM info           : mixed mode, sharing
OS name            : Windows 10
OS version         : 10.0

	at org.mockito.internal.creation.bytebuddy.InlineDelegateByteBuddyMockMaker.<init>(InlineDelegateByteBuddyMockMaker.java:275) ~[mockito-core-5.17.0.jar:na]
	at org.mockito.internal.creation.bytebuddy.InlineByteBuddyMockMaker.<init>(InlineByteBuddyMockMaker.java:23) ~[mockito-core-5.17.0.jar:na]
	... 18 common frames omitted
Caused by: java.lang.IllegalStateException: Could not self-attach to current VM using external process - set a property net.bytebuddy.agent.attacher.dump to dump the process output to a file at the specified location
	at net.bytebuddy.agent.ByteBuddyAgent.installExternal(ByteBuddyAgent.java:672) ~[byte-buddy-agent-1.17.7.jar:na]
	at net.bytebuddy.agent.ByteBuddyAgent.install(ByteBuddyAgent.java:599) ~[byte-buddy-agent-1.17.7.jar:na]
	at net.bytebuddy.agent.ByteBuddyAgent.install(ByteBuddyAgent.java:579) ~[byte-buddy-agent-1.17.7.jar:na]
	at net.bytebuddy.agent.ByteBuddyAgent.install(ByteBuddyAgent.java:531) ~[byte-buddy-agent-1.17.7.jar:na]
	at net.bytebuddy.agent.ByteBuddyAgent.install(ByteBuddyAgent.java:508) ~[byte-buddy-agent-1.17.7.jar:na]
	at org.mockito.internal.PremainAttachAccess.getInstrumentation(PremainAttachAccess.java:80) ~[mockito-core-5.17.0.jar:na]
	at org.mockito.internal.creation.bytebuddy.InlineDelegateByteBuddyMockMaker.<clinit>(InlineDelegateByteBuddyMockMaker.java:138) ~[mockito-core-5.17.0.jar:na]
	... 19 common frames omitted

2025-11-04T16:40:08.732+03:00  WARN 18696 --- [medical-center-userservice] [main] o.s.test.context.TestContextManager      : Caught exception while invoking 'afterTestMethod' callback on TestExecutionListener [org.springframework.boot.test.mock.mockito.ResetMocksTestExecutionListener] for test method [void medicalcenter.userservice.repository.DoctorRepositoryTests.findBySpecialty_ShouldReturnDoctorsWithGivenSpecialty()] and test instance [medicalcenter.userservice.repository.DoctorRepositoryTests@5278bc6d]

java.lang.IllegalStateException: Could not initialize plugin: interface org.mockito.plugins.MockMaker (alternate: null)
	at org.mockito.internal.configuration.plugins.PluginLoader$1.invoke(PluginLoader.java:85) ~[mockito-core-5.17.0.jar:na]
	at jdk.proxy1/jdk.proxy1.$Proxy150.getHandler(Unknown Source) ~[na:na]
	at org.mockito.internal.util.MockUtil.getMockHandlerOrNull(MockUtil.java:158) ~[mockito-core-5.17.0.jar:na]
	at org.mockito.internal.util.MockUtil.isMock(MockUtil.java:147) ~[mockito-core-5.17.0.jar:na]
	at org.mockito.internal.util.DefaultMockingDetails.isMock(DefaultMockingDetails.java:32) ~[mockito-core-5.17.0.jar:na]
	at org.springframework.boot.test.mock.mockito.MockReset.get(MockReset.java:109) ~[spring-boot-test-3.5.5.jar:3.5.5]
	at org.springframework.boot.test.mock.mockito.ResetMocksTestExecutionListener.resetMocks(ResetMocksTestExecutionListener.java:89) ~[spring-boot-test-3.5.5.jar:3.5.5]
	at org.springframework.boot.test.mock.mockito.ResetMocksTestExecutionListener.resetMocks(ResetMocksTestExecutionListener.java:77) ~[spring-boot-test-3.5.5.jar:3.5.5]
	at org.springframework.boot.test.mock.mockito.ResetMocksTestExecutionListener.afterTestMethod(ResetMocksTestExecutionListener.java:71) ~[spring-boot-test-3.5.5.jar:3.5.5]
	at org.springframework.test.context.TestContextManager.afterTestMethod(TestContextManager.java:488) ~[spring-test-6.2.10.jar:6.2.10]
	at org.springframework.test.context.junit.jupiter.SpringExtension.afterEach(SpringExtension.java:274) ~[spring-test-6.2.10.jar:6.2.10]
	at org.junit.jupiter.engine.descriptor.TestMethodTestDescriptor.lambda$invokeAfterEachCallbacks$12(TestMethodTestDescriptor.java:259) ~[junit-jupiter-engine-5.12.2.jar:5.12.2]
	at org.junit.jupiter.engine.descriptor.TestMethodTestDescriptor.lambda$invokeAllAfterMethodsOrCallbacks$13(TestMethodTestDescriptor.java:275) ~[junit-jupiter-engine-5.12.2.jar:5.12.2]
	at org.junit.platform.engine.support.hierarchical.ThrowableCollector.execute(ThrowableCollector.java:73) ~[junit-platform-engine-1.12.2.jar:1.12.2]
	at org.junit.jupiter.engine.descriptor.TestMethodTestDescriptor.lambda$invokeAllAfterMethodsOrCallbacks$14(TestMethodTestDescriptor.java:275) ~[junit-jupiter-engine-5.12.2.jar:5.12.2]
	at org.junit.platform.commons.util.CollectionUtils.forEachInReverseOrder(CollectionUtils.java:239) ~[junit-platform-commons-1.12.2.jar:1.12.2]
	at org.junit.jupiter.engine.descriptor.TestMethodTestDescriptor.invokeAllAfterMethodsOrCallbacks(TestMethodTestDescriptor.java:274) ~[junit-jupiter-engine-5.12.2.jar:5.12.2]
	at org.junit.jupiter.engine.descriptor.TestMethodTestDescriptor.invokeAfterEachCallbacks(TestMethodTestDescriptor.java:258) ~[junit-jupiter-engine-5.12.2.jar:5.12.2]
	at org.junit.jupiter.engine.descriptor.TestMethodTestDescriptor.execute(TestMethodTestDescriptor.java:143) ~[junit-jupiter-engine-5.12.2.jar:5.12.2]
	at org.junit.jupiter.engine.descriptor.TestMethodTestDescriptor.execute(TestMethodTestDescriptor.java:69) ~[junit-jupiter-engine-5.12.2.jar:5.12.2]
	at org.junit.platform.engine.support.hierarchical.NodeTestTask.lambda$executeRecursively$6(NodeTestTask.java:156) ~[junit-platform-engine-1.12.2.jar:1.12.2]
	at org.junit.platform.engine.support.hierarchical.ThrowableCollector.execute(ThrowableCollector.java:73) ~[junit-platform-engine-1.12.2.jar:1.12.2]
	at org.junit.platform.engine.support.hierarchical.NodeTestTask.lambda$executeRecursively$8(NodeTestTask.java:146) ~[junit-platform-engine-1.12.2.jar:1.12.2]
	at org.junit.platform.engine.support.hierarchical.Node.around(Node.java:137) ~[junit-platform-engine-1.12.2.jar:1.12.2]
	at org.junit.platform.engine.support.hierarchical.NodeTestTask.lambda$executeRecursively$9(NodeTestTask.java:144) ~[junit-platform-engine-1.12.2.jar:1.12.2]
	at org.junit.platform.engine.support.hierarchical.ThrowableCollector.execute(ThrowableCollector.java:73) ~[junit-platform-engine-1.12.2.jar:1.12.2]
	at org.junit.platform.engine.support.hierarchical.NodeTestTask.executeRecursively(NodeTestTask.java:143) ~[junit-platform-engine-1.12.2.jar:1.12.2]
	at org.junit.platform.engine.support.hierarchical.NodeTestTask.execute(NodeTestTask.java:100) ~[junit-platform-engine-1.12.2.jar:1.12.2]
	at java.base/java.util.ArrayList.forEach(ArrayList.java:1604) ~[na:na]
	at org.junit.platform.engine.support.hierarchical.SameThreadHierarchicalTestExecutorService.invokeAll(SameThreadHierarchicalTestExecutorService.java:41) ~[junit-platform-engine-1.12.2.jar:1.12.2]
	at org.junit.platform.engine.support.hierarchical.NodeTestTask.lambda$executeRecursively$6(NodeTestTask.java:160) ~[junit-platform-engine-1.12.2.jar:1.12.2]
	at org.junit.platform.engine.support.hierarchical.ThrowableCollector.execute(ThrowableCollector.java:73) ~[junit-platform-engine-1.12.2.jar:1.12.2]
	at org.junit.platform.engine.support.hierarchical.NodeTestTask.lambda$executeRecursively$8(NodeTestTask.java:146) ~[junit-platform-engine-1.12.2.jar:1.12.2]
	at org.junit.platform.engine.support.hierarchical.Node.around(Node.java:137) ~[junit-platform-engine-1.12.2.jar:1.12.2]
	at org.junit.platform.engine.support.hierarchical.NodeTestTask.lambda$executeRecursively$9(NodeTestTask.java:144) ~[junit-platform-engine-1.12.2.jar:1.12.2]
	at org.junit.platform.engine.support.hierarchical.ThrowableCollector.execute(ThrowableCollector.java:73) ~[junit-platform-engine-1.12.2.jar:1.12.2]
	at org.junit.platform.engine.support.hierarchical.NodeTestTask.executeRecursively(NodeTestTask.java:143) ~[junit-platform-engine-1.12.2.jar:1.12.2]
	at org.junit.platform.engine.support.hierarchical.NodeTestTask.execute(NodeTestTask.java:100) ~[junit-platform-engine-1.12.2.jar:1.12.2]
	at java.base/java.util.ArrayList.forEach(ArrayList.java:1604) ~[na:na]
	at org.junit.platform.engine.support.hierarchical.SameThreadHierarchicalTestExecutorService.invokeAll(SameThreadHierarchicalTestExecutorService.java:41) ~[junit-platform-engine-1.12.2.jar:1.12.2]
	at org.junit.platform.engine.support.hierarchical.NodeTestTask.lambda$executeRecursively$6(NodeTestTask.java:160) ~[junit-platform-engine-1.12.2.jar:1.12.2]
	at org.junit.platform.engine.support.hierarchical.ThrowableCollector.execute(ThrowableCollector.java:73) ~[junit-platform-engine-1.12.2.jar:1.12.2]
	at org.junit.platform.engine.support.hierarchical.NodeTestTask.lambda$executeRecursively$8(NodeTestTask.java:146) ~[junit-platform-engine-1.12.2.jar:1.12.2]
	at org.junit.platform.engine.support.hierarchical.Node.around(Node.java:137) ~[junit-platform-engine-1.12.2.jar:1.12.2]
	at org.junit.platform.engine.support.hierarchical.NodeTestTask.lambda$executeRecursively$9(NodeTestTask.java:144) ~[junit-platform-engine-1.12.2.jar:1.12.2]
	at org.junit.platform.engine.support.hierarchical.ThrowableCollector.execute(ThrowableCollector.java:73) ~[junit-platform-engine-1.12.2.jar:1.12.2]
	at org.junit.platform.engine.support.hierarchical.NodeTestTask.executeRecursively(NodeTestTask.java:143) ~[junit-platform-engine-1.12.2.jar:1.12.2]
	at org.junit.platform.engine.support.hierarchical.NodeTestTask.execute(NodeTestTask.java:100) ~[junit-platform-engine-1.12.2.jar:1.12.2]
	at org.junit.platform.engine.support.hierarchical.SameThreadHierarchicalTestExecutorService.submit(SameThreadHierarchicalTestExecutorService.java:35) ~[junit-platform-engine-1.12.2.jar:1.12.2]
	at org.junit.platform.engine.support.hierarchical.HierarchicalTestExecutor.execute(HierarchicalTestExecutor.java:57) ~[junit-platform-engine-1.12.2.jar:1.12.2]
	at org.junit.platform.engine.support.hierarchical.HierarchicalTestEngine.execute(HierarchicalTestEngine.java:54) ~[junit-platform-engine-1.12.2.jar:1.12.2]
	at org.junit.platform.launcher.core.EngineExecutionOrchestrator.execute(EngineExecutionOrchestrator.java:201) ~[junit-platform-launcher-1.12.2.jar:1.12.2]
	at org.junit.platform.launcher.core.EngineExecutionOrchestrator.execute(EngineExecutionOrchestrator.java:170) ~[junit-platform-launcher-1.12.2.jar:1.12.2]
	at org.junit.platform.launcher.core.EngineExecutionOrchestrator.execute(EngineExecutionOrchestrator.java:94) ~[junit-platform-launcher-1.12.2.jar:1.12.2]
	at org.junit.platform.launcher.core.EngineExecutionOrchestrator.lambda$execute$0(EngineExecutionOrchestrator.java:59) ~[junit-platform-launcher-1.12.2.jar:1.12.2]
	at org.junit.platform.launcher.core.EngineExecutionOrchestrator.withInterceptedStreams(EngineExecutionOrchestrator.java:142) ~[junit-platform-launcher-1.12.2.jar:1.12.2]
	at org.junit.platform.launcher.core.EngineExecutionOrchestrator.execute(EngineExecutionOrchestrator.java:58) ~[junit-platform-launcher-1.12.2.jar:1.12.2]
	at org.junit.platform.launcher.core.DefaultLauncher.execute(DefaultLauncher.java:103) ~[junit-platform-launcher-1.12.2.jar:1.12.2]
	at org.junit.platform.launcher.core.DefaultLauncher.execute(DefaultLauncher.java:85) ~[junit-platform-launcher-1.12.2.jar:1.12.2]
	at org.junit.platform.launcher.core.DelegatingLauncher.execute(DelegatingLauncher.java:47) ~[junit-platform-launcher-1.12.2.jar:1.12.2]
	at org.junit.platform.launcher.core.InterceptingLauncher.lambda$execute$1(InterceptingLauncher.java:39) ~[junit-platform-launcher-1.12.2.jar:1.12.2]
	at org.junit.platform.launcher.core.ClasspathAlignmentCheckingLauncherInterceptor.intercept(ClasspathAlignmentCheckingLauncherInterceptor.java:25) ~[junit-platform-launcher-1.12.2.jar:1.12.2]
	at org.junit.platform.launcher.core.InterceptingLauncher.execute(InterceptingLauncher.java:38) ~[junit-platform-launcher-1.12.2.jar:1.12.2]
	at org.junit.platform.launcher.core.DelegatingLauncher.execute(DelegatingLauncher.java:47) ~[junit-platform-launcher-1.12.2.jar:1.12.2]
	at org.junit.platform.launcher.core.SessionPerRequestLauncher.execute(SessionPerRequestLauncher.java:63) ~[junit-platform-launcher-1.12.2.jar:1.12.2]
	at com.intellij.junit5.JUnit5IdeaTestRunner.startRunnerWithArgs(JUnit5IdeaTestRunner.java:66) ~[junit5-rt.jar:na]
	at com.intellij.rt.junit.IdeaTestRunner$Repeater$1.execute(IdeaTestRunner.java:38) ~[junit-rt.jar:na]
	at com.intellij.rt.execution.junit.TestsRepeater.repeat(TestsRepeater.java:11) ~[idea_rt.jar:na]
	at com.intellij.rt.junit.IdeaTestRunner$Repeater.startRunnerWithArgs(IdeaTestRunner.java:35) ~[junit-rt.jar:na]
	at com.intellij.rt.junit.JUnitStarter.prepareStreamsAndStart(JUnitStarter.java:237) ~[junit-rt.jar:na]
	at com.intellij.rt.junit.JUnitStarter.main(JUnitStarter.java:58) ~[junit-rt.jar:na]
Caused by: java.lang.IllegalStateException: Internal problem occurred, please report it. Mockito is unable to load the default implementation of class that is a part of Mockito distribution. Failed to load interface org.mockito.plugins.MockMaker
	at org.mockito.internal.configuration.plugins.DefaultMockitoPlugins.create(DefaultMockitoPlugins.java:105) ~[mockito-core-5.17.0.jar:na]
	at org.mockito.internal.configuration.plugins.DefaultMockitoPlugins.getDefaultPlugin(DefaultMockitoPlugins.java:79) ~[mockito-core-5.17.0.jar:na]
	at org.mockito.internal.configuration.plugins.PluginLoader.loadPlugin(PluginLoader.java:75) ~[mockito-core-5.17.0.jar:na]
	at org.mockito.internal.configuration.plugins.PluginLoader.loadPlugin(PluginLoader.java:49) ~[mockito-core-5.17.0.jar:na]
	at org.mockito.internal.configuration.plugins.PluginRegistry.<init>(PluginRegistry.java:29) ~[mockito-core-5.17.0.jar:na]
	at org.mockito.internal.configuration.plugins.Plugins.<clinit>(Plugins.java:26) ~[mockito-core-5.17.0.jar:na]
	at org.mockito.internal.MockitoCore.<clinit>(MockitoCore.java:71) ~[mockito-core-5.17.0.jar:na]
	at org.mockito.Mockito.<clinit>(Mockito.java:1777) ~[mockito-core-5.17.0.jar:na]
	at org.springframework.boot.test.mock.mockito.MockReset.get(MockReset.java:108) ~[spring-boot-test-3.5.5.jar:3.5.5]
	at org.springframework.boot.test.mock.mockito.ResetMocksTestExecutionListener.resetMocks(ResetMocksTestExecutionListener.java:89) ~[spring-boot-test-3.5.5.jar:3.5.5]
	at org.springframework.boot.test.mock.mockito.ResetMocksTestExecutionListener.resetMocks(ResetMocksTestExecutionListener.java:77) ~[spring-boot-test-3.5.5.jar:3.5.5]
	at org.springframework.boot.test.mock.mockito.ResetMocksTestExecutionListener.beforeTestMethod(ResetMocksTestExecutionListener.java:64) ~[spring-boot-test-3.5.5.jar:3.5.5]
	at org.springframework.test.context.TestContextManager.beforeTestMethod(TestContextManager.java:320) ~[spring-test-6.2.10.jar:6.2.10]
	at org.springframework.test.context.junit.jupiter.SpringExtension.beforeEach(SpringExtension.java:236) ~[spring-test-6.2.10.jar:6.2.10]
	at java.base/java.util.ArrayList.forEach(ArrayList.java:1604) ~[na:na]
	at java.base/java.util.ArrayList.forEach(ArrayList.java:1604) ~[na:na]
Caused by: java.lang.reflect.InvocationTargetException: null
	at java.base/java.lang.reflect.Constructor.newInstanceWithCaller(Constructor.java:499) ~[na:na]
	at java.base/java.lang.reflect.Constructor.newInstance(Constructor.java:483) ~[na:na]
	at org.mockito.internal.configuration.plugins.DefaultMockitoPlugins.create(DefaultMockitoPlugins.java:103) ~[mockito-core-5.17.0.jar:na]
	... 15 common frames omitted
Caused by: org.mockito.exceptions.base.MockitoInitializationException: 
Could not initialize inline Byte Buddy mock maker.

It appears as if your JDK does not supply a working agent attachment mechanism.
Java               : 24
JVM vendor name    : Oracle Corporation
JVM vendor version : 24.0.2+11-jvmci-b01
JVM name           : Java HotSpot(TM) 64-Bit Server VM
JVM version        : 24.0.2+11-jvmci-b01
JVM info           : mixed mode, sharing
OS name            : Windows 10
OS version         : 10.0

	at org.mockito.internal.creation.bytebuddy.InlineDelegateByteBuddyMockMaker.<init>(InlineDelegateByteBuddyMockMaker.java:275) ~[mockito-core-5.17.0.jar:na]
	at org.mockito.internal.creation.bytebuddy.InlineByteBuddyMockMaker.<init>(InlineByteBuddyMockMaker.java:23) ~[mockito-core-5.17.0.jar:na]
	... 18 common frames omitted
Caused by: java.lang.IllegalStateException: Could not self-attach to current VM using external process - set a property net.bytebuddy.agent.attacher.dump to dump the process output to a file at the specified location
	at net.bytebuddy.agent.ByteBuddyAgent.installExternal(ByteBuddyAgent.java:672) ~[byte-buddy-agent-1.17.7.jar:na]
	at net.bytebuddy.agent.ByteBuddyAgent.install(ByteBuddyAgent.java:599) ~[byte-buddy-agent-1.17.7.jar:na]
	at net.bytebuddy.agent.ByteBuddyAgent.install(ByteBuddyAgent.java:579) ~[byte-buddy-agent-1.17.7.jar:na]
	at net.bytebuddy.agent.ByteBuddyAgent.install(ByteBuddyAgent.java:531) ~[byte-buddy-agent-1.17.7.jar:na]
	at net.bytebuddy.agent.ByteBuddyAgent.install(ByteBuddyAgent.java:508) ~[byte-buddy-agent-1.17.7.jar:na]
	at org.mockito.internal.PremainAttachAccess.getInstrumentation(PremainAttachAccess.java:80) ~[mockito-core-5.17.0.jar:na]
	at org.mockito.internal.creation.bytebuddy.InlineDelegateByteBuddyMockMaker.<clinit>(InlineDelegateByteBuddyMockMaker.java:138) ~[mockito-core-5.17.0.jar:na]
	... 19 common frames omitted

2025-11-04T16:40:08.745+03:00  WARN 18696 --- [medical-center-userservice] [main] o.s.test.context.TestContextManager      : Caught exception while invoking 'beforeTestMethod' callback on TestExecutionListener [org.springframework.boot.test.mock.mockito.ResetMocksTestExecutionListener] for test method [void medicalcenter.userservice.repository.DoctorRepositoryTests.findById_WithNonExistingId_ShouldReturnEmpty()] and test instance [medicalcenter.userservice.repository.DoctorRepositoryTests@1761b129]

java.lang.IllegalStateException: Could not initialize plugin: interface org.mockito.plugins.MockMaker (alternate: null)
	at org.mockito.internal.configuration.plugins.PluginLoader$1.invoke(PluginLoader.java:85) ~[mockito-core-5.17.0.jar:na]
	at jdk.proxy1/jdk.proxy1.$Proxy150.getHandler(Unknown Source) ~[na:na]
	at org.mockito.internal.util.MockUtil.getMockHandlerOrNull(MockUtil.java:158) ~[mockito-core-5.17.0.jar:na]
	at org.mockito.internal.util.MockUtil.isMock(MockUtil.java:147) ~[mockito-core-5.17.0.jar:na]
	at org.mockito.internal.util.DefaultMockingDetails.isMock(DefaultMockingDetails.java:32) ~[mockito-core-5.17.0.jar:na]
	at org.springframework.boot.test.mock.mockito.MockReset.get(MockReset.java:109) ~[spring-boot-test-3.5.5.jar:3.5.5]
	at org.springframework.boot.test.mock.mockito.ResetMocksTestExecutionListener.resetMocks(ResetMocksTestExecutionListener.java:89) ~[spring-boot-test-3.5.5.jar:3.5.5]
	at org.springframework.boot.test.mock.mockito.ResetMocksTestExecutionListener.resetMocks(ResetMocksTestExecutionListener.java:77) ~[spring-boot-test-3.5.5.jar:3.5.5]
	at org.springframework.boot.test.mock.mockito.ResetMocksTestExecutionListener.beforeTestMethod(ResetMocksTestExecutionListener.java:64) ~[spring-boot-test-3.5.5.jar:3.5.5]
	at org.springframework.test.context.TestContextManager.beforeTestMethod(TestContextManager.java:320) ~[spring-test-6.2.10.jar:6.2.10]
	at org.springframework.test.context.junit.jupiter.SpringExtension.beforeEach(SpringExtension.java:236) ~[spring-test-6.2.10.jar:6.2.10]
	at org.junit.jupiter.engine.descriptor.TestMethodTestDescriptor.lambda$invokeBeforeEachCallbacks$2(TestMethodTestDescriptor.java:165) ~[junit-jupiter-engine-5.12.2.jar:5.12.2]
	at org.junit.jupiter.engine.descriptor.TestMethodTestDescriptor.lambda$invokeBeforeMethodsOrCallbacksUntilExceptionOccurs$6(TestMethodTestDescriptor.java:201) ~[junit-jupiter-engine-5.12.2.jar:5.12.2]
	at org.junit.platform.engine.support.hierarchical.ThrowableCollector.execute(ThrowableCollector.java:73) ~[junit-platform-engine-1.12.2.jar:1.12.2]
	at org.junit.jupiter.engine.descriptor.TestMethodTestDescriptor.invokeBeforeMethodsOrCallbacksUntilExceptionOccurs(TestMethodTestDescriptor.java:201) ~[junit-jupiter-engine-5.12.2.jar:5.12.2]
	at org.junit.jupiter.engine.descriptor.TestMethodTestDescriptor.invokeBeforeEachCallbacks(TestMethodTestDescriptor.java:164) ~[junit-jupiter-engine-5.12.2.jar:5.12.2]
	at org.junit.jupiter.engine.descriptor.TestMethodTestDescriptor.execute(TestMethodTestDescriptor.java:131) ~[junit-jupiter-engine-5.12.2.jar:5.12.2]
	at org.junit.jupiter.engine.descriptor.TestMethodTestDescriptor.execute(TestMethodTestDescriptor.java:69) ~[junit-jupiter-engine-5.12.2.jar:5.12.2]
	at org.junit.platform.engine.support.hierarchical.NodeTestTask.lambda$executeRecursively$6(NodeTestTask.java:156) ~[junit-platform-engine-1.12.2.jar:1.12.2]
	at org.junit.platform.engine.support.hierarchical.ThrowableCollector.execute(ThrowableCollector.java:73) ~[junit-platform-engine-1.12.2.jar:1.12.2]
	at org.junit.platform.engine.support.hierarchical.NodeTestTask.lambda$executeRecursively$8(NodeTestTask.java:146) ~[junit-platform-engine-1.12.2.jar:1.12.2]
	at org.junit.platform.engine.support.hierarchical.Node.around(Node.java:137) ~[junit-platform-engine-1.12.2.jar:1.12.2]
	at org.junit.platform.engine.support.hierarchical.NodeTestTask.lambda$executeRecursively$9(NodeTestTask.java:144) ~[junit-platform-engine-1.12.2.jar:1.12.2]
	at org.junit.platform.engine.support.hierarchical.ThrowableCollector.execute(ThrowableCollector.java:73) ~[junit-platform-engine-1.12.2.jar:1.12.2]
	at org.junit.platform.engine.support.hierarchical.NodeTestTask.executeRecursively(NodeTestTask.java:143) ~[junit-platform-engine-1.12.2.jar:1.12.2]
	at org.junit.platform.engine.support.hierarchical.NodeTestTask.execute(NodeTestTask.java:100) ~[junit-platform-engine-1.12.2.jar:1.12.2]
	at java.base/java.util.ArrayList.forEach(ArrayList.java:1604) ~[na:na]
	at org.junit.platform.engine.support.hierarchical.SameThreadHierarchicalTestExecutorService.invokeAll(SameThreadHierarchicalTestExecutorService.java:41) ~[junit-platform-engine-1.12.2.jar:1.12.2]
	at org.junit.platform.engine.support.hierarchical.NodeTestTask.lambda$executeRecursively$6(NodeTestTask.java:160) ~[junit-platform-engine-1.12.2.jar:1.12.2]
	at org.junit.platform.engine.support.hierarchical.ThrowableCollector.execute(ThrowableCollector.java:73) ~[junit-platform-engine-1.12.2.jar:1.12.2]
	at org.junit.platform.engine.support.hierarchical.NodeTestTask.lambda$executeRecursively$8(NodeTestTask.java:146) ~[junit-platform-engine-1.12.2.jar:1.12.2]
	at org.junit.platform.engine.support.hierarchical.Node.around(Node.java:137) ~[junit-platform-engine-1.12.2.jar:1.12.2]
	at org.junit.platform.engine.support.hierarchical.NodeTestTask.lambda$executeRecursively$9(NodeTestTask.java:144) ~[junit-platform-engine-1.12.2.jar:1.12.2]
	at org.junit.platform.engine.support.hierarchical.ThrowableCollector.execute(ThrowableCollector.java:73) ~[junit-platform-engine-1.12.2.jar:1.12.2]
	at org.junit.platform.engine.support.hierarchical.NodeTestTask.executeRecursively(NodeTestTask.java:143) ~[junit-platform-engine-1.12.2.jar:1.12.2]
	at org.junit.platform.engine.support.hierarchical.NodeTestTask.execute(NodeTestTask.java:100) ~[junit-platform-engine-1.12.2.jar:1.12.2]
	at java.base/java.util.ArrayList.forEach(ArrayList.java:1604) ~[na:na]
	at org.junit.platform.engine.support.hierarchical.SameThreadHierarchicalTestExecutorService.invokeAll(SameThreadHierarchicalTestExecutorService.java:41) ~[junit-platform-engine-1.12.2.jar:1.12.2]
	at org.junit.platform.engine.support.hierarchical.NodeTestTask.lambda$executeRecursively$6(NodeTestTask.java:160) ~[junit-platform-engine-1.12.2.jar:1.12.2]
	at org.junit.platform.engine.support.hierarchical.ThrowableCollector.execute(ThrowableCollector.java:73) ~[junit-platform-engine-1.12.2.jar:1.12.2]
	at org.junit.platform.engine.support.hierarchical.NodeTestTask.lambda$executeRecursively$8(NodeTestTask.java:146) ~[junit-platform-engine-1.12.2.jar:1.12.2]
	at org.junit.platform.engine.support.hierarchical.Node.around(Node.java:137) ~[junit-platform-engine-1.12.2.jar:1.12.2]
	at org.junit.platform.engine.support.hierarchical.NodeTestTask.lambda$executeRecursively$9(NodeTestTask.java:144) ~[junit-platform-engine-1.12.2.jar:1.12.2]
	at org.junit.platform.engine.support.hierarchical.ThrowableCollector.execute(ThrowableCollector.java:73) ~[junit-platform-engine-1.12.2.jar:1.12.2]
	at org.junit.platform.engine.support.hierarchical.NodeTestTask.executeRecursively(NodeTestTask.java:143) ~[junit-platform-engine-1.12.2.jar:1.12.2]
	at org.junit.platform.engine.support.hierarchical.NodeTestTask.execute(NodeTestTask.java:100) ~[junit-platform-engine-1.12.2.jar:1.12.2]
	at org.junit.platform.engine.support.hierarchical.SameThreadHierarchicalTestExecutorService.submit(SameThreadHierarchicalTestExecutorService.java:35) ~[junit-platform-engine-1.12.2.jar:1.12.2]
	at org.junit.platform.engine.support.hierarchical.HierarchicalTestExecutor.execute(HierarchicalTestExecutor.java:57) ~[junit-platform-engine-1.12.2.jar:1.12.2]
	at org.junit.platform.engine.support.hierarchical.HierarchicalTestEngine.execute(HierarchicalTestEngine.java:54) ~[junit-platform-engine-1.12.2.jar:1.12.2]
	at org.junit.platform.launcher.core.EngineExecutionOrchestrator.execute(EngineExecutionOrchestrator.java:201) ~[junit-platform-launcher-1.12.2.jar:1.12.2]
	at org.junit.platform.launcher.core.EngineExecutionOrchestrator.execute(EngineExecutionOrchestrator.java:170) ~[junit-platform-launcher-1.12.2.jar:1.12.2]
	at org.junit.platform.launcher.core.EngineExecutionOrchestrator.execute(EngineExecutionOrchestrator.java:94) ~[junit-platform-launcher-1.12.2.jar:1.12.2]
	at org.junit.platform.launcher.core.EngineExecutionOrchestrator.lambda$execute$0(EngineExecutionOrchestrator.java:59) ~[junit-platform-launcher-1.12.2.jar:1.12.2]
	at org.junit.platform.launcher.core.EngineExecutionOrchestrator.withInterceptedStreams(EngineExecutionOrchestrator.java:142) ~[junit-platform-launcher-1.12.2.jar:1.12.2]
	at org.junit.platform.launcher.core.EngineExecutionOrchestrator.execute(EngineExecutionOrchestrator.java:58) ~[junit-platform-launcher-1.12.2.jar:1.12.2]
	at org.junit.platform.launcher.core.DefaultLauncher.execute(DefaultLauncher.java:103) ~[junit-platform-launcher-1.12.2.jar:1.12.2]
	at org.junit.platform.launcher.core.DefaultLauncher.execute(DefaultLauncher.java:85) ~[junit-platform-launcher-1.12.2.jar:1.12.2]
	at org.junit.platform.launcher.core.DelegatingLauncher.execute(DelegatingLauncher.java:47) ~[junit-platform-launcher-1.12.2.jar:1.12.2]
	at org.junit.platform.launcher.core.InterceptingLauncher.lambda$execute$1(InterceptingLauncher.java:39) ~[junit-platform-launcher-1.12.2.jar:1.12.2]
	at org.junit.platform.launcher.core.ClasspathAlignmentCheckingLauncherInterceptor.intercept(ClasspathAlignmentCheckingLauncherInterceptor.java:25) ~[junit-platform-launcher-1.12.2.jar:1.12.2]
	at org.junit.platform.launcher.core.InterceptingLauncher.execute(InterceptingLauncher.java:38) ~[junit-platform-launcher-1.12.2.jar:1.12.2]
	at org.junit.platform.launcher.core.DelegatingLauncher.execute(DelegatingLauncher.java:47) ~[junit-platform-launcher-1.12.2.jar:1.12.2]
	at org.junit.platform.launcher.core.SessionPerRequestLauncher.execute(SessionPerRequestLauncher.java:63) ~[junit-platform-launcher-1.12.2.jar:1.12.2]
	at com.intellij.junit5.JUnit5IdeaTestRunner.startRunnerWithArgs(JUnit5IdeaTestRunner.java:66) ~[junit5-rt.jar:na]
	at com.intellij.rt.junit.IdeaTestRunner$Repeater$1.execute(IdeaTestRunner.java:38) ~[junit-rt.jar:na]
	at com.intellij.rt.execution.junit.TestsRepeater.repeat(TestsRepeater.java:11) ~[idea_rt.jar:na]
	at com.intellij.rt.junit.IdeaTestRunner$Repeater.startRunnerWithArgs(IdeaTestRunner.java:35) ~[junit-rt.jar:na]
	at com.intellij.rt.junit.JUnitStarter.prepareStreamsAndStart(JUnitStarter.java:237) ~[junit-rt.jar:na]
	at com.intellij.rt.junit.JUnitStarter.main(JUnitStarter.java:58) ~[junit-rt.jar:na]
Caused by: java.lang.IllegalStateException: Internal problem occurred, please report it. Mockito is unable to load the default implementation of class that is a part of Mockito distribution. Failed to load interface org.mockito.plugins.MockMaker
	at org.mockito.internal.configuration.plugins.DefaultMockitoPlugins.create(DefaultMockitoPlugins.java:105) ~[mockito-core-5.17.0.jar:na]
	at org.mockito.internal.configuration.plugins.DefaultMockitoPlugins.getDefaultPlugin(DefaultMockitoPlugins.java:79) ~[mockito-core-5.17.0.jar:na]
	at org.mockito.internal.configuration.plugins.PluginLoader.loadPlugin(PluginLoader.java:75) ~[mockito-core-5.17.0.jar:na]
	at org.mockito.internal.configuration.plugins.PluginLoader.loadPlugin(PluginLoader.java:49) ~[mockito-core-5.17.0.jar:na]
	at org.mockito.internal.configuration.plugins.PluginRegistry.<init>(PluginRegistry.java:29) ~[mockito-core-5.17.0.jar:na]
	at org.mockito.internal.configuration.plugins.Plugins.<clinit>(Plugins.java:26) ~[mockito-core-5.17.0.jar:na]
	at org.mockito.internal.MockitoCore.<clinit>(MockitoCore.java:71) ~[mockito-core-5.17.0.jar:na]
	at org.mockito.Mockito.<clinit>(Mockito.java:1777) ~[mockito-core-5.17.0.jar:na]
	at org.springframework.boot.test.mock.mockito.MockReset.get(MockReset.java:108) ~[spring-boot-test-3.5.5.jar:3.5.5]
	at org.springframework.boot.test.mock.mockito.ResetMocksTestExecutionListener.resetMocks(ResetMocksTestExecutionListener.java:89) ~[spring-boot-test-3.5.5.jar:3.5.5]
	at org.springframework.boot.test.mock.mockito.ResetMocksTestExecutionListener.resetMocks(ResetMocksTestExecutionListener.java:77) ~[spring-boot-test-3.5.5.jar:3.5.5]
	at org.springframework.boot.test.mock.mockito.ResetMocksTestExecutionListener.beforeTestMethod(ResetMocksTestExecutionListener.java:64) ~[spring-boot-test-3.5.5.jar:3.5.5]
	at org.springframework.test.context.TestContextManager.beforeTestMethod(TestContextManager.java:320) ~[spring-test-6.2.10.jar:6.2.10]
	at org.springframework.test.context.junit.jupiter.SpringExtension.beforeEach(SpringExtension.java:236) ~[spring-test-6.2.10.jar:6.2.10]
	at java.base/java.util.ArrayList.forEach(ArrayList.java:1604) ~[na:na]
	at java.base/java.util.ArrayList.forEach(ArrayList.java:1604) ~[na:na]
Caused by: java.lang.reflect.InvocationTargetException: null
	at java.base/java.lang.reflect.Constructor.newInstanceWithCaller(Constructor.java:499) ~[na:na]
	at java.base/java.lang.reflect.Constructor.newInstance(Constructor.java:483) ~[na:na]
	at org.mockito.internal.configuration.plugins.DefaultMockitoPlugins.create(DefaultMockitoPlugins.java:103) ~[mockito-core-5.17.0.jar:na]
	... 15 common frames omitted
Caused by: org.mockito.exceptions.base.MockitoInitializationException: 
Could not initialize inline Byte Buddy mock maker.

It appears as if your JDK does not supply a working agent attachment mechanism.
Java               : 24
JVM vendor name    : Oracle Corporation
JVM vendor version : 24.0.2+11-jvmci-b01
JVM name           : Java HotSpot(TM) 64-Bit Server VM
JVM version        : 24.0.2+11-jvmci-b01
JVM info           : mixed mode, sharing
OS name            : Windows 10
OS version         : 10.0

	at org.mockito.internal.creation.bytebuddy.InlineDelegateByteBuddyMockMaker.<init>(InlineDelegateByteBuddyMockMaker.java:275) ~[mockito-core-5.17.0.jar:na]
	at org.mockito.internal.creation.bytebuddy.InlineByteBuddyMockMaker.<init>(InlineByteBuddyMockMaker.java:23) ~[mockito-core-5.17.0.jar:na]
	... 18 common frames omitted
Caused by: java.lang.IllegalStateException: Could not self-attach to current VM using external process - set a property net.bytebuddy.agent.attacher.dump to dump the process output to a file at the specified location
	at net.bytebuddy.agent.ByteBuddyAgent.installExternal(ByteBuddyAgent.java:672) ~[byte-buddy-agent-1.17.7.jar:na]
	at net.bytebuddy.agent.ByteBuddyAgent.install(ByteBuddyAgent.java:599) ~[byte-buddy-agent-1.17.7.jar:na]
	at net.bytebuddy.agent.ByteBuddyAgent.install(ByteBuddyAgent.java:579) ~[byte-buddy-agent-1.17.7.jar:na]
	at net.bytebuddy.agent.ByteBuddyAgent.install(ByteBuddyAgent.java:531) ~[byte-buddy-agent-1.17.7.jar:na]
	at net.bytebuddy.agent.ByteBuddyAgent.install(ByteBuddyAgent.java:508) ~[byte-buddy-agent-1.17.7.jar:na]
	at org.mockito.internal.PremainAttachAccess.getInstrumentation(PremainAttachAccess.java:80) ~[mockito-core-5.17.0.jar:na]
	at org.mockito.internal.creation.bytebuddy.InlineDelegateByteBuddyMockMaker.<clinit>(InlineDelegateByteBuddyMockMaker.java:138) ~[mockito-core-5.17.0.jar:na]
	... 19 common frames omitted

2025-11-04T16:40:08.749+03:00  WARN 18696 --- [medical-center-userservice] [main] o.s.test.context.TestContextManager      : Caught exception while invoking 'afterTestMethod' callback on TestExecutionListener [org.springframework.boot.test.mock.mockito.ResetMocksTestExecutionListener] for test method [void medicalcenter.userservice.repository.DoctorRepositoryTests.findById_WithNonExistingId_ShouldReturnEmpty()] and test instance [medicalcenter.userservice.repository.DoctorRepositoryTests@1761b129]

java.lang.IllegalStateException: Could not initialize plugin: interface org.mockito.plugins.MockMaker (alternate: null)
	at org.mockito.internal.configuration.plugins.PluginLoader$1.invoke(PluginLoader.java:85) ~[mockito-core-5.17.0.jar:na]
	at jdk.proxy1/jdk.proxy1.$Proxy150.getHandler(Unknown Source) ~[na:na]
	at org.mockito.internal.util.MockUtil.getMockHandlerOrNull(MockUtil.java:158) ~[mockito-core-5.17.0.jar:na]
	at org.mockito.internal.util.MockUtil.isMock(MockUtil.java:147) ~[mockito-core-5.17.0.jar:na]
	at org.mockito.internal.util.DefaultMockingDetails.isMock(DefaultMockingDetails.java:32) ~[mockito-core-5.17.0.jar:na]
	at org.springframework.boot.test.mock.mockito.MockReset.get(MockReset.java:109) ~[spring-boot-test-3.5.5.jar:3.5.5]
	at org.springframework.boot.test.mock.mockito.ResetMocksTestExecutionListener.resetMocks(ResetMocksTestExecutionListener.java:89) ~[spring-boot-test-3.5.5.jar:3.5.5]
	at org.springframework.boot.test.mock.mockito.ResetMocksTestExecutionListener.resetMocks(ResetMocksTestExecutionListener.java:77) ~[spring-boot-test-3.5.5.jar:3.5.5]
	at org.springframework.boot.test.mock.mockito.ResetMocksTestExecutionListener.afterTestMethod(ResetMocksTestExecutionListener.java:71) ~[spring-boot-test-3.5.5.jar:3.5.5]
	at org.springframework.test.context.TestContextManager.afterTestMethod(TestContextManager.java:488) ~[spring-test-6.2.10.jar:6.2.10]
	at org.springframework.test.context.junit.jupiter.SpringExtension.afterEach(SpringExtension.java:274) ~[spring-test-6.2.10.jar:6.2.10]
	at org.junit.jupiter.engine.descriptor.TestMethodTestDescriptor.lambda$invokeAfterEachCallbacks$12(TestMethodTestDescriptor.java:259) ~[junit-jupiter-engine-5.12.2.jar:5.12.2]
	at org.junit.jupiter.engine.descriptor.TestMethodTestDescriptor.lambda$invokeAllAfterMethodsOrCallbacks$13(TestMethodTestDescriptor.java:275) ~[junit-jupiter-engine-5.12.2.jar:5.12.2]
	at org.junit.platform.engine.support.hierarchical.ThrowableCollector.execute(ThrowableCollector.java:73) ~[junit-platform-engine-1.12.2.jar:1.12.2]
	at org.junit.jupiter.engine.descriptor.TestMethodTestDescriptor.lambda$invokeAllAfterMethodsOrCallbacks$14(TestMethodTestDescriptor.java:275) ~[junit-jupiter-engine-5.12.2.jar:5.12.2]
	at org.junit.platform.commons.util.CollectionUtils.forEachInReverseOrder(CollectionUtils.java:239) ~[junit-platform-commons-1.12.2.jar:1.12.2]
	at org.junit.jupiter.engine.descriptor.TestMethodTestDescriptor.invokeAllAfterMethodsOrCallbacks(TestMethodTestDescriptor.java:274) ~[junit-jupiter-engine-5.12.2.jar:5.12.2]
	at org.junit.jupiter.engine.descriptor.TestMethodTestDescriptor.invokeAfterEachCallbacks(TestMethodTestDescriptor.java:258) ~[junit-jupiter-engine-5.12.2.jar:5.12.2]
	at org.junit.jupiter.engine.descriptor.TestMethodTestDescriptor.execute(TestMethodTestDescriptor.java:143) ~[junit-jupiter-engine-5.12.2.jar:5.12.2]
	at org.junit.jupiter.engine.descriptor.TestMethodTestDescriptor.execute(TestMethodTestDescriptor.java:69) ~[junit-jupiter-engine-5.12.2.jar:5.12.2]
	at org.junit.platform.engine.support.hierarchical.NodeTestTask.lambda$executeRecursively$6(NodeTestTask.java:156) ~[junit-platform-engine-1.12.2.jar:1.12.2]
	at org.junit.platform.engine.support.hierarchical.ThrowableCollector.execute(ThrowableCollector.java:73) ~[junit-platform-engine-1.12.2.jar:1.12.2]
	at org.junit.platform.engine.support.hierarchical.NodeTestTask.lambda$executeRecursively$8(NodeTestTask.java:146) ~[junit-platform-engine-1.12.2.jar:1.12.2]
	at org.junit.platform.engine.support.hierarchical.Node.around(Node.java:137) ~[junit-platform-engine-1.12.2.jar:1.12.2]
	at org.junit.platform.engine.support.hierarchical.NodeTestTask.lambda$executeRecursively$9(NodeTestTask.java:144) ~[junit-platform-engine-1.12.2.jar:1.12.2]
	at org.junit.platform.engine.support.hierarchical.ThrowableCollector.execute(ThrowableCollector.java:73) ~[junit-platform-engine-1.12.2.jar:1.12.2]
	at org.junit.platform.engine.support.hierarchical.NodeTestTask.executeRecursively(NodeTestTask.java:143) ~[junit-platform-engine-1.12.2.jar:1.12.2]
	at org.junit.platform.engine.support.hierarchical.NodeTestTask.execute(NodeTestTask.java:100) ~[junit-platform-engine-1.12.2.jar:1.12.2]
	at java.base/java.util.ArrayList.forEach(ArrayList.java:1604) ~[na:na]
	at org.junit.platform.engine.support.hierarchical.SameThreadHierarchicalTestExecutorService.invokeAll(SameThreadHierarchicalTestExecutorService.java:41) ~[junit-platform-engine-1.12.2.jar:1.12.2]
	at org.junit.platform.engine.support.hierarchical.NodeTestTask.lambda$executeRecursively$6(NodeTestTask.java:160) ~[junit-platform-engine-1.12.2.jar:1.12.2]
	at org.junit.platform.engine.support.hierarchical.ThrowableCollector.execute(ThrowableCollector.java:73) ~[junit-platform-engine-1.12.2.jar:1.12.2]
	at org.junit.platform.engine.support.hierarchical.NodeTestTask.lambda$executeRecursively$8(NodeTestTask.java:146) ~[junit-platform-engine-1.12.2.jar:1.12.2]
	at org.junit.platform.engine.support.hierarchical.Node.around(Node.java:137) ~[junit-platform-engine-1.12.2.jar:1.12.2]
	at org.junit.platform.engine.support.hierarchical.NodeTestTask.lambda$executeRecursively$9(NodeTestTask.java:144) ~[junit-platform-engine-1.12.2.jar:1.12.2]
	at org.junit.platform.engine.support.hierarchical.ThrowableCollector.execute(ThrowableCollector.java:73) ~[junit-platform-engine-1.12.2.jar:1.12.2]
	at org.junit.platform.engine.support.hierarchical.NodeTestTask.executeRecursively(NodeTestTask.java:143) ~[junit-platform-engine-1.12.2.jar:1.12.2]
	at org.junit.platform.engine.support.hierarchical.NodeTestTask.execute(NodeTestTask.java:100) ~[junit-platform-engine-1.12.2.jar:1.12.2]
	at java.base/java.util.ArrayList.forEach(ArrayList.java:1604) ~[na:na]
	at org.junit.platform.engine.support.hierarchical.SameThreadHierarchicalTestExecutorService.invokeAll(SameThreadHierarchicalTestExecutorService.java:41) ~[junit-platform-engine-1.12.2.jar:1.12.2]
	at org.junit.platform.engine.support.hierarchical.NodeTestTask.lambda$executeRecursively$6(NodeTestTask.java:160) ~[junit-platform-engine-1.12.2.jar:1.12.2]
	at org.junit.platform.engine.support.hierarchical.ThrowableCollector.execute(ThrowableCollector.java:73) ~[junit-platform-engine-1.12.2.jar:1.12.2]
	at org.junit.platform.engine.support.hierarchical.NodeTestTask.lambda$executeRecursively$8(NodeTestTask.java:146) ~[junit-platform-engine-1.12.2.jar:1.12.2]
	at org.junit.platform.engine.support.hierarchical.Node.around(Node.java:137) ~[junit-platform-engine-1.12.2.jar:1.12.2]
	at org.junit.platform.engine.support.hierarchical.NodeTestTask.lambda$executeRecursively$9(NodeTestTask.java:144) ~[junit-platform-engine-1.12.2.jar:1.12.2]
	at org.junit.platform.engine.support.hierarchical.ThrowableCollector.execute(ThrowableCollector.java:73) ~[junit-platform-engine-1.12.2.jar:1.12.2]
	at org.junit.platform.engine.support.hierarchical.NodeTestTask.executeRecursively(NodeTestTask.java:143) ~[junit-platform-engine-1.12.2.jar:1.12.2]
	at org.junit.platform.engine.support.hierarchical.NodeTestTask.execute(NodeTestTask.java:100) ~[junit-platform-engine-1.12.2.jar:1.12.2]
	at org.junit.platform.engine.support.hierarchical.SameThreadHierarchicalTestExecutorService.submit(SameThreadHierarchicalTestExecutorService.java:35) ~[junit-platform-engine-1.12.2.jar:1.12.2]
	at org.junit.platform.engine.support.hierarchical.HierarchicalTestExecutor.execute(HierarchicalTestExecutor.java:57) ~[junit-platform-engine-1.12.2.jar:1.12.2]
	at org.junit.platform.engine.support.hierarchical.HierarchicalTestEngine.execute(HierarchicalTestEngine.java:54) ~[junit-platform-engine-1.12.2.jar:1.12.2]
	at org.junit.platform.launcher.core.EngineExecutionOrchestrator.execute(EngineExecutionOrchestrator.java:201) ~[junit-platform-launcher-1.12.2.jar:1.12.2]
	at org.junit.platform.launcher.core.EngineExecutionOrchestrator.execute(EngineExecutionOrchestrator.java:170) ~[junit-platform-launcher-1.12.2.jar:1.12.2]
	at org.junit.platform.launcher.core.EngineExecutionOrchestrator.execute(EngineExecutionOrchestrator.java:94) ~[junit-platform-launcher-1.12.2.jar:1.12.2]
	at org.junit.platform.launcher.core.EngineExecutionOrchestrator.lambda$execute$0(EngineExecutionOrchestrator.java:59) ~[junit-platform-launcher-1.12.2.jar:1.12.2]
	at org.junit.platform.launcher.core.EngineExecutionOrchestrator.withInterceptedStreams(EngineExecutionOrchestrator.java:142) ~[junit-platform-launcher-1.12.2.jar:1.12.2]
	at org.junit.platform.launcher.core.EngineExecutionOrchestrator.execute(EngineExecutionOrchestrator.java:58) ~[junit-platform-launcher-1.12.2.jar:1.12.2]
	at org.junit.platform.launcher.core.DefaultLauncher.execute(DefaultLauncher.java:103) ~[junit-platform-launcher-1.12.2.jar:1.12.2]
	at org.junit.platform.launcher.core.DefaultLauncher.execute(DefaultLauncher.java:85) ~[junit-platform-launcher-1.12.2.jar:1.12.2]
	at org.junit.platform.launcher.core.DelegatingLauncher.execute(DelegatingLauncher.java:47) ~[junit-platform-launcher-1.12.2.jar:1.12.2]
	at org.junit.platform.launcher.core.InterceptingLauncher.lambda$execute$1(InterceptingLauncher.java:39) ~[junit-platform-launcher-1.12.2.jar:1.12.2]
	at org.junit.platform.launcher.core.ClasspathAlignmentCheckingLauncherInterceptor.intercept(ClasspathAlignmentCheckingLauncherInterceptor.java:25) ~[junit-platform-launcher-1.12.2.jar:1.12.2]
	at org.junit.platform.launcher.core.InterceptingLauncher.execute(InterceptingLauncher.java:38) ~[junit-platform-launcher-1.12.2.jar:1.12.2]
	at org.junit.platform.launcher.core.DelegatingLauncher.execute(DelegatingLauncher.java:47) ~[junit-platform-launcher-1.12.2.jar:1.12.2]
	at org.junit.platform.launcher.core.SessionPerRequestLauncher.execute(SessionPerRequestLauncher.java:63) ~[junit-platform-launcher-1.12.2.jar:1.12.2]
	at com.intellij.junit5.JUnit5IdeaTestRunner.startRunnerWithArgs(JUnit5IdeaTestRunner.java:66) ~[junit5-rt.jar:na]
	at com.intellij.rt.junit.IdeaTestRunner$Repeater$1.execute(IdeaTestRunner.java:38) ~[junit-rt.jar:na]
	at com.intellij.rt.execution.junit.TestsRepeater.repeat(TestsRepeater.java:11) ~[idea_rt.jar:na]
	at com.intellij.rt.junit.IdeaTestRunner$Repeater.startRunnerWithArgs(IdeaTestRunner.java:35) ~[junit-rt.jar:na]
	at com.intellij.rt.junit.JUnitStarter.prepareStreamsAndStart(JUnitStarter.java:237) ~[junit-rt.jar:na]
	at com.intellij.rt.junit.JUnitStarter.main(JUnitStarter.java:58) ~[junit-rt.jar:na]
Caused by: java.lang.IllegalStateException: Internal problem occurred, please report it. Mockito is unable to load the default implementation of class that is a part of Mockito distribution. Failed to load interface org.mockito.plugins.MockMaker
	at org.mockito.internal.configuration.plugins.DefaultMockitoPlugins.create(DefaultMockitoPlugins.java:105) ~[mockito-core-5.17.0.jar:na]
	at org.mockito.internal.configuration.plugins.DefaultMockitoPlugins.getDefaultPlugin(DefaultMockitoPlugins.java:79) ~[mockito-core-5.17.0.jar:na]
	at org.mockito.internal.configuration.plugins.PluginLoader.loadPlugin(PluginLoader.java:75) ~[mockito-core-5.17.0.jar:na]
	at org.mockito.internal.configuration.plugins.PluginLoader.loadPlugin(PluginLoader.java:49) ~[mockito-core-5.17.0.jar:na]
	at org.mockito.internal.configuration.plugins.PluginRegistry.<init>(PluginRegistry.java:29) ~[mockito-core-5.17.0.jar:na]
	at org.mockito.internal.configuration.plugins.Plugins.<clinit>(Plugins.java:26) ~[mockito-core-5.17.0.jar:na]
	at org.mockito.internal.MockitoCore.<clinit>(MockitoCore.java:71) ~[mockito-core-5.17.0.jar:na]
	at org.mockito.Mockito.<clinit>(Mockito.java:1777) ~[mockito-core-5.17.0.jar:na]
	at org.springframework.boot.test.mock.mockito.MockReset.get(MockReset.java:108) ~[spring-boot-test-3.5.5.jar:3.5.5]
	at org.springframework.boot.test.mock.mockito.ResetMocksTestExecutionListener.resetMocks(ResetMocksTestExecutionListener.java:89) ~[spring-boot-test-3.5.5.jar:3.5.5]
	at org.springframework.boot.test.mock.mockito.ResetMocksTestExecutionListener.resetMocks(ResetMocksTestExecutionListener.java:77) ~[spring-boot-test-3.5.5.jar:3.5.5]
	at org.springframework.boot.test.mock.mockito.ResetMocksTestExecutionListener.beforeTestMethod(ResetMocksTestExecutionListener.java:64) ~[spring-boot-test-3.5.5.jar:3.5.5]
	at org.springframework.test.context.TestContextManager.beforeTestMethod(TestContextManager.java:320) ~[spring-test-6.2.10.jar:6.2.10]
	at org.springframework.test.context.junit.jupiter.SpringExtension.beforeEach(SpringExtension.java:236) ~[spring-test-6.2.10.jar:6.2.10]
	at java.base/java.util.ArrayList.forEach(ArrayList.java:1604) ~[na:na]
	at java.base/java.util.ArrayList.forEach(ArrayList.java:1604) ~[na:na]
Caused by: java.lang.reflect.InvocationTargetException: null
	at java.base/java.lang.reflect.Constructor.newInstanceWithCaller(Constructor.java:499) ~[na:na]
	at java.base/java.lang.reflect.Constructor.newInstance(Constructor.java:483) ~[na:na]
	at org.mockito.internal.configuration.plugins.DefaultMockitoPlugins.create(DefaultMockitoPlugins.java:103) ~[mockito-core-5.17.0.jar:na]
	... 15 common frames omitted
Caused by: org.mockito.exceptions.base.MockitoInitializationException: 
Could not initialize inline Byte Buddy mock maker.

It appears as if your JDK does not supply a working agent attachment mechanism.
Java               : 24
JVM vendor name    : Oracle Corporation
JVM vendor version : 24.0.2+11-jvmci-b01
JVM name           : Java HotSpot(TM) 64-Bit Server VM
JVM version        : 24.0.2+11-jvmci-b01
JVM info           : mixed mode, sharing
OS name            : Windows 10
OS version         : 10.0

	at org.mockito.internal.creation.bytebuddy.InlineDelegateByteBuddyMockMaker.<init>(InlineDelegateByteBuddyMockMaker.java:275) ~[mockito-core-5.17.0.jar:na]
	at org.mockito.internal.creation.bytebuddy.InlineByteBuddyMockMaker.<init>(InlineByteBuddyMockMaker.java:23) ~[mockito-core-5.17.0.jar:na]
	... 18 common frames omitted
Caused by: java.lang.IllegalStateException: Could not self-attach to current VM using external process - set a property net.bytebuddy.agent.attacher.dump to dump the process output to a file at the specified location
	at net.bytebuddy.agent.ByteBuddyAgent.installExternal(ByteBuddyAgent.java:672) ~[byte-buddy-agent-1.17.7.jar:na]
	at net.bytebuddy.agent.ByteBuddyAgent.install(ByteBuddyAgent.java:599) ~[byte-buddy-agent-1.17.7.jar:na]
	at net.bytebuddy.agent.ByteBuddyAgent.install(ByteBuddyAgent.java:579) ~[byte-buddy-agent-1.17.7.jar:na]
	at net.bytebuddy.agent.ByteBuddyAgent.install(ByteBuddyAgent.java:531) ~[byte-buddy-agent-1.17.7.jar:na]
	at net.bytebuddy.agent.ByteBuddyAgent.install(ByteBuddyAgent.java:508) ~[byte-buddy-agent-1.17.7.jar:na]
	at org.mockito.internal.PremainAttachAccess.getInstrumentation(PremainAttachAccess.java:80) ~[mockito-core-5.17.0.jar:na]
	at org.mockito.internal.creation.bytebuddy.InlineDelegateByteBuddyMockMaker.<clinit>(InlineDelegateByteBuddyMockMaker.java:138) ~[mockito-core-5.17.0.jar:na]
	... 19 common frames omitted

2025-11-04T16:40:08.762+03:00  WARN 18696 --- [medical-center-userservice] [main] o.s.test.context.TestContextManager      : Caught exception while invoking 'beforeTestMethod' callback on TestExecutionListener [org.springframework.boot.test.mock.mockito.ResetMocksTestExecutionListener] for test method [void medicalcenter.userservice.repository.DoctorRepositoryTests.deleteById_ShouldRemoveDoctor()] and test instance [medicalcenter.userservice.repository.DoctorRepositoryTests@29d534ce]

java.lang.IllegalStateException: Could not initialize plugin: interface org.mockito.plugins.MockMaker (alternate: null)
	at org.mockito.internal.configuration.plugins.PluginLoader$1.invoke(PluginLoader.java:85) ~[mockito-core-5.17.0.jar:na]
	at jdk.proxy1/jdk.proxy1.$Proxy150.getHandler(Unknown Source) ~[na:na]
	at org.mockito.internal.util.MockUtil.getMockHandlerOrNull(MockUtil.java:158) ~[mockito-core-5.17.0.jar:na]
	at org.mockito.internal.util.MockUtil.isMock(MockUtil.java:147) ~[mockito-core-5.17.0.jar:na]
	at org.mockito.internal.util.DefaultMockingDetails.isMock(DefaultMockingDetails.java:32) ~[mockito-core-5.17.0.jar:na]
	at org.springframework.boot.test.mock.mockito.MockReset.get(MockReset.java:109) ~[spring-boot-test-3.5.5.jar:3.5.5]
	at org.springframework.boot.test.mock.mockito.ResetMocksTestExecutionListener.resetMocks(ResetMocksTestExecutionListener.java:89) ~[spring-boot-test-3.5.5.jar:3.5.5]
	at org.springframework.boot.test.mock.mockito.ResetMocksTestExecutionListener.resetMocks(ResetMocksTestExecutionListener.java:77) ~[spring-boot-test-3.5.5.jar:3.5.5]
	at org.springframework.boot.test.mock.mockito.ResetMocksTestExecutionListener.beforeTestMethod(ResetMocksTestExecutionListener.java:64) ~[spring-boot-test-3.5.5.jar:3.5.5]
	at org.springframework.test.context.TestContextManager.beforeTestMethod(TestContextManager.java:320) ~[spring-test-6.2.10.jar:6.2.10]
	at org.springframework.test.context.junit.jupiter.SpringExtension.beforeEach(SpringExtension.java:236) ~[spring-test-6.2.10.jar:6.2.10]
	at org.junit.jupiter.engine.descriptor.TestMethodTestDescriptor.lambda$invokeBeforeEachCallbacks$2(TestMethodTestDescriptor.java:165) ~[junit-jupiter-engine-5.12.2.jar:5.12.2]
	at org.junit.jupiter.engine.descriptor.TestMethodTestDescriptor.lambda$invokeBeforeMethodsOrCallbacksUntilExceptionOccurs$6(TestMethodTestDescriptor.java:201) ~[junit-jupiter-engine-5.12.2.jar:5.12.2]
	at org.junit.platform.engine.support.hierarchical.ThrowableCollector.execute(ThrowableCollector.java:73) ~[junit-platform-engine-1.12.2.jar:1.12.2]
	at org.junit.jupiter.engine.descriptor.TestMethodTestDescriptor.invokeBeforeMethodsOrCallbacksUntilExceptionOccurs(TestMethodTestDescriptor.java:201) ~[junit-jupiter-engine-5.12.2.jar:5.12.2]
	at org.junit.jupiter.engine.descriptor.TestMethodTestDescriptor.invokeBeforeEachCallbacks(TestMethodTestDescriptor.java:164) ~[junit-jupiter-engine-5.12.2.jar:5.12.2]
	at org.junit.jupiter.engine.descriptor.TestMethodTestDescriptor.execute(TestMethodTestDescriptor.java:131) ~[junit-jupiter-engine-5.12.2.jar:5.12.2]
	at org.junit.jupiter.engine.descriptor.TestMethodTestDescriptor.execute(TestMethodTestDescriptor.java:69) ~[junit-jupiter-engine-5.12.2.jar:5.12.2]
	at org.junit.platform.engine.support.hierarchical.NodeTestTask.lambda$executeRecursively$6(NodeTestTask.java:156) ~[junit-platform-engine-1.12.2.jar:1.12.2]
	at org.junit.platform.engine.support.hierarchical.ThrowableCollector.execute(ThrowableCollector.java:73) ~[junit-platform-engine-1.12.2.jar:1.12.2]
	at org.junit.platform.engine.support.hierarchical.NodeTestTask.lambda$executeRecursively$8(NodeTestTask.java:146) ~[junit-platform-engine-1.12.2.jar:1.12.2]
	at org.junit.platform.engine.support.hierarchical.Node.around(Node.java:137) ~[junit-platform-engine-1.12.2.jar:1.12.2]
	at org.junit.platform.engine.support.hierarchical.NodeTestTask.lambda$executeRecursively$9(NodeTestTask.java:144) ~[junit-platform-engine-1.12.2.jar:1.12.2]
	at org.junit.platform.engine.support.hierarchical.ThrowableCollector.execute(ThrowableCollector.java:73) ~[junit-platform-engine-1.12.2.jar:1.12.2]
	at org.junit.platform.engine.support.hierarchical.NodeTestTask.executeRecursively(NodeTestTask.java:143) ~[junit-platform-engine-1.12.2.jar:1.12.2]
	at org.junit.platform.engine.support.hierarchical.NodeTestTask.execute(NodeTestTask.java:100) ~[junit-platform-engine-1.12.2.jar:1.12.2]
	at java.base/java.util.ArrayList.forEach(ArrayList.java:1604) ~[na:na]
	at org.junit.platform.engine.support.hierarchical.SameThreadHierarchicalTestExecutorService.invokeAll(SameThreadHierarchicalTestExecutorService.java:41) ~[junit-platform-engine-1.12.2.jar:1.12.2]
	at org.junit.platform.engine.support.hierarchical.NodeTestTask.lambda$executeRecursively$6(NodeTestTask.java:160) ~[junit-platform-engine-1.12.2.jar:1.12.2]
	at org.junit.platform.engine.support.hierarchical.ThrowableCollector.execute(ThrowableCollector.java:73) ~[junit-platform-engine-1.12.2.jar:1.12.2]
	at org.junit.platform.engine.support.hierarchical.NodeTestTask.lambda$executeRecursively$8(NodeTestTask.java:146) ~[junit-platform-engine-1.12.2.jar:1.12.2]
	at org.junit.platform.engine.support.hierarchical.Node.around(Node.java:137) ~[junit-platform-engine-1.12.2.jar:1.12.2]
	at org.junit.platform.engine.support.hierarchical.NodeTestTask.lambda$executeRecursively$9(NodeTestTask.java:144) ~[junit-platform-engine-1.12.2.jar:1.12.2]
	at org.junit.platform.engine.support.hierarchical.ThrowableCollector.execute(ThrowableCollector.java:73) ~[junit-platform-engine-1.12.2.jar:1.12.2]
	at org.junit.platform.engine.support.hierarchical.NodeTestTask.executeRecursively(NodeTestTask.java:143) ~[junit-platform-engine-1.12.2.jar:1.12.2]
	at org.junit.platform.engine.support.hierarchical.NodeTestTask.execute(NodeTestTask.java:100) ~[junit-platform-engine-1.12.2.jar:1.12.2]
	at java.base/java.util.ArrayList.forEach(ArrayList.java:1604) ~[na:na]
	at org.junit.platform.engine.support.hierarchical.SameThreadHierarchicalTestExecutorService.invokeAll(SameThreadHierarchicalTestExecutorService.java:41) ~[junit-platform-engine-1.12.2.jar:1.12.2]
	at org.junit.platform.engine.support.hierarchical.NodeTestTask.lambda$executeRecursively$6(NodeTestTask.java:160) ~[junit-platform-engine-1.12.2.jar:1.12.2]
	at org.junit.platform.engine.support.hierarchical.ThrowableCollector.execute(ThrowableCollector.java:73) ~[junit-platform-engine-1.12.2.jar:1.12.2]
	at org.junit.platform.engine.support.hierarchical.NodeTestTask.lambda$executeRecursively$8(NodeTestTask.java:146) ~[junit-platform-engine-1.12.2.jar:1.12.2]
	at org.junit.platform.engine.support.hierarchical.Node.around(Node.java:137) ~[junit-platform-engine-1.12.2.jar:1.12.2]
	at org.junit.platform.engine.support.hierarchical.NodeTestTask.lambda$executeRecursively$9(NodeTestTask.java:144) ~[junit-platform-engine-1.12.2.jar:1.12.2]
	at org.junit.platform.engine.support.hierarchical.ThrowableCollector.execute(ThrowableCollector.java:73) ~[junit-platform-engine-1.12.2.jar:1.12.2]
	at org.junit.platform.engine.support.hierarchical.NodeTestTask.executeRecursively(NodeTestTask.java:143) ~[junit-platform-engine-1.12.2.jar:1.12.2]
	at org.junit.platform.engine.support.hierarchical.NodeTestTask.execute(NodeTestTask.java:100) ~[junit-platform-engine-1.12.2.jar:1.12.2]
	at org.junit.platform.engine.support.hierarchical.SameThreadHierarchicalTestExecutorService.submit(SameThreadHierarchicalTestExecutorService.java:35) ~[junit-platform-engine-1.12.2.jar:1.12.2]
	at org.junit.platform.engine.support.hierarchical.HierarchicalTestExecutor.execute(HierarchicalTestExecutor.java:57) ~[junit-platform-engine-1.12.2.jar:1.12.2]
	at org.junit.platform.engine.support.hierarchical.HierarchicalTestEngine.execute(HierarchicalTestEngine.java:54) ~[junit-platform-engine-1.12.2.jar:1.12.2]
	at org.junit.platform.launcher.core.EngineExecutionOrchestrator.execute(EngineExecutionOrchestrator.java:201) ~[junit-platform-launcher-1.12.2.jar:1.12.2]
	at org.junit.platform.launcher.core.EngineExecutionOrchestrator.execute(EngineExecutionOrchestrator.java:170) ~[junit-platform-launcher-1.12.2.jar:1.12.2]
	at org.junit.platform.launcher.core.EngineExecutionOrchestrator.execute(EngineExecutionOrchestrator.java:94) ~[junit-platform-launcher-1.12.2.jar:1.12.2]
	at org.junit.platform.launcher.core.EngineExecutionOrchestrator.lambda$execute$0(EngineExecutionOrchestrator.java:59) ~[junit-platform-launcher-1.12.2.jar:1.12.2]
	at org.junit.platform.launcher.core.EngineExecutionOrchestrator.withInterceptedStreams(EngineExecutionOrchestrator.java:142) ~[junit-platform-launcher-1.12.2.jar:1.12.2]
	at org.junit.platform.launcher.core.EngineExecutionOrchestrator.execute(EngineExecutionOrchestrator.java:58) ~[junit-platform-launcher-1.12.2.jar:1.12.2]
	at org.junit.platform.launcher.core.DefaultLauncher.execute(DefaultLauncher.java:103) ~[junit-platform-launcher-1.12.2.jar:1.12.2]
	at org.junit.platform.launcher.core.DefaultLauncher.execute(DefaultLauncher.java:85) ~[junit-platform-launcher-1.12.2.jar:1.12.2]
	at org.junit.platform.launcher.core.DelegatingLauncher.execute(DelegatingLauncher.java:47) ~[junit-platform-launcher-1.12.2.jar:1.12.2]
	at org.junit.platform.launcher.core.InterceptingLauncher.lambda$execute$1(InterceptingLauncher.java:39) ~[junit-platform-launcher-1.12.2.jar:1.12.2]
	at org.junit.platform.launcher.core.ClasspathAlignmentCheckingLauncherInterceptor.intercept(ClasspathAlignmentCheckingLauncherInterceptor.java:25) ~[junit-platform-launcher-1.12.2.jar:1.12.2]
	at org.junit.platform.launcher.core.InterceptingLauncher.execute(InterceptingLauncher.java:38) ~[junit-platform-launcher-1.12.2.jar:1.12.2]
	at org.junit.platform.launcher.core.DelegatingLauncher.execute(DelegatingLauncher.java:47) ~[junit-platform-launcher-1.12.2.jar:1.12.2]
	at org.junit.platform.launcher.core.SessionPerRequestLauncher.execute(SessionPerRequestLauncher.java:63) ~[junit-platform-launcher-1.12.2.jar:1.12.2]
	at com.intellij.junit5.JUnit5IdeaTestRunner.startRunnerWithArgs(JUnit5IdeaTestRunner.java:66) ~[junit5-rt.jar:na]
	at com.intellij.rt.junit.IdeaTestRunner$Repeater$1.execute(IdeaTestRunner.java:38) ~[junit-rt.jar:na]
	at com.intellij.rt.execution.junit.TestsRepeater.repeat(TestsRepeater.java:11) ~[idea_rt.jar:na]
	at com.intellij.rt.junit.IdeaTestRunner$Repeater.startRunnerWithArgs(IdeaTestRunner.java:35) ~[junit-rt.jar:na]
	at com.intellij.rt.junit.JUnitStarter.prepareStreamsAndStart(JUnitStarter.java:237) ~[junit-rt.jar:na]
	at com.intellij.rt.junit.JUnitStarter.main(JUnitStarter.java:58) ~[junit-rt.jar:na]
Caused by: java.lang.IllegalStateException: Internal problem occurred, please report it. Mockito is unable to load the default implementation of class that is a part of Mockito distribution. Failed to load interface org.mockito.plugins.MockMaker
	at org.mockito.internal.configuration.plugins.DefaultMockitoPlugins.create(DefaultMockitoPlugins.java:105) ~[mockito-core-5.17.0.jar:na]
	at org.mockito.internal.configuration.plugins.DefaultMockitoPlugins.getDefaultPlugin(DefaultMockitoPlugins.java:79) ~[mockito-core-5.17.0.jar:na]
	at org.mockito.internal.configuration.plugins.PluginLoader.loadPlugin(PluginLoader.java:75) ~[mockito-core-5.17.0.jar:na]
	at org.mockito.internal.configuration.plugins.PluginLoader.loadPlugin(PluginLoader.java:49) ~[mockito-core-5.17.0.jar:na]
	at org.mockito.internal.configuration.plugins.PluginRegistry.<init>(PluginRegistry.java:29) ~[mockito-core-5.17.0.jar:na]
	at org.mockito.internal.configuration.plugins.Plugins.<clinit>(Plugins.java:26) ~[mockito-core-5.17.0.jar:na]
	at org.mockito.internal.MockitoCore.<clinit>(MockitoCore.java:71) ~[mockito-core-5.17.0.jar:na]
	at org.mockito.Mockito.<clinit>(Mockito.java:1777) ~[mockito-core-5.17.0.jar:na]
	at org.springframework.boot.test.mock.mockito.MockReset.get(MockReset.java:108) ~[spring-boot-test-3.5.5.jar:3.5.5]
	at org.springframework.boot.test.mock.mockito.ResetMocksTestExecutionListener.resetMocks(ResetMocksTestExecutionListener.java:89) ~[spring-boot-test-3.5.5.jar:3.5.5]
	at org.springframework.boot.test.mock.mockito.ResetMocksTestExecutionListener.resetMocks(ResetMocksTestExecutionListener.java:77) ~[spring-boot-test-3.5.5.jar:3.5.5]
	at org.springframework.boot.test.mock.mockito.ResetMocksTestExecutionListener.beforeTestMethod(ResetMocksTestExecutionListener.java:64) ~[spring-boot-test-3.5.5.jar:3.5.5]
	at org.springframework.test.context.TestContextManager.beforeTestMethod(TestContextManager.java:320) ~[spring-test-6.2.10.jar:6.2.10]
	at org.springframework.test.context.junit.jupiter.SpringExtension.beforeEach(SpringExtension.java:236) ~[spring-test-6.2.10.jar:6.2.10]
	at java.base/java.util.ArrayList.forEach(ArrayList.java:1604) ~[na:na]
	at java.base/java.util.ArrayList.forEach(ArrayList.java:1604) ~[na:na]
Caused by: java.lang.reflect.InvocationTargetException: null
	at java.base/java.lang.reflect.Constructor.newInstanceWithCaller(Constructor.java:499) ~[na:na]
	at java.base/java.lang.reflect.Constructor.newInstance(Constructor.java:483) ~[na:na]
	at org.mockito.internal.configuration.plugins.DefaultMockitoPlugins.create(DefaultMockitoPlugins.java:103) ~[mockito-core-5.17.0.jar:na]
	... 15 common frames omitted
Caused by: org.mockito.exceptions.base.MockitoInitializationException: 
Could not initialize inline Byte Buddy mock maker.

It appears as if your JDK does not supply a working agent attachment mechanism.
Java               : 24
JVM vendor name    : Oracle Corporation
JVM vendor version : 24.0.2+11-jvmci-b01
JVM name           : Java HotSpot(TM) 64-Bit Server VM
JVM version        : 24.0.2+11-jvmci-b01
JVM info           : mixed mode, sharing
OS name            : Windows 10
OS version         : 10.0

	at org.mockito.internal.creation.bytebuddy.InlineDelegateByteBuddyMockMaker.<init>(InlineDelegateByteBuddyMockMaker.java:275) ~[mockito-core-5.17.0.jar:na]
	at org.mockito.internal.creation.bytebuddy.InlineByteBuddyMockMaker.<init>(InlineByteBuddyMockMaker.java:23) ~[mockito-core-5.17.0.jar:na]
	... 18 common frames omitted
Caused by: java.lang.IllegalStateException: Could not self-attach to current VM using external process - set a property net.bytebuddy.agent.attacher.dump to dump the process output to a file at the specified location
	at net.bytebuddy.agent.ByteBuddyAgent.installExternal(ByteBuddyAgent.java:672) ~[byte-buddy-agent-1.17.7.jar:na]
	at net.bytebuddy.agent.ByteBuddyAgent.install(ByteBuddyAgent.java:599) ~[byte-buddy-agent-1.17.7.jar:na]
	at net.bytebuddy.agent.ByteBuddyAgent.install(ByteBuddyAgent.java:579) ~[byte-buddy-agent-1.17.7.jar:na]
	at net.bytebuddy.agent.ByteBuddyAgent.install(ByteBuddyAgent.java:531) ~[byte-buddy-agent-1.17.7.jar:na]
	at net.bytebuddy.agent.ByteBuddyAgent.install(ByteBuddyAgent.java:508) ~[byte-buddy-agent-1.17.7.jar:na]
	at org.mockito.internal.PremainAttachAccess.getInstrumentation(PremainAttachAccess.java:80) ~[mockito-core-5.17.0.jar:na]
	at org.mockito.internal.creation.bytebuddy.InlineDelegateByteBuddyMockMaker.<clinit>(InlineDelegateByteBuddyMockMaker.java:138) ~[mockito-core-5.17.0.jar:na]
	... 19 common frames omitted

2025-11-04T16:40:08.766+03:00  WARN 18696 --- [medical-center-userservice] [main] o.s.test.context.TestContextManager      : Caught exception while invoking 'afterTestMethod' callback on TestExecutionListener [org.springframework.boot.test.mock.mockito.ResetMocksTestExecutionListener] for test method [void medicalcenter.userservice.repository.DoctorRepositoryTests.deleteById_ShouldRemoveDoctor()] and test instance [medicalcenter.userservice.repository.DoctorRepositoryTests@29d534ce]

java.lang.IllegalStateException: Could not initialize plugin: interface org.mockito.plugins.MockMaker (alternate: null)
	at org.mockito.internal.configuration.plugins.PluginLoader$1.invoke(PluginLoader.java:85) ~[mockito-core-5.17.0.jar:na]
	at jdk.proxy1/jdk.proxy1.$Proxy150.getHandler(Unknown Source) ~[na:na]
	at org.mockito.internal.util.MockUtil.getMockHandlerOrNull(MockUtil.java:158) ~[mockito-core-5.17.0.jar:na]
	at org.mockito.internal.util.MockUtil.isMock(MockUtil.java:147) ~[mockito-core-5.17.0.jar:na]
	at org.mockito.internal.util.DefaultMockingDetails.isMock(DefaultMockingDetails.java:32) ~[mockito-core-5.17.0.jar:na]
	at org.springframework.boot.test.mock.mockito.MockReset.get(MockReset.java:109) ~[spring-boot-test-3.5.5.jar:3.5.5]
	at org.springframework.boot.test.mock.mockito.ResetMocksTestExecutionListener.resetMocks(ResetMocksTestExecutionListener.java:89) ~[spring-boot-test-3.5.5.jar:3.5.5]
	at org.springframework.boot.test.mock.mockito.ResetMocksTestExecutionListener.resetMocks(ResetMocksTestExecutionListener.java:77) ~[spring-boot-test-3.5.5.jar:3.5.5]
	at org.springframework.boot.test.mock.mockito.ResetMocksTestExecutionListener.afterTestMethod(ResetMocksTestExecutionListener.java:71) ~[spring-boot-test-3.5.5.jar:3.5.5]
	at org.springframework.test.context.TestContextManager.afterTestMethod(TestContextManager.java:488) ~[spring-test-6.2.10.jar:6.2.10]
	at org.springframework.test.context.junit.jupiter.SpringExtension.afterEach(SpringExtension.java:274) ~[spring-test-6.2.10.jar:6.2.10]
	at org.junit.jupiter.engine.descriptor.TestMethodTestDescriptor.lambda$invokeAfterEachCallbacks$12(TestMethodTestDescriptor.java:259) ~[junit-jupiter-engine-5.12.2.jar:5.12.2]
	at org.junit.jupiter.engine.descriptor.TestMethodTestDescriptor.lambda$invokeAllAfterMethodsOrCallbacks$13(TestMethodTestDescriptor.java:275) ~[junit-jupiter-engine-5.12.2.jar:5.12.2]
	at org.junit.platform.engine.support.hierarchical.ThrowableCollector.execute(ThrowableCollector.java:73) ~[junit-platform-engine-1.12.2.jar:1.12.2]
	at org.junit.jupiter.engine.descriptor.TestMethodTestDescriptor.lambda$invokeAllAfterMethodsOrCallbacks$14(TestMethodTestDescriptor.java:275) ~[junit-jupiter-engine-5.12.2.jar:5.12.2]
	at org.junit.platform.commons.util.CollectionUtils.forEachInReverseOrder(CollectionUtils.java:239) ~[junit-platform-commons-1.12.2.jar:1.12.2]
	at org.junit.jupiter.engine.descriptor.TestMethodTestDescriptor.invokeAllAfterMethodsOrCallbacks(TestMethodTestDescriptor.java:274) ~[junit-jupiter-engine-5.12.2.jar:5.12.2]
	at org.junit.jupiter.engine.descriptor.TestMethodTestDescriptor.invokeAfterEachCallbacks(TestMethodTestDescriptor.java:258) ~[junit-jupiter-engine-5.12.2.jar:5.12.2]
	at org.junit.jupiter.engine.descriptor.TestMethodTestDescriptor.execute(TestMethodTestDescriptor.java:143) ~[junit-jupiter-engine-5.12.2.jar:5.12.2]
	at org.junit.jupiter.engine.descriptor.TestMethodTestDescriptor.execute(TestMethodTestDescriptor.java:69) ~[junit-jupiter-engine-5.12.2.jar:5.12.2]
	at org.junit.platform.engine.support.hierarchical.NodeTestTask.lambda$executeRecursively$6(NodeTestTask.java:156) ~[junit-platform-engine-1.12.2.jar:1.12.2]
	at org.junit.platform.engine.support.hierarchical.ThrowableCollector.execute(ThrowableCollector.java:73) ~[junit-platform-engine-1.12.2.jar:1.12.2]
	at org.junit.platform.engine.support.hierarchical.NodeTestTask.lambda$executeRecursively$8(NodeTestTask.java:146) ~[junit-platform-engine-1.12.2.jar:1.12.2]
	at org.junit.platform.engine.support.hierarchical.Node.around(Node.java:137) ~[junit-platform-engine-1.12.2.jar:1.12.2]
	at org.junit.platform.engine.support.hierarchical.NodeTestTask.lambda$executeRecursively$9(NodeTestTask.java:144) ~[junit-platform-engine-1.12.2.jar:1.12.2]
	at org.junit.platform.engine.support.hierarchical.ThrowableCollector.execute(ThrowableCollector.java:73) ~[junit-platform-engine-1.12.2.jar:1.12.2]
	at org.junit.platform.engine.support.hierarchical.NodeTestTask.executeRecursively(NodeTestTask.java:143) ~[junit-platform-engine-1.12.2.jar:1.12.2]
	at org.junit.platform.engine.support.hierarchical.NodeTestTask.execute(NodeTestTask.java:100) ~[junit-platform-engine-1.12.2.jar:1.12.2]
	at java.base/java.util.ArrayList.forEach(ArrayList.java:1604) ~[na:na]
	at org.junit.platform.engine.support.hierarchical.SameThreadHierarchicalTestExecutorService.invokeAll(SameThreadHierarchicalTestExecutorService.java:41) ~[junit-platform-engine-1.12.2.jar:1.12.2]
	at org.junit.platform.engine.support.hierarchical.NodeTestTask.lambda$executeRecursively$6(NodeTestTask.java:160) ~[junit-platform-engine-1.12.2.jar:1.12.2]
	at org.junit.platform.engine.support.hierarchical.ThrowableCollector.execute(ThrowableCollector.java:73) ~[junit-platform-engine-1.12.2.jar:1.12.2]
	at org.junit.platform.engine.support.hierarchical.NodeTestTask.lambda$executeRecursively$8(NodeTestTask.java:146) ~[junit-platform-engine-1.12.2.jar:1.12.2]
	at org.junit.platform.engine.support.hierarchical.Node.around(Node.java:137) ~[junit-platform-engine-1.12.2.jar:1.12.2]
	at org.junit.platform.engine.support.hierarchical.NodeTestTask.lambda$executeRecursively$9(NodeTestTask.java:144) ~[junit-platform-engine-1.12.2.jar:1.12.2]
	at org.junit.platform.engine.support.hierarchical.ThrowableCollector.execute(ThrowableCollector.java:73) ~[junit-platform-engine-1.12.2.jar:1.12.2]
	at org.junit.platform.engine.support.hierarchical.NodeTestTask.executeRecursively(NodeTestTask.java:143) ~[junit-platform-engine-1.12.2.jar:1.12.2]
	at org.junit.platform.engine.support.hierarchical.NodeTestTask.execute(NodeTestTask.java:100) ~[junit-platform-engine-1.12.2.jar:1.12.2]
	at java.base/java.util.ArrayList.forEach(ArrayList.java:1604) ~[na:na]
	at org.junit.platform.engine.support.hierarchical.SameThreadHierarchicalTestExecutorService.invokeAll(SameThreadHierarchicalTestExecutorService.java:41) ~[junit-platform-engine-1.12.2.jar:1.12.2]
	at org.junit.platform.engine.support.hierarchical.NodeTestTask.lambda$executeRecursively$6(NodeTestTask.java:160) ~[junit-platform-engine-1.12.2.jar:1.12.2]
	at org.junit.platform.engine.support.hierarchical.ThrowableCollector.execute(ThrowableCollector.java:73) ~[junit-platform-engine-1.12.2.jar:1.12.2]
	at org.junit.platform.engine.support.hierarchical.NodeTestTask.lambda$executeRecursively$8(NodeTestTask.java:146) ~[junit-platform-engine-1.12.2.jar:1.12.2]
	at org.junit.platform.engine.support.hierarchical.Node.around(Node.java:137) ~[junit-platform-engine-1.12.2.jar:1.12.2]
	at org.junit.platform.engine.support.hierarchical.NodeTestTask.lambda$executeRecursively$9(NodeTestTask.java:144) ~[junit-platform-engine-1.12.2.jar:1.12.2]
	at org.junit.platform.engine.support.hierarchical.ThrowableCollector.execute(ThrowableCollector.java:73) ~[junit-platform-engine-1.12.2.jar:1.12.2]
	at org.junit.platform.engine.support.hierarchical.NodeTestTask.executeRecursively(NodeTestTask.java:143) ~[junit-platform-engine-1.12.2.jar:1.12.2]
	at org.junit.platform.engine.support.hierarchical.NodeTestTask.execute(NodeTestTask.java:100) ~[junit-platform-engine-1.12.2.jar:1.12.2]
	at org.junit.platform.engine.support.hierarchical.SameThreadHierarchicalTestExecutorService.submit(SameThreadHierarchicalTestExecutorService.java:35) ~[junit-platform-engine-1.12.2.jar:1.12.2]
	at org.junit.platform.engine.support.hierarchical.HierarchicalTestExecutor.execute(HierarchicalTestExecutor.java:57) ~[junit-platform-engine-1.12.2.jar:1.12.2]
	at org.junit.platform.engine.support.hierarchical.HierarchicalTestEngine.execute(HierarchicalTestEngine.java:54) ~[junit-platform-engine-1.12.2.jar:1.12.2]
	at org.junit.platform.launcher.core.EngineExecutionOrchestrator.execute(EngineExecutionOrchestrator.java:201) ~[junit-platform-launcher-1.12.2.jar:1.12.2]
	at org.junit.platform.launcher.core.EngineExecutionOrchestrator.execute(EngineExecutionOrchestrator.java:170) ~[junit-platform-launcher-1.12.2.jar:1.12.2]
	at org.junit.platform.launcher.core.EngineExecutionOrchestrator.execute(EngineExecutionOrchestrator.java:94) ~[junit-platform-launcher-1.12.2.jar:1.12.2]
	at org.junit.platform.launcher.core.EngineExecutionOrchestrator.lambda$execute$0(EngineExecutionOrchestrator.java:59) ~[junit-platform-launcher-1.12.2.jar:1.12.2]
	at org.junit.platform.launcher.core.EngineExecutionOrchestrator.withInterceptedStreams(EngineExecutionOrchestrator.java:142) ~[junit-platform-launcher-1.12.2.jar:1.12.2]
	at org.junit.platform.launcher.core.EngineExecutionOrchestrator.execute(EngineExecutionOrchestrator.java:58) ~[junit-platform-launcher-1.12.2.jar:1.12.2]
	at org.junit.platform.launcher.core.DefaultLauncher.execute(DefaultLauncher.java:103) ~[junit-platform-launcher-1.12.2.jar:1.12.2]
	at org.junit.platform.launcher.core.DefaultLauncher.execute(DefaultLauncher.java:85) ~[junit-platform-launcher-1.12.2.jar:1.12.2]
	at org.junit.platform.launcher.core.DelegatingLauncher.execute(DelegatingLauncher.java:47) ~[junit-platform-launcher-1.12.2.jar:1.12.2]
	at org.junit.platform.launcher.core.InterceptingLauncher.lambda$execute$1(InterceptingLauncher.java:39) ~[junit-platform-launcher-1.12.2.jar:1.12.2]
	at org.junit.platform.launcher.core.ClasspathAlignmentCheckingLauncherInterceptor.intercept(ClasspathAlignmentCheckingLauncherInterceptor.java:25) ~[junit-platform-launcher-1.12.2.jar:1.12.2]
	at org.junit.platform.launcher.core.InterceptingLauncher.execute(InterceptingLauncher.java:38) ~[junit-platform-launcher-1.12.2.jar:1.12.2]
	at org.junit.platform.launcher.core.DelegatingLauncher.execute(DelegatingLauncher.java:47) ~[junit-platform-launcher-1.12.2.jar:1.12.2]
	at org.junit.platform.launcher.core.SessionPerRequestLauncher.execute(SessionPerRequestLauncher.java:63) ~[junit-platform-launcher-1.12.2.jar:1.12.2]
	at com.intellij.junit5.JUnit5IdeaTestRunner.startRunnerWithArgs(JUnit5IdeaTestRunner.java:66) ~[junit5-rt.jar:na]
	at com.intellij.rt.junit.IdeaTestRunner$Repeater$1.execute(IdeaTestRunner.java:38) ~[junit-rt.jar:na]
	at com.intellij.rt.execution.junit.TestsRepeater.repeat(TestsRepeater.java:11) ~[idea_rt.jar:na]
	at com.intellij.rt.junit.IdeaTestRunner$Repeater.startRunnerWithArgs(IdeaTestRunner.java:35) ~[junit-rt.jar:na]
	at com.intellij.rt.junit.JUnitStarter.prepareStreamsAndStart(JUnitStarter.java:237) ~[junit-rt.jar:na]
	at com.intellij.rt.junit.JUnitStarter.main(JUnitStarter.java:58) ~[junit-rt.jar:na]
Caused by: java.lang.IllegalStateException: Internal problem occurred, please report it. Mockito is unable to load the default implementation of class that is a part of Mockito distribution. Failed to load interface org.mockito.plugins.MockMaker
	at org.mockito.internal.configuration.plugins.DefaultMockitoPlugins.create(DefaultMockitoPlugins.java:105) ~[mockito-core-5.17.0.jar:na]
	at org.mockito.internal.configuration.plugins.DefaultMockitoPlugins.getDefaultPlugin(DefaultMockitoPlugins.java:79) ~[mockito-core-5.17.0.jar:na]
	at org.mockito.internal.configuration.plugins.PluginLoader.loadPlugin(PluginLoader.java:75) ~[mockito-core-5.17.0.jar:na]
	at org.mockito.internal.configuration.plugins.PluginLoader.loadPlugin(PluginLoader.java:49) ~[mockito-core-5.17.0.jar:na]
	at org.mockito.internal.configuration.plugins.PluginRegistry.<init>(PluginRegistry.java:29) ~[mockito-core-5.17.0.jar:na]
	at org.mockito.internal.configuration.plugins.Plugins.<clinit>(Plugins.java:26) ~[mockito-core-5.17.0.jar:na]
	at org.mockito.internal.MockitoCore.<clinit>(MockitoCore.java:71) ~[mockito-core-5.17.0.jar:na]
	at org.mockito.Mockito.<clinit>(Mockito.java:1777) ~[mockito-core-5.17.0.jar:na]
	at org.springframework.boot.test.mock.mockito.MockReset.get(MockReset.java:108) ~[spring-boot-test-3.5.5.jar:3.5.5]
	at org.springframework.boot.test.mock.mockito.ResetMocksTestExecutionListener.resetMocks(ResetMocksTestExecutionListener.java:89) ~[spring-boot-test-3.5.5.jar:3.5.5]
	at org.springframework.boot.test.mock.mockito.ResetMocksTestExecutionListener.resetMocks(ResetMocksTestExecutionListener.java:77) ~[spring-boot-test-3.5.5.jar:3.5.5]
	at org.springframework.boot.test.mock.mockito.ResetMocksTestExecutionListener.beforeTestMethod(ResetMocksTestExecutionListener.java:64) ~[spring-boot-test-3.5.5.jar:3.5.5]
	at org.springframework.test.context.TestContextManager.beforeTestMethod(TestContextManager.java:320) ~[spring-test-6.2.10.jar:6.2.10]
	at org.springframework.test.context.junit.jupiter.SpringExtension.beforeEach(SpringExtension.java:236) ~[spring-test-6.2.10.jar:6.2.10]
	at java.base/java.util.ArrayList.forEach(ArrayList.java:1604) ~[na:na]
	at java.base/java.util.ArrayList.forEach(ArrayList.java:1604) ~[na:na]
Caused by: java.lang.reflect.InvocationTargetException: null
	at java.base/java.lang.reflect.Constructor.newInstanceWithCaller(Constructor.java:499) ~[na:na]
	at java.base/java.lang.reflect.Constructor.newInstance(Constructor.java:483) ~[na:na]
	at org.mockito.internal.configuration.plugins.DefaultMockitoPlugins.create(DefaultMockitoPlugins.java:103) ~[mockito-core-5.17.0.jar:na]
	... 15 common frames omitted
Caused by: org.mockito.exceptions.base.MockitoInitializationException: 
Could not initialize inline Byte Buddy mock maker.

It appears as if your JDK does not supply a working agent attachment mechanism.
Java               : 24
JVM vendor name    : Oracle Corporation
JVM vendor version : 24.0.2+11-jvmci-b01
JVM name           : Java HotSpot(TM) 64-Bit Server VM
JVM version        : 24.0.2+11-jvmci-b01
JVM info           : mixed mode, sharing
OS name            : Windows 10
OS version         : 10.0

	at org.mockito.internal.creation.bytebuddy.InlineDelegateByteBuddyMockMaker.<init>(InlineDelegateByteBuddyMockMaker.java:275) ~[mockito-core-5.17.0.jar:na]
	at org.mockito.internal.creation.bytebuddy.InlineByteBuddyMockMaker.<init>(InlineByteBuddyMockMaker.java:23) ~[mockito-core-5.17.0.jar:na]
	... 18 common frames omitted
Caused by: java.lang.IllegalStateException: Could not self-attach to current VM using external process - set a property net.bytebuddy.agent.attacher.dump to dump the process output to a file at the specified location
	at net.bytebuddy.agent.ByteBuddyAgent.installExternal(ByteBuddyAgent.java:672) ~[byte-buddy-agent-1.17.7.jar:na]
	at net.bytebuddy.agent.ByteBuddyAgent.install(ByteBuddyAgent.java:599) ~[byte-buddy-agent-1.17.7.jar:na]
	at net.bytebuddy.agent.ByteBuddyAgent.install(ByteBuddyAgent.java:579) ~[byte-buddy-agent-1.17.7.jar:na]
	at net.bytebuddy.agent.ByteBuddyAgent.install(ByteBuddyAgent.java:531) ~[byte-buddy-agent-1.17.7.jar:na]
	at net.bytebuddy.agent.ByteBuddyAgent.install(ByteBuddyAgent.java:508) ~[byte-buddy-agent-1.17.7.jar:na]
	at org.mockito.internal.PremainAttachAccess.getInstrumentation(PremainAttachAccess.java:80) ~[mockito-core-5.17.0.jar:na]
	at org.mockito.internal.creation.bytebuddy.InlineDelegateByteBuddyMockMaker.<clinit>(InlineDelegateByteBuddyMockMaker.java:138) ~[mockito-core-5.17.0.jar:na]
	... 19 common frames omitted

2025-11-04T16:40:08.776+03:00  WARN 18696 --- [medical-center-userservice] [main] o.s.test.context.TestContextManager      : Caught exception while invoking 'beforeTestMethod' callback on TestExecutionListener [org.springframework.boot.test.mock.mockito.ResetMocksTestExecutionListener] for test method [void medicalcenter.userservice.repository.DoctorRepositoryTests.save_WithInvalidPhoneFormat_ShouldThrowException()] and test instance [medicalcenter.userservice.repository.DoctorRepositoryTests@5ad98e6f]

java.lang.IllegalStateException: Could not initialize plugin: interface org.mockito.plugins.MockMaker (alternate: null)
	at org.mockito.internal.configuration.plugins.PluginLoader$1.invoke(PluginLoader.java:85) ~[mockito-core-5.17.0.jar:na]
	at jdk.proxy1/jdk.proxy1.$Proxy150.getHandler(Unknown Source) ~[na:na]
	at org.mockito.internal.util.MockUtil.getMockHandlerOrNull(MockUtil.java:158) ~[mockito-core-5.17.0.jar:na]
	at org.mockito.internal.util.MockUtil.isMock(MockUtil.java:147) ~[mockito-core-5.17.0.jar:na]
	at org.mockito.internal.util.DefaultMockingDetails.isMock(DefaultMockingDetails.java:32) ~[mockito-core-5.17.0.jar:na]
	at org.springframework.boot.test.mock.mockito.MockReset.get(MockReset.java:109) ~[spring-boot-test-3.5.5.jar:3.5.5]
	at org.springframework.boot.test.mock.mockito.ResetMocksTestExecutionListener.resetMocks(ResetMocksTestExecutionListener.java:89) ~[spring-boot-test-3.5.5.jar:3.5.5]
	at org.springframework.boot.test.mock.mockito.ResetMocksTestExecutionListener.resetMocks(ResetMocksTestExecutionListener.java:77) ~[spring-boot-test-3.5.5.jar:3.5.5]
	at org.springframework.boot.test.mock.mockito.ResetMocksTestExecutionListener.beforeTestMethod(ResetMocksTestExecutionListener.java:64) ~[spring-boot-test-3.5.5.jar:3.5.5]
	at org.springframework.test.context.TestContextManager.beforeTestMethod(TestContextManager.java:320) ~[spring-test-6.2.10.jar:6.2.10]
	at org.springframework.test.context.junit.jupiter.SpringExtension.beforeEach(SpringExtension.java:236) ~[spring-test-6.2.10.jar:6.2.10]
	at org.junit.jupiter.engine.descriptor.TestMethodTestDescriptor.lambda$invokeBeforeEachCallbacks$2(TestMethodTestDescriptor.java:165) ~[junit-jupiter-engine-5.12.2.jar:5.12.2]
	at org.junit.jupiter.engine.descriptor.TestMethodTestDescriptor.lambda$invokeBeforeMethodsOrCallbacksUntilExceptionOccurs$6(TestMethodTestDescriptor.java:201) ~[junit-jupiter-engine-5.12.2.jar:5.12.2]
	at org.junit.platform.engine.support.hierarchical.ThrowableCollector.execute(ThrowableCollector.java:73) ~[junit-platform-engine-1.12.2.jar:1.12.2]
	at org.junit.jupiter.engine.descriptor.TestMethodTestDescriptor.invokeBeforeMethodsOrCallbacksUntilExceptionOccurs(TestMethodTestDescriptor.java:201) ~[junit-jupiter-engine-5.12.2.jar:5.12.2]
	at org.junit.jupiter.engine.descriptor.TestMethodTestDescriptor.invokeBeforeEachCallbacks(TestMethodTestDescriptor.java:164) ~[junit-jupiter-engine-5.12.2.jar:5.12.2]
	at org.junit.jupiter.engine.descriptor.TestMethodTestDescriptor.execute(TestMethodTestDescriptor.java:131) ~[junit-jupiter-engine-5.12.2.jar:5.12.2]
	at org.junit.jupiter.engine.descriptor.TestMethodTestDescriptor.execute(TestMethodTestDescriptor.java:69) ~[junit-jupiter-engine-5.12.2.jar:5.12.2]
	at org.junit.platform.engine.support.hierarchical.NodeTestTask.lambda$executeRecursively$6(NodeTestTask.java:156) ~[junit-platform-engine-1.12.2.jar:1.12.2]
	at org.junit.platform.engine.support.hierarchical.ThrowableCollector.execute(ThrowableCollector.java:73) ~[junit-platform-engine-1.12.2.jar:1.12.2]
	at org.junit.platform.engine.support.hierarchical.NodeTestTask.lambda$executeRecursively$8(NodeTestTask.java:146) ~[junit-platform-engine-1.12.2.jar:1.12.2]
	at org.junit.platform.engine.support.hierarchical.Node.around(Node.java:137) ~[junit-platform-engine-1.12.2.jar:1.12.2]
	at org.junit.platform.engine.support.hierarchical.NodeTestTask.lambda$executeRecursively$9(NodeTestTask.java:144) ~[junit-platform-engine-1.12.2.jar:1.12.2]
	at org.junit.platform.engine.support.hierarchical.ThrowableCollector.execute(ThrowableCollector.java:73) ~[junit-platform-engine-1.12.2.jar:1.12.2]
	at org.junit.platform.engine.support.hierarchical.NodeTestTask.executeRecursively(NodeTestTask.java:143) ~[junit-platform-engine-1.12.2.jar:1.12.2]
	at org.junit.platform.engine.support.hierarchical.NodeTestTask.execute(NodeTestTask.java:100) ~[junit-platform-engine-1.12.2.jar:1.12.2]
	at java.base/java.util.ArrayList.forEach(ArrayList.java:1604) ~[na:na]
	at org.junit.platform.engine.support.hierarchical.SameThreadHierarchicalTestExecutorService.invokeAll(SameThreadHierarchicalTestExecutorService.java:41) ~[junit-platform-engine-1.12.2.jar:1.12.2]
	at org.junit.platform.engine.support.hierarchical.NodeTestTask.lambda$executeRecursively$6(NodeTestTask.java:160) ~[junit-platform-engine-1.12.2.jar:1.12.2]
	at org.junit.platform.engine.support.hierarchical.ThrowableCollector.execute(ThrowableCollector.java:73) ~[junit-platform-engine-1.12.2.jar:1.12.2]
	at org.junit.platform.engine.support.hierarchical.NodeTestTask.lambda$executeRecursively$8(NodeTestTask.java:146) ~[junit-platform-engine-1.12.2.jar:1.12.2]
	at org.junit.platform.engine.support.hierarchical.Node.around(Node.java:137) ~[junit-platform-engine-1.12.2.jar:1.12.2]
	at org.junit.platform.engine.support.hierarchical.NodeTestTask.lambda$executeRecursively$9(NodeTestTask.java:144) ~[junit-platform-engine-1.12.2.jar:1.12.2]
	at org.junit.platform.engine.support.hierarchical.ThrowableCollector.execute(ThrowableCollector.java:73) ~[junit-platform-engine-1.12.2.jar:1.12.2]
	at org.junit.platform.engine.support.hierarchical.NodeTestTask.executeRecursively(NodeTestTask.java:143) ~[junit-platform-engine-1.12.2.jar:1.12.2]
	at org.junit.platform.engine.support.hierarchical.NodeTestTask.execute(NodeTestTask.java:100) ~[junit-platform-engine-1.12.2.jar:1.12.2]
	at java.base/java.util.ArrayList.forEach(ArrayList.java:1604) ~[na:na]
	at org.junit.platform.engine.support.hierarchical.SameThreadHierarchicalTestExecutorService.invokeAll(SameThreadHierarchicalTestExecutorService.java:41) ~[junit-platform-engine-1.12.2.jar:1.12.2]
	at org.junit.platform.engine.support.hierarchical.NodeTestTask.lambda$executeRecursively$6(NodeTestTask.java:160) ~[junit-platform-engine-1.12.2.jar:1.12.2]
	at org.junit.platform.engine.support.hierarchical.ThrowableCollector.execute(ThrowableCollector.java:73) ~[junit-platform-engine-1.12.2.jar:1.12.2]
	at org.junit.platform.engine.support.hierarchical.NodeTestTask.lambda$executeRecursively$8(NodeTestTask.java:146) ~[junit-platform-engine-1.12.2.jar:1.12.2]
	at org.junit.platform.engine.support.hierarchical.Node.around(Node.java:137) ~[junit-platform-engine-1.12.2.jar:1.12.2]
	at org.junit.platform.engine.support.hierarchical.NodeTestTask.lambda$executeRecursively$9(NodeTestTask.java:144) ~[junit-platform-engine-1.12.2.jar:1.12.2]
	at org.junit.platform.engine.support.hierarchical.ThrowableCollector.execute(ThrowableCollector.java:73) ~[junit-platform-engine-1.12.2.jar:1.12.2]
	at org.junit.platform.engine.support.hierarchical.NodeTestTask.executeRecursively(NodeTestTask.java:143) ~[junit-platform-engine-1.12.2.jar:1.12.2]
	at org.junit.platform.engine.support.hierarchical.NodeTestTask.execute(NodeTestTask.java:100) ~[junit-platform-engine-1.12.2.jar:1.12.2]
	at org.junit.platform.engine.support.hierarchical.SameThreadHierarchicalTestExecutorService.submit(SameThreadHierarchicalTestExecutorService.java:35) ~[junit-platform-engine-1.12.2.jar:1.12.2]
	at org.junit.platform.engine.support.hierarchical.HierarchicalTestExecutor.execute(HierarchicalTestExecutor.java:57) ~[junit-platform-engine-1.12.2.jar:1.12.2]
	at org.junit.platform.engine.support.hierarchical.HierarchicalTestEngine.execute(HierarchicalTestEngine.java:54) ~[junit-platform-engine-1.12.2.jar:1.12.2]
	at org.junit.platform.launcher.core.EngineExecutionOrchestrator.execute(EngineExecutionOrchestrator.java:201) ~[junit-platform-launcher-1.12.2.jar:1.12.2]
	at org.junit.platform.launcher.core.EngineExecutionOrchestrator.execute(EngineExecutionOrchestrator.java:170) ~[junit-platform-launcher-1.12.2.jar:1.12.2]
	at org.junit.platform.launcher.core.EngineExecutionOrchestrator.execute(EngineExecutionOrchestrator.java:94) ~[junit-platform-launcher-1.12.2.jar:1.12.2]
	at org.junit.platform.launcher.core.EngineExecutionOrchestrator.lambda$execute$0(EngineExecutionOrchestrator.java:59) ~[junit-platform-launcher-1.12.2.jar:1.12.2]
	at org.junit.platform.launcher.core.EngineExecutionOrchestrator.withInterceptedStreams(EngineExecutionOrchestrator.java:142) ~[junit-platform-launcher-1.12.2.jar:1.12.2]
	at org.junit.platform.launcher.core.EngineExecutionOrchestrator.execute(EngineExecutionOrchestrator.java:58) ~[junit-platform-launcher-1.12.2.jar:1.12.2]
	at org.junit.platform.launcher.core.DefaultLauncher.execute(DefaultLauncher.java:103) ~[junit-platform-launcher-1.12.2.jar:1.12.2]
	at org.junit.platform.launcher.core.DefaultLauncher.execute(DefaultLauncher.java:85) ~[junit-platform-launcher-1.12.2.jar:1.12.2]
	at org.junit.platform.launcher.core.DelegatingLauncher.execute(DelegatingLauncher.java:47) ~[junit-platform-launcher-1.12.2.jar:1.12.2]
	at org.junit.platform.launcher.core.InterceptingLauncher.lambda$execute$1(InterceptingLauncher.java:39) ~[junit-platform-launcher-1.12.2.jar:1.12.2]
	at org.junit.platform.launcher.core.ClasspathAlignmentCheckingLauncherInterceptor.intercept(ClasspathAlignmentCheckingLauncherInterceptor.java:25) ~[junit-platform-launcher-1.12.2.jar:1.12.2]
	at org.junit.platform.launcher.core.InterceptingLauncher.execute(InterceptingLauncher.java:38) ~[junit-platform-launcher-1.12.2.jar:1.12.2]
	at org.junit.platform.launcher.core.DelegatingLauncher.execute(DelegatingLauncher.java:47) ~[junit-platform-launcher-1.12.2.jar:1.12.2]
	at org.junit.platform.launcher.core.SessionPerRequestLauncher.execute(SessionPerRequestLauncher.java:63) ~[junit-platform-launcher-1.12.2.jar:1.12.2]
	at com.intellij.junit5.JUnit5IdeaTestRunner.startRunnerWithArgs(JUnit5IdeaTestRunner.java:66) ~[junit5-rt.jar:na]
	at com.intellij.rt.junit.IdeaTestRunner$Repeater$1.execute(IdeaTestRunner.java:38) ~[junit-rt.jar:na]
	at com.intellij.rt.execution.junit.TestsRepeater.repeat(TestsRepeater.java:11) ~[idea_rt.jar:na]
	at com.intellij.rt.junit.IdeaTestRunner$Repeater.startRunnerWithArgs(IdeaTestRunner.java:35) ~[junit-rt.jar:na]
	at com.intellij.rt.junit.JUnitStarter.prepareStreamsAndStart(JUnitStarter.java:237) ~[junit-rt.jar:na]
	at com.intellij.rt.junit.JUnitStarter.main(JUnitStarter.java:58) ~[junit-rt.jar:na]
Caused by: java.lang.IllegalStateException: Internal problem occurred, please report it. Mockito is unable to load the default implementation of class that is a part of Mockito distribution. Failed to load interface org.mockito.plugins.MockMaker
	at org.mockito.internal.configuration.plugins.DefaultMockitoPlugins.create(DefaultMockitoPlugins.java:105) ~[mockito-core-5.17.0.jar:na]
	at org.mockito.internal.configuration.plugins.DefaultMockitoPlugins.getDefaultPlugin(DefaultMockitoPlugins.java:79) ~[mockito-core-5.17.0.jar:na]
	at org.mockito.internal.configuration.plugins.PluginLoader.loadPlugin(PluginLoader.java:75) ~[mockito-core-5.17.0.jar:na]
	at org.mockito.internal.configuration.plugins.PluginLoader.loadPlugin(PluginLoader.java:49) ~[mockito-core-5.17.0.jar:na]
	at org.mockito.internal.configuration.plugins.PluginRegistry.<init>(PluginRegistry.java:29) ~[mockito-core-5.17.0.jar:na]
	at org.mockito.internal.configuration.plugins.Plugins.<clinit>(Plugins.java:26) ~[mockito-core-5.17.0.jar:na]
	at org.mockito.internal.MockitoCore.<clinit>(MockitoCore.java:71) ~[mockito-core-5.17.0.jar:na]
	at org.mockito.Mockito.<clinit>(Mockito.java:1777) ~[mockito-core-5.17.0.jar:na]
	at org.springframework.boot.test.mock.mockito.MockReset.get(MockReset.java:108) ~[spring-boot-test-3.5.5.jar:3.5.5]
	at org.springframework.boot.test.mock.mockito.ResetMocksTestExecutionListener.resetMocks(ResetMocksTestExecutionListener.java:89) ~[spring-boot-test-3.5.5.jar:3.5.5]
	at org.springframework.boot.test.mock.mockito.ResetMocksTestExecutionListener.resetMocks(ResetMocksTestExecutionListener.java:77) ~[spring-boot-test-3.5.5.jar:3.5.5]
	at org.springframework.boot.test.mock.mockito.ResetMocksTestExecutionListener.beforeTestMethod(ResetMocksTestExecutionListener.java:64) ~[spring-boot-test-3.5.5.jar:3.5.5]
	at org.springframework.test.context.TestContextManager.beforeTestMethod(TestContextManager.java:320) ~[spring-test-6.2.10.jar:6.2.10]
	at org.springframework.test.context.junit.jupiter.SpringExtension.beforeEach(SpringExtension.java:236) ~[spring-test-6.2.10.jar:6.2.10]
	at java.base/java.util.ArrayList.forEach(ArrayList.java:1604) ~[na:na]
	at java.base/java.util.ArrayList.forEach(ArrayList.java:1604) ~[na:na]
Caused by: java.lang.reflect.InvocationTargetException: null
	at java.base/java.lang.reflect.Constructor.newInstanceWithCaller(Constructor.java:499) ~[na:na]
	at java.base/java.lang.reflect.Constructor.newInstance(Constructor.java:483) ~[na:na]
	at org.mockito.internal.configuration.plugins.DefaultMockitoPlugins.create(DefaultMockitoPlugins.java:103) ~[mockito-core-5.17.0.jar:na]
	... 15 common frames omitted
Caused by: org.mockito.exceptions.base.MockitoInitializationException: 
Could not initialize inline Byte Buddy mock maker.

It appears as if your JDK does not supply a working agent attachment mechanism.
Java               : 24
JVM vendor name    : Oracle Corporation
JVM vendor version : 24.0.2+11-jvmci-b01
JVM name           : Java HotSpot(TM) 64-Bit Server VM
JVM version        : 24.0.2+11-jvmci-b01
JVM info           : mixed mode, sharing
OS name            : Windows 10
OS version         : 10.0

	at org.mockito.internal.creation.bytebuddy.InlineDelegateByteBuddyMockMaker.<init>(InlineDelegateByteBuddyMockMaker.java:275) ~[mockito-core-5.17.0.jar:na]
	at org.mockito.internal.creation.bytebuddy.InlineByteBuddyMockMaker.<init>(InlineByteBuddyMockMaker.java:23) ~[mockito-core-5.17.0.jar:na]
	... 18 common frames omitted
Caused by: java.lang.IllegalStateException: Could not self-attach to current VM using external process - set a property net.bytebuddy.agent.attacher.dump to dump the process output to a file at the specified location
	at net.bytebuddy.agent.ByteBuddyAgent.installExternal(ByteBuddyAgent.java:672) ~[byte-buddy-agent-1.17.7.jar:na]
	at net.bytebuddy.agent.ByteBuddyAgent.install(ByteBuddyAgent.java:599) ~[byte-buddy-agent-1.17.7.jar:na]
	at net.bytebuddy.agent.ByteBuddyAgent.install(ByteBuddyAgent.java:579) ~[byte-buddy-agent-1.17.7.jar:na]
	at net.bytebuddy.agent.ByteBuddyAgent.install(ByteBuddyAgent.java:531) ~[byte-buddy-agent-1.17.7.jar:na]
	at net.bytebuddy.agent.ByteBuddyAgent.install(ByteBuddyAgent.java:508) ~[byte-buddy-agent-1.17.7.jar:na]
	at org.mockito.internal.PremainAttachAccess.getInstrumentation(PremainAttachAccess.java:80) ~[mockito-core-5.17.0.jar:na]
	at org.mockito.internal.creation.bytebuddy.InlineDelegateByteBuddyMockMaker.<clinit>(InlineDelegateByteBuddyMockMaker.java:138) ~[mockito-core-5.17.0.jar:na]
	... 19 common frames omitted

2025-11-04T16:40:08.788+03:00  WARN 18696 --- [medical-center-userservice] [main] o.s.test.context.TestContextManager      : Caught exception while invoking 'afterTestMethod' callback on TestExecutionListener [org.springframework.boot.test.mock.mockito.ResetMocksTestExecutionListener] for test method [void medicalcenter.userservice.repository.DoctorRepositoryTests.save_WithInvalidPhoneFormat_ShouldThrowException()] and test instance [medicalcenter.userservice.repository.DoctorRepositoryTests@5ad98e6f]

java.lang.IllegalStateException: Could not initialize plugin: interface org.mockito.plugins.MockMaker (alternate: null)
	at org.mockito.internal.configuration.plugins.PluginLoader$1.invoke(PluginLoader.java:85) ~[mockito-core-5.17.0.jar:na]
	at jdk.proxy1/jdk.proxy1.$Proxy150.getHandler(Unknown Source) ~[na:na]
	at org.mockito.internal.util.MockUtil.getMockHandlerOrNull(MockUtil.java:158) ~[mockito-core-5.17.0.jar:na]
	at org.mockito.internal.util.MockUtil.isMock(MockUtil.java:147) ~[mockito-core-5.17.0.jar:na]
	at org.mockito.internal.util.DefaultMockingDetails.isMock(DefaultMockingDetails.java:32) ~[mockito-core-5.17.0.jar:na]
	at org.springframework.boot.test.mock.mockito.MockReset.get(MockReset.java:109) ~[spring-boot-test-3.5.5.jar:3.5.5]
	at org.springframework.boot.test.mock.mockito.ResetMocksTestExecutionListener.resetMocks(ResetMocksTestExecutionListener.java:89) ~[spring-boot-test-3.5.5.jar:3.5.5]
	at org.springframework.boot.test.mock.mockito.ResetMocksTestExecutionListener.resetMocks(ResetMocksTestExecutionListener.java:77) ~[spring-boot-test-3.5.5.jar:3.5.5]
	at org.springframework.boot.test.mock.mockito.ResetMocksTestExecutionListener.afterTestMethod(ResetMocksTestExecutionListener.java:71) ~[spring-boot-test-3.5.5.jar:3.5.5]
	at org.springframework.test.context.TestContextManager.afterTestMethod(TestContextManager.java:488) ~[spring-test-6.2.10.jar:6.2.10]
	at org.springframework.test.context.junit.jupiter.SpringExtension.afterEach(SpringExtension.java:274) ~[spring-test-6.2.10.jar:6.2.10]
	at org.junit.jupiter.engine.descriptor.TestMethodTestDescriptor.lambda$invokeAfterEachCallbacks$12(TestMethodTestDescriptor.java:259) ~[junit-jupiter-engine-5.12.2.jar:5.12.2]
	at org.junit.jupiter.engine.descriptor.TestMethodTestDescriptor.lambda$invokeAllAfterMethodsOrCallbacks$13(TestMethodTestDescriptor.java:275) ~[junit-jupiter-engine-5.12.2.jar:5.12.2]
	at org.junit.platform.engine.support.hierarchical.ThrowableCollector.execute(ThrowableCollector.java:73) ~[junit-platform-engine-1.12.2.jar:1.12.2]
	at org.junit.jupiter.engine.descriptor.TestMethodTestDescriptor.lambda$invokeAllAfterMethodsOrCallbacks$14(TestMethodTestDescriptor.java:275) ~[junit-jupiter-engine-5.12.2.jar:5.12.2]
	at org.junit.platform.commons.util.CollectionUtils.forEachInReverseOrder(CollectionUtils.java:239) ~[junit-platform-commons-1.12.2.jar:1.12.2]
	at org.junit.jupiter.engine.descriptor.TestMethodTestDescriptor.invokeAllAfterMethodsOrCallbacks(TestMethodTestDescriptor.java:274) ~[junit-jupiter-engine-5.12.2.jar:5.12.2]
	at org.junit.jupiter.engine.descriptor.TestMethodTestDescriptor.invokeAfterEachCallbacks(TestMethodTestDescriptor.java:258) ~[junit-jupiter-engine-5.12.2.jar:5.12.2]
	at org.junit.jupiter.engine.descriptor.TestMethodTestDescriptor.execute(TestMethodTestDescriptor.java:143) ~[junit-jupiter-engine-5.12.2.jar:5.12.2]
	at org.junit.jupiter.engine.descriptor.TestMethodTestDescriptor.execute(TestMethodTestDescriptor.java:69) ~[junit-jupiter-engine-5.12.2.jar:5.12.2]
	at org.junit.platform.engine.support.hierarchical.NodeTestTask.lambda$executeRecursively$6(NodeTestTask.java:156) ~[junit-platform-engine-1.12.2.jar:1.12.2]
	at org.junit.platform.engine.support.hierarchical.ThrowableCollector.execute(ThrowableCollector.java:73) ~[junit-platform-engine-1.12.2.jar:1.12.2]
	at org.junit.platform.engine.support.hierarchical.NodeTestTask.lambda$executeRecursively$8(NodeTestTask.java:146) ~[junit-platform-engine-1.12.2.jar:1.12.2]
	at org.junit.platform.engine.support.hierarchical.Node.around(Node.java:137) ~[junit-platform-engine-1.12.2.jar:1.12.2]
	at org.junit.platform.engine.support.hierarchical.NodeTestTask.lambda$executeRecursively$9(NodeTestTask.java:144) ~[junit-platform-engine-1.12.2.jar:1.12.2]
	at org.junit.platform.engine.support.hierarchical.ThrowableCollector.execute(ThrowableCollector.java:73) ~[junit-platform-engine-1.12.2.jar:1.12.2]
	at org.junit.platform.engine.support.hierarchical.NodeTestTask.executeRecursively(NodeTestTask.java:143) ~[junit-platform-engine-1.12.2.jar:1.12.2]
	at org.junit.platform.engine.support.hierarchical.NodeTestTask.execute(NodeTestTask.java:100) ~[junit-platform-engine-1.12.2.jar:1.12.2]
	at java.base/java.util.ArrayList.forEach(ArrayList.java:1604) ~[na:na]
	at org.junit.platform.engine.support.hierarchical.SameThreadHierarchicalTestExecutorService.invokeAll(SameThreadHierarchicalTestExecutorService.java:41) ~[junit-platform-engine-1.12.2.jar:1.12.2]
	at org.junit.platform.engine.support.hierarchical.NodeTestTask.lambda$executeRecursively$6(NodeTestTask.java:160) ~[junit-platform-engine-1.12.2.jar:1.12.2]
	at org.junit.platform.engine.support.hierarchical.ThrowableCollector.execute(ThrowableCollector.java:73) ~[junit-platform-engine-1.12.2.jar:1.12.2]
	at org.junit.platform.engine.support.hierarchical.NodeTestTask.lambda$executeRecursively$8(NodeTestTask.java:146) ~[junit-platform-engine-1.12.2.jar:1.12.2]
	at org.junit.platform.engine.support.hierarchical.Node.around(Node.java:137) ~[junit-platform-engine-1.12.2.jar:1.12.2]
	at org.junit.platform.engine.support.hierarchical.NodeTestTask.lambda$executeRecursively$9(NodeTestTask.java:144) ~[junit-platform-engine-1.12.2.jar:1.12.2]
	at org.junit.platform.engine.support.hierarchical.ThrowableCollector.execute(ThrowableCollector.java:73) ~[junit-platform-engine-1.12.2.jar:1.12.2]
	at org.junit.platform.engine.support.hierarchical.NodeTestTask.executeRecursively(NodeTestTask.java:143) ~[junit-platform-engine-1.12.2.jar:1.12.2]
	at org.junit.platform.engine.support.hierarchical.NodeTestTask.execute(NodeTestTask.java:100) ~[junit-platform-engine-1.12.2.jar:1.12.2]
	at java.base/java.util.ArrayList.forEach(ArrayList.java:1604) ~[na:na]
	at org.junit.platform.engine.support.hierarchical.SameThreadHierarchicalTestExecutorService.invokeAll(SameThreadHierarchicalTestExecutorService.java:41) ~[junit-platform-engine-1.12.2.jar:1.12.2]
	at org.junit.platform.engine.support.hierarchical.NodeTestTask.lambda$executeRecursively$6(NodeTestTask.java:160) ~[junit-platform-engine-1.12.2.jar:1.12.2]
	at org.junit.platform.engine.support.hierarchical.ThrowableCollector.execute(ThrowableCollector.java:73) ~[junit-platform-engine-1.12.2.jar:1.12.2]
	at org.junit.platform.engine.support.hierarchical.NodeTestTask.lambda$executeRecursively$8(NodeTestTask.java:146) ~[junit-platform-engine-1.12.2.jar:1.12.2]
	at org.junit.platform.engine.support.hierarchical.Node.around(Node.java:137) ~[junit-platform-engine-1.12.2.jar:1.12.2]
	at org.junit.platform.engine.support.hierarchical.NodeTestTask.lambda$executeRecursively$9(NodeTestTask.java:144) ~[junit-platform-engine-1.12.2.jar:1.12.2]
	at org.junit.platform.engine.support.hierarchical.ThrowableCollector.execute(ThrowableCollector.java:73) ~[junit-platform-engine-1.12.2.jar:1.12.2]
	at org.junit.platform.engine.support.hierarchical.NodeTestTask.executeRecursively(NodeTestTask.java:143) ~[junit-platform-engine-1.12.2.jar:1.12.2]
	at org.junit.platform.engine.support.hierarchical.NodeTestTask.execute(NodeTestTask.java:100) ~[junit-platform-engine-1.12.2.jar:1.12.2]
	at org.junit.platform.engine.support.hierarchical.SameThreadHierarchicalTestExecutorService.submit(SameThreadHierarchicalTestExecutorService.java:35) ~[junit-platform-engine-1.12.2.jar:1.12.2]
	at org.junit.platform.engine.support.hierarchical.HierarchicalTestExecutor.execute(HierarchicalTestExecutor.java:57) ~[junit-platform-engine-1.12.2.jar:1.12.2]
	at org.junit.platform.engine.support.hierarchical.HierarchicalTestEngine.execute(HierarchicalTestEngine.java:54) ~[junit-platform-engine-1.12.2.jar:1.12.2]
	at org.junit.platform.launcher.core.EngineExecutionOrchestrator.execute(EngineExecutionOrchestrator.java:201) ~[junit-platform-launcher-1.12.2.jar:1.12.2]
	at org.junit.platform.launcher.core.EngineExecutionOrchestrator.execute(EngineExecutionOrchestrator.java:170) ~[junit-platform-launcher-1.12.2.jar:1.12.2]
	at org.junit.platform.launcher.core.EngineExecutionOrchestrator.execute(EngineExecutionOrchestrator.java:94) ~[junit-platform-launcher-1.12.2.jar:1.12.2]
	at org.junit.platform.launcher.core.EngineExecutionOrchestrator.lambda$execute$0(EngineExecutionOrchestrator.java:59) ~[junit-platform-launcher-1.12.2.jar:1.12.2]
	at org.junit.platform.launcher.core.EngineExecutionOrchestrator.withInterceptedStreams(EngineExecutionOrchestrator.java:142) ~[junit-platform-launcher-1.12.2.jar:1.12.2]
	at org.junit.platform.launcher.core.EngineExecutionOrchestrator.execute(EngineExecutionOrchestrator.java:58) ~[junit-platform-launcher-1.12.2.jar:1.12.2]
	at org.junit.platform.launcher.core.DefaultLauncher.execute(DefaultLauncher.java:103) ~[junit-platform-launcher-1.12.2.jar:1.12.2]
	at org.junit.platform.launcher.core.DefaultLauncher.execute(DefaultLauncher.java:85) ~[junit-platform-launcher-1.12.2.jar:1.12.2]
	at org.junit.platform.launcher.core.DelegatingLauncher.execute(DelegatingLauncher.java:47) ~[junit-platform-launcher-1.12.2.jar:1.12.2]
	at org.junit.platform.launcher.core.InterceptingLauncher.lambda$execute$1(InterceptingLauncher.java:39) ~[junit-platform-launcher-1.12.2.jar:1.12.2]
	at org.junit.platform.launcher.core.ClasspathAlignmentCheckingLauncherInterceptor.intercept(ClasspathAlignmentCheckingLauncherInterceptor.java:25) ~[junit-platform-launcher-1.12.2.jar:1.12.2]
	at org.junit.platform.launcher.core.InterceptingLauncher.execute(InterceptingLauncher.java:38) ~[junit-platform-launcher-1.12.2.jar:1.12.2]
	at org.junit.platform.launcher.core.DelegatingLauncher.execute(DelegatingLauncher.java:47) ~[junit-platform-launcher-1.12.2.jar:1.12.2]
	at org.junit.platform.launcher.core.SessionPerRequestLauncher.execute(SessionPerRequestLauncher.java:63) ~[junit-platform-launcher-1.12.2.jar:1.12.2]
	at com.intellij.junit5.JUnit5IdeaTestRunner.startRunnerWithArgs(JUnit5IdeaTestRunner.java:66) ~[junit5-rt.jar:na]
	at com.intellij.rt.junit.IdeaTestRunner$Repeater$1.execute(IdeaTestRunner.java:38) ~[junit-rt.jar:na]
	at com.intellij.rt.execution.junit.TestsRepeater.repeat(TestsRepeater.java:11) ~[idea_rt.jar:na]
	at com.intellij.rt.junit.IdeaTestRunner$Repeater.startRunnerWithArgs(IdeaTestRunner.java:35) ~[junit-rt.jar:na]
	at com.intellij.rt.junit.JUnitStarter.prepareStreamsAndStart(JUnitStarter.java:237) ~[junit-rt.jar:na]
	at com.intellij.rt.junit.JUnitStarter.main(JUnitStarter.java:58) ~[junit-rt.jar:na]
Caused by: java.lang.IllegalStateException: Internal problem occurred, please report it. Mockito is unable to load the default implementation of class that is a part of Mockito distribution. Failed to load interface org.mockito.plugins.MockMaker
	at org.mockito.internal.configuration.plugins.DefaultMockitoPlugins.create(DefaultMockitoPlugins.java:105) ~[mockito-core-5.17.0.jar:na]
	at org.mockito.internal.configuration.plugins.DefaultMockitoPlugins.getDefaultPlugin(DefaultMockitoPlugins.java:79) ~[mockito-core-5.17.0.jar:na]
	at org.mockito.internal.configuration.plugins.PluginLoader.loadPlugin(PluginLoader.java:75) ~[mockito-core-5.17.0.jar:na]
	at org.mockito.internal.configuration.plugins.PluginLoader.loadPlugin(PluginLoader.java:49) ~[mockito-core-5.17.0.jar:na]
	at org.mockito.internal.configuration.plugins.PluginRegistry.<init>(PluginRegistry.java:29) ~[mockito-core-5.17.0.jar:na]
	at org.mockito.internal.configuration.plugins.Plugins.<clinit>(Plugins.java:26) ~[mockito-core-5.17.0.jar:na]
	at org.mockito.internal.MockitoCore.<clinit>(MockitoCore.java:71) ~[mockito-core-5.17.0.jar:na]
	at org.mockito.Mockito.<clinit>(Mockito.java:1777) ~[mockito-core-5.17.0.jar:na]
	at org.springframework.boot.test.mock.mockito.MockReset.get(MockReset.java:108) ~[spring-boot-test-3.5.5.jar:3.5.5]
	at org.springframework.boot.test.mock.mockito.ResetMocksTestExecutionListener.resetMocks(ResetMocksTestExecutionListener.java:89) ~[spring-boot-test-3.5.5.jar:3.5.5]
	at org.springframework.boot.test.mock.mockito.ResetMocksTestExecutionListener.resetMocks(ResetMocksTestExecutionListener.java:77) ~[spring-boot-test-3.5.5.jar:3.5.5]
	at org.springframework.boot.test.mock.mockito.ResetMocksTestExecutionListener.beforeTestMethod(ResetMocksTestExecutionListener.java:64) ~[spring-boot-test-3.5.5.jar:3.5.5]
	at org.springframework.test.context.TestContextManager.beforeTestMethod(TestContextManager.java:320) ~[spring-test-6.2.10.jar:6.2.10]
	at org.springframework.test.context.junit.jupiter.SpringExtension.beforeEach(SpringExtension.java:236) ~[spring-test-6.2.10.jar:6.2.10]
	at java.base/java.util.ArrayList.forEach(ArrayList.java:1604) ~[na:na]
	at java.base/java.util.ArrayList.forEach(ArrayList.java:1604) ~[na:na]
Caused by: java.lang.reflect.InvocationTargetException: null
	at java.base/java.lang.reflect.Constructor.newInstanceWithCaller(Constructor.java:499) ~[na:na]
	at java.base/java.lang.reflect.Constructor.newInstance(Constructor.java:483) ~[na:na]
	at org.mockito.internal.configuration.plugins.DefaultMockitoPlugins.create(DefaultMockitoPlugins.java:103) ~[mockito-core-5.17.0.jar:na]
	... 15 common frames omitted
Caused by: org.mockito.exceptions.base.MockitoInitializationException: 
Could not initialize inline Byte Buddy mock maker.

It appears as if your JDK does not supply a working agent attachment mechanism.
Java               : 24
JVM vendor name    : Oracle Corporation
JVM vendor version : 24.0.2+11-jvmci-b01
JVM name           : Java HotSpot(TM) 64-Bit Server VM
JVM version        : 24.0.2+11-jvmci-b01
JVM info           : mixed mode, sharing
OS name            : Windows 10
OS version         : 10.0

	at org.mockito.internal.creation.bytebuddy.InlineDelegateByteBuddyMockMaker.<init>(InlineDelegateByteBuddyMockMaker.java:275) ~[mockito-core-5.17.0.jar:na]
	at org.mockito.internal.creation.bytebuddy.InlineByteBuddyMockMaker.<init>(InlineByteBuddyMockMaker.java:23) ~[mockito-core-5.17.0.jar:na]
	... 18 common frames omitted
Caused by: java.lang.IllegalStateException: Could not self-attach to current VM using external process - set a property net.bytebuddy.agent.attacher.dump to dump the process output to a file at the specified location
	at net.bytebuddy.agent.ByteBuddyAgent.installExternal(ByteBuddyAgent.java:672) ~[byte-buddy-agent-1.17.7.jar:na]
	at net.bytebuddy.agent.ByteBuddyAgent.install(ByteBuddyAgent.java:599) ~[byte-buddy-agent-1.17.7.jar:na]
	at net.bytebuddy.agent.ByteBuddyAgent.install(ByteBuddyAgent.java:579) ~[byte-buddy-agent-1.17.7.jar:na]
	at net.bytebuddy.agent.ByteBuddyAgent.install(ByteBuddyAgent.java:531) ~[byte-buddy-agent-1.17.7.jar:na]
	at net.bytebuddy.agent.ByteBuddyAgent.install(ByteBuddyAgent.java:508) ~[byte-buddy-agent-1.17.7.jar:na]
	at org.mockito.internal.PremainAttachAccess.getInstrumentation(PremainAttachAccess.java:80) ~[mockito-core-5.17.0.jar:na]
	at org.mockito.internal.creation.bytebuddy.InlineDelegateByteBuddyMockMaker.<clinit>(InlineDelegateByteBuddyMockMaker.java:138) ~[mockito-core-5.17.0.jar:na]
	... 19 common frames omitted

2025-11-04T16:40:08.810+03:00  WARN 18696 --- [medical-center-userservice] [main] o.s.test.context.TestContextManager      : Caught exception while invoking 'beforeTestMethod' callback on TestExecutionListener [org.springframework.boot.test.mock.mockito.ResetMocksTestExecutionListener] for test method [void medicalcenter.userservice.repository.DoctorRepositoryTests.updateById_ShouldUpdateAllDoctorFields()] and test instance [medicalcenter.userservice.repository.DoctorRepositoryTests@6e4e7a62]

java.lang.IllegalStateException: Could not initialize plugin: interface org.mockito.plugins.MockMaker (alternate: null)
	at org.mockito.internal.configuration.plugins.PluginLoader$1.invoke(PluginLoader.java:85) ~[mockito-core-5.17.0.jar:na]
	at jdk.proxy1/jdk.proxy1.$Proxy150.getHandler(Unknown Source) ~[na:na]
	at org.mockito.internal.util.MockUtil.getMockHandlerOrNull(MockUtil.java:158) ~[mockito-core-5.17.0.jar:na]
	at org.mockito.internal.util.MockUtil.isMock(MockUtil.java:147) ~[mockito-core-5.17.0.jar:na]
	at org.mockito.internal.util.DefaultMockingDetails.isMock(DefaultMockingDetails.java:32) ~[mockito-core-5.17.0.jar:na]
	at org.springframework.boot.test.mock.mockito.MockReset.get(MockReset.java:109) ~[spring-boot-test-3.5.5.jar:3.5.5]
	at org.springframework.boot.test.mock.mockito.ResetMocksTestExecutionListener.resetMocks(ResetMocksTestExecutionListener.java:89) ~[spring-boot-test-3.5.5.jar:3.5.5]
	at org.springframework.boot.test.mock.mockito.ResetMocksTestExecutionListener.resetMocks(ResetMocksTestExecutionListener.java:77) ~[spring-boot-test-3.5.5.jar:3.5.5]
	at org.springframework.boot.test.mock.mockito.ResetMocksTestExecutionListener.beforeTestMethod(ResetMocksTestExecutionListener.java:64) ~[spring-boot-test-3.5.5.jar:3.5.5]
	at org.springframework.test.context.TestContextManager.beforeTestMethod(TestContextManager.java:320) ~[spring-test-6.2.10.jar:6.2.10]
	at org.springframework.test.context.junit.jupiter.SpringExtension.beforeEach(SpringExtension.java:236) ~[spring-test-6.2.10.jar:6.2.10]
	at org.junit.jupiter.engine.descriptor.TestMethodTestDescriptor.lambda$invokeBeforeEachCallbacks$2(TestMethodTestDescriptor.java:165) ~[junit-jupiter-engine-5.12.2.jar:5.12.2]
	at org.junit.jupiter.engine.descriptor.TestMethodTestDescriptor.lambda$invokeBeforeMethodsOrCallbacksUntilExceptionOccurs$6(TestMethodTestDescriptor.java:201) ~[junit-jupiter-engine-5.12.2.jar:5.12.2]
	at org.junit.platform.engine.support.hierarchical.ThrowableCollector.execute(ThrowableCollector.java:73) ~[junit-platform-engine-1.12.2.jar:1.12.2]
	at org.junit.jupiter.engine.descriptor.TestMethodTestDescriptor.invokeBeforeMethodsOrCallbacksUntilExceptionOccurs(TestMethodTestDescriptor.java:201) ~[junit-jupiter-engine-5.12.2.jar:5.12.2]
	at org.junit.jupiter.engine.descriptor.TestMethodTestDescriptor.invokeBeforeEachCallbacks(TestMethodTestDescriptor.java:164) ~[junit-jupiter-engine-5.12.2.jar:5.12.2]
	at org.junit.jupiter.engine.descriptor.TestMethodTestDescriptor.execute(TestMethodTestDescriptor.java:131) ~[junit-jupiter-engine-5.12.2.jar:5.12.2]
	at org.junit.jupiter.engine.descriptor.TestMethodTestDescriptor.execute(TestMethodTestDescriptor.java:69) ~[junit-jupiter-engine-5.12.2.jar:5.12.2]
	at org.junit.platform.engine.support.hierarchical.NodeTestTask.lambda$executeRecursively$6(NodeTestTask.java:156) ~[junit-platform-engine-1.12.2.jar:1.12.2]
	at org.junit.platform.engine.support.hierarchical.ThrowableCollector.execute(ThrowableCollector.java:73) ~[junit-platform-engine-1.12.2.jar:1.12.2]
	at org.junit.platform.engine.support.hierarchical.NodeTestTask.lambda$executeRecursively$8(NodeTestTask.java:146) ~[junit-platform-engine-1.12.2.jar:1.12.2]
	at org.junit.platform.engine.support.hierarchical.Node.around(Node.java:137) ~[junit-platform-engine-1.12.2.jar:1.12.2]
	at org.junit.platform.engine.support.hierarchical.NodeTestTask.lambda$executeRecursively$9(NodeTestTask.java:144) ~[junit-platform-engine-1.12.2.jar:1.12.2]
	at org.junit.platform.engine.support.hierarchical.ThrowableCollector.execute(ThrowableCollector.java:73) ~[junit-platform-engine-1.12.2.jar:1.12.2]
	at org.junit.platform.engine.support.hierarchical.NodeTestTask.executeRecursively(NodeTestTask.java:143) ~[junit-platform-engine-1.12.2.jar:1.12.2]
	at org.junit.platform.engine.support.hierarchical.NodeTestTask.execute(NodeTestTask.java:100) ~[junit-platform-engine-1.12.2.jar:1.12.2]
	at java.base/java.util.ArrayList.forEach(ArrayList.java:1604) ~[na:na]
	at org.junit.platform.engine.support.hierarchical.SameThreadHierarchicalTestExecutorService.invokeAll(SameThreadHierarchicalTestExecutorService.java:41) ~[junit-platform-engine-1.12.2.jar:1.12.2]
	at org.junit.platform.engine.support.hierarchical.NodeTestTask.lambda$executeRecursively$6(NodeTestTask.java:160) ~[junit-platform-engine-1.12.2.jar:1.12.2]
	at org.junit.platform.engine.support.hierarchical.ThrowableCollector.execute(ThrowableCollector.java:73) ~[junit-platform-engine-1.12.2.jar:1.12.2]
	at org.junit.platform.engine.support.hierarchical.NodeTestTask.lambda$executeRecursively$8(NodeTestTask.java:146) ~[junit-platform-engine-1.12.2.jar:1.12.2]
	at org.junit.platform.engine.support.hierarchical.Node.around(Node.java:137) ~[junit-platform-engine-1.12.2.jar:1.12.2]
	at org.junit.platform.engine.support.hierarchical.NodeTestTask.lambda$executeRecursively$9(NodeTestTask.java:144) ~[junit-platform-engine-1.12.2.jar:1.12.2]
	at org.junit.platform.engine.support.hierarchical.ThrowableCollector.execute(ThrowableCollector.java:73) ~[junit-platform-engine-1.12.2.jar:1.12.2]
	at org.junit.platform.engine.support.hierarchical.NodeTestTask.executeRecursively(NodeTestTask.java:143) ~[junit-platform-engine-1.12.2.jar:1.12.2]
	at org.junit.platform.engine.support.hierarchical.NodeTestTask.execute(NodeTestTask.java:100) ~[junit-platform-engine-1.12.2.jar:1.12.2]
	at java.base/java.util.ArrayList.forEach(ArrayList.java:1604) ~[na:na]
	at org.junit.platform.engine.support.hierarchical.SameThreadHierarchicalTestExecutorService.invokeAll(SameThreadHierarchicalTestExecutorService.java:41) ~[junit-platform-engine-1.12.2.jar:1.12.2]
	at org.junit.platform.engine.support.hierarchical.NodeTestTask.lambda$executeRecursively$6(NodeTestTask.java:160) ~[junit-platform-engine-1.12.2.jar:1.12.2]
	at org.junit.platform.engine.support.hierarchical.ThrowableCollector.execute(ThrowableCollector.java:73) ~[junit-platform-engine-1.12.2.jar:1.12.2]
	at org.junit.platform.engine.support.hierarchical.NodeTestTask.lambda$executeRecursively$8(NodeTestTask.java:146) ~[junit-platform-engine-1.12.2.jar:1.12.2]
	at org.junit.platform.engine.support.hierarchical.Node.around(Node.java:137) ~[junit-platform-engine-1.12.2.jar:1.12.2]
	at org.junit.platform.engine.support.hierarchical.NodeTestTask.lambda$executeRecursively$9(NodeTestTask.java:144) ~[junit-platform-engine-1.12.2.jar:1.12.2]
	at org.junit.platform.engine.support.hierarchical.ThrowableCollector.execute(ThrowableCollector.java:73) ~[junit-platform-engine-1.12.2.jar:1.12.2]
	at org.junit.platform.engine.support.hierarchical.NodeTestTask.executeRecursively(NodeTestTask.java:143) ~[junit-platform-engine-1.12.2.jar:1.12.2]
	at org.junit.platform.engine.support.hierarchical.NodeTestTask.execute(NodeTestTask.java:100) ~[junit-platform-engine-1.12.2.jar:1.12.2]
	at org.junit.platform.engine.support.hierarchical.SameThreadHierarchicalTestExecutorService.submit(SameThreadHierarchicalTestExecutorService.java:35) ~[junit-platform-engine-1.12.2.jar:1.12.2]
	at org.junit.platform.engine.support.hierarchical.HierarchicalTestExecutor.execute(HierarchicalTestExecutor.java:57) ~[junit-platform-engine-1.12.2.jar:1.12.2]
	at org.junit.platform.engine.support.hierarchical.HierarchicalTestEngine.execute(HierarchicalTestEngine.java:54) ~[junit-platform-engine-1.12.2.jar:1.12.2]
	at org.junit.platform.launcher.core.EngineExecutionOrchestrator.execute(EngineExecutionOrchestrator.java:201) ~[junit-platform-launcher-1.12.2.jar:1.12.2]
	at org.junit.platform.launcher.core.EngineExecutionOrchestrator.execute(EngineExecutionOrchestrator.java:170) ~[junit-platform-launcher-1.12.2.jar:1.12.2]
	at org.junit.platform.launcher.core.EngineExecutionOrchestrator.execute(EngineExecutionOrchestrator.java:94) ~[junit-platform-launcher-1.12.2.jar:1.12.2]
	at org.junit.platform.launcher.core.EngineExecutionOrchestrator.lambda$execute$0(EngineExecutionOrchestrator.java:59) ~[junit-platform-launcher-1.12.2.jar:1.12.2]
	at org.junit.platform.launcher.core.EngineExecutionOrchestrator.withInterceptedStreams(EngineExecutionOrchestrator.java:142) ~[junit-platform-launcher-1.12.2.jar:1.12.2]
	at org.junit.platform.launcher.core.EngineExecutionOrchestrator.execute(EngineExecutionOrchestrator.java:58) ~[junit-platform-launcher-1.12.2.jar:1.12.2]
	at org.junit.platform.launcher.core.DefaultLauncher.execute(DefaultLauncher.java:103) ~[junit-platform-launcher-1.12.2.jar:1.12.2]
	at org.junit.platform.launcher.core.DefaultLauncher.execute(DefaultLauncher.java:85) ~[junit-platform-launcher-1.12.2.jar:1.12.2]
	at org.junit.platform.launcher.core.DelegatingLauncher.execute(DelegatingLauncher.java:47) ~[junit-platform-launcher-1.12.2.jar:1.12.2]
	at org.junit.platform.launcher.core.InterceptingLauncher.lambda$execute$1(InterceptingLauncher.java:39) ~[junit-platform-launcher-1.12.2.jar:1.12.2]
	at org.junit.platform.launcher.core.ClasspathAlignmentCheckingLauncherInterceptor.intercept(ClasspathAlignmentCheckingLauncherInterceptor.java:25) ~[junit-platform-launcher-1.12.2.jar:1.12.2]
	at org.junit.platform.launcher.core.InterceptingLauncher.execute(InterceptingLauncher.java:38) ~[junit-platform-launcher-1.12.2.jar:1.12.2]
	at org.junit.platform.launcher.core.DelegatingLauncher.execute(DelegatingLauncher.java:47) ~[junit-platform-launcher-1.12.2.jar:1.12.2]
	at org.junit.platform.launcher.core.SessionPerRequestLauncher.execute(SessionPerRequestLauncher.java:63) ~[junit-platform-launcher-1.12.2.jar:1.12.2]
	at com.intellij.junit5.JUnit5IdeaTestRunner.startRunnerWithArgs(JUnit5IdeaTestRunner.java:66) ~[junit5-rt.jar:na]
	at com.intellij.rt.junit.IdeaTestRunner$Repeater$1.execute(IdeaTestRunner.java:38) ~[junit-rt.jar:na]
	at com.intellij.rt.execution.junit.TestsRepeater.repeat(TestsRepeater.java:11) ~[idea_rt.jar:na]
	at com.intellij.rt.junit.IdeaTestRunner$Repeater.startRunnerWithArgs(IdeaTestRunner.java:35) ~[junit-rt.jar:na]
	at com.intellij.rt.junit.JUnitStarter.prepareStreamsAndStart(JUnitStarter.java:237) ~[junit-rt.jar:na]
	at com.intellij.rt.junit.JUnitStarter.main(JUnitStarter.java:58) ~[junit-rt.jar:na]
Caused by: java.lang.IllegalStateException: Internal problem occurred, please report it. Mockito is unable to load the default implementation of class that is a part of Mockito distribution. Failed to load interface org.mockito.plugins.MockMaker
	at org.mockito.internal.configuration.plugins.DefaultMockitoPlugins.create(DefaultMockitoPlugins.java:105) ~[mockito-core-5.17.0.jar:na]
	at org.mockito.internal.configuration.plugins.DefaultMockitoPlugins.getDefaultPlugin(DefaultMockitoPlugins.java:79) ~[mockito-core-5.17.0.jar:na]
	at org.mockito.internal.configuration.plugins.PluginLoader.loadPlugin(PluginLoader.java:75) ~[mockito-core-5.17.0.jar:na]
	at org.mockito.internal.configuration.plugins.PluginLoader.loadPlugin(PluginLoader.java:49) ~[mockito-core-5.17.0.jar:na]
	at org.mockito.internal.configuration.plugins.PluginRegistry.<init>(PluginRegistry.java:29) ~[mockito-core-5.17.0.jar:na]
	at org.mockito.internal.configuration.plugins.Plugins.<clinit>(Plugins.java:26) ~[mockito-core-5.17.0.jar:na]
	at org.mockito.internal.MockitoCore.<clinit>(MockitoCore.java:71) ~[mockito-core-5.17.0.jar:na]
	at org.mockito.Mockito.<clinit>(Mockito.java:1777) ~[mockito-core-5.17.0.jar:na]
	at org.springframework.boot.test.mock.mockito.MockReset.get(MockReset.java:108) ~[spring-boot-test-3.5.5.jar:3.5.5]
	at org.springframework.boot.test.mock.mockito.ResetMocksTestExecutionListener.resetMocks(ResetMocksTestExecutionListener.java:89) ~[spring-boot-test-3.5.5.jar:3.5.5]
	at org.springframework.boot.test.mock.mockito.ResetMocksTestExecutionListener.resetMocks(ResetMocksTestExecutionListener.java:77) ~[spring-boot-test-3.5.5.jar:3.5.5]
	at org.springframework.boot.test.mock.mockito.ResetMocksTestExecutionListener.beforeTestMethod(ResetMocksTestExecutionListener.java:64) ~[spring-boot-test-3.5.5.jar:3.5.5]
	at org.springframework.test.context.TestContextManager.beforeTestMethod(TestContextManager.java:320) ~[spring-test-6.2.10.jar:6.2.10]
	at org.springframework.test.context.junit.jupiter.SpringExtension.beforeEach(SpringExtension.java:236) ~[spring-test-6.2.10.jar:6.2.10]
	at java.base/java.util.ArrayList.forEach(ArrayList.java:1604) ~[na:na]
	at java.base/java.util.ArrayList.forEach(ArrayList.java:1604) ~[na:na]
Caused by: java.lang.reflect.InvocationTargetException: null
	at java.base/java.lang.reflect.Constructor.newInstanceWithCaller(Constructor.java:499) ~[na:na]
	at java.base/java.lang.reflect.Constructor.newInstance(Constructor.java:483) ~[na:na]
	at org.mockito.internal.configuration.plugins.DefaultMockitoPlugins.create(DefaultMockitoPlugins.java:103) ~[mockito-core-5.17.0.jar:na]
	... 15 common frames omitted
Caused by: org.mockito.exceptions.base.MockitoInitializationException: 
Could not initialize inline Byte Buddy mock maker.

It appears as if your JDK does not supply a working agent attachment mechanism.
Java               : 24
JVM vendor name    : Oracle Corporation
JVM vendor version : 24.0.2+11-jvmci-b01
JVM name           : Java HotSpot(TM) 64-Bit Server VM
JVM version        : 24.0.2+11-jvmci-b01
JVM info           : mixed mode, sharing
OS name            : Windows 10
OS version         : 10.0

	at org.mockito.internal.creation.bytebuddy.InlineDelegateByteBuddyMockMaker.<init>(InlineDelegateByteBuddyMockMaker.java:275) ~[mockito-core-5.17.0.jar:na]
	at org.mockito.internal.creation.bytebuddy.InlineByteBuddyMockMaker.<init>(InlineByteBuddyMockMaker.java:23) ~[mockito-core-5.17.0.jar:na]
	... 18 common frames omitted
Caused by: java.lang.IllegalStateException: Could not self-attach to current VM using external process - set a property net.bytebuddy.agent.attacher.dump to dump the process output to a file at the specified location
	at net.bytebuddy.agent.ByteBuddyAgent.installExternal(ByteBuddyAgent.java:672) ~[byte-buddy-agent-1.17.7.jar:na]
	at net.bytebuddy.agent.ByteBuddyAgent.install(ByteBuddyAgent.java:599) ~[byte-buddy-agent-1.17.7.jar:na]
	at net.bytebuddy.agent.ByteBuddyAgent.install(ByteBuddyAgent.java:579) ~[byte-buddy-agent-1.17.7.jar:na]
	at net.bytebuddy.agent.ByteBuddyAgent.install(ByteBuddyAgent.java:531) ~[byte-buddy-agent-1.17.7.jar:na]
	at net.bytebuddy.agent.ByteBuddyAgent.install(ByteBuddyAgent.java:508) ~[byte-buddy-agent-1.17.7.jar:na]
	at org.mockito.internal.PremainAttachAccess.getInstrumentation(PremainAttachAccess.java:80) ~[mockito-core-5.17.0.jar:na]
	at org.mockito.internal.creation.bytebuddy.InlineDelegateByteBuddyMockMaker.<clinit>(InlineDelegateByteBuddyMockMaker.java:138) ~[mockito-core-5.17.0.jar:na]
	... 19 common frames omitted

2025-11-04T16:40:08.813+03:00  WARN 18696 --- [medical-center-userservice] [main] o.s.test.context.TestContextManager      : Caught exception while invoking 'afterTestMethod' callback on TestExecutionListener [org.springframework.boot.test.mock.mockito.ResetMocksTestExecutionListener] for test method [void medicalcenter.userservice.repository.DoctorRepositoryTests.updateById_ShouldUpdateAllDoctorFields()] and test instance [medicalcenter.userservice.repository.DoctorRepositoryTests@6e4e7a62]

java.lang.IllegalStateException: Could not initialize plugin: interface org.mockito.plugins.MockMaker (alternate: null)
	at org.mockito.internal.configuration.plugins.PluginLoader$1.invoke(PluginLoader.java:85) ~[mockito-core-5.17.0.jar:na]
	at jdk.proxy1/jdk.proxy1.$Proxy150.getHandler(Unknown Source) ~[na:na]
	at org.mockito.internal.util.MockUtil.getMockHandlerOrNull(MockUtil.java:158) ~[mockito-core-5.17.0.jar:na]
	at org.mockito.internal.util.MockUtil.isMock(MockUtil.java:147) ~[mockito-core-5.17.0.jar:na]
	at org.mockito.internal.util.DefaultMockingDetails.isMock(DefaultMockingDetails.java:32) ~[mockito-core-5.17.0.jar:na]
	at org.springframework.boot.test.mock.mockito.MockReset.get(MockReset.java:109) ~[spring-boot-test-3.5.5.jar:3.5.5]
	at org.springframework.boot.test.mock.mockito.ResetMocksTestExecutionListener.resetMocks(ResetMocksTestExecutionListener.java:89) ~[spring-boot-test-3.5.5.jar:3.5.5]
	at org.springframework.boot.test.mock.mockito.ResetMocksTestExecutionListener.resetMocks(ResetMocksTestExecutionListener.java:77) ~[spring-boot-test-3.5.5.jar:3.5.5]
	at org.springframework.boot.test.mock.mockito.ResetMocksTestExecutionListener.afterTestMethod(ResetMocksTestExecutionListener.java:71) ~[spring-boot-test-3.5.5.jar:3.5.5]
	at org.springframework.test.context.TestContextManager.afterTestMethod(TestContextManager.java:488) ~[spring-test-6.2.10.jar:6.2.10]
	at org.springframework.test.context.junit.jupiter.SpringExtension.afterEach(SpringExtension.java:274) ~[spring-test-6.2.10.jar:6.2.10]
	at org.junit.jupiter.engine.descriptor.TestMethodTestDescriptor.lambda$invokeAfterEachCallbacks$12(TestMethodTestDescriptor.java:259) ~[junit-jupiter-engine-5.12.2.jar:5.12.2]
	at org.junit.jupiter.engine.descriptor.TestMethodTestDescriptor.lambda$invokeAllAfterMethodsOrCallbacks$13(TestMethodTestDescriptor.java:275) ~[junit-jupiter-engine-5.12.2.jar:5.12.2]
	at org.junit.platform.engine.support.hierarchical.ThrowableCollector.execute(ThrowableCollector.java:73) ~[junit-platform-engine-1.12.2.jar:1.12.2]
	at org.junit.jupiter.engine.descriptor.TestMethodTestDescriptor.lambda$invokeAllAfterMethodsOrCallbacks$14(TestMethodTestDescriptor.java:275) ~[junit-jupiter-engine-5.12.2.jar:5.12.2]
	at org.junit.platform.commons.util.CollectionUtils.forEachInReverseOrder(CollectionUtils.java:239) ~[junit-platform-commons-1.12.2.jar:1.12.2]
	at org.junit.jupiter.engine.descriptor.TestMethodTestDescriptor.invokeAllAfterMethodsOrCallbacks(TestMethodTestDescriptor.java:274) ~[junit-jupiter-engine-5.12.2.jar:5.12.2]
	at org.junit.jupiter.engine.descriptor.TestMethodTestDescriptor.invokeAfterEachCallbacks(TestMethodTestDescriptor.java:258) ~[junit-jupiter-engine-5.12.2.jar:5.12.2]
	at org.junit.jupiter.engine.descriptor.TestMethodTestDescriptor.execute(TestMethodTestDescriptor.java:143) ~[junit-jupiter-engine-5.12.2.jar:5.12.2]
	at org.junit.jupiter.engine.descriptor.TestMethodTestDescriptor.execute(TestMethodTestDescriptor.java:69) ~[junit-jupiter-engine-5.12.2.jar:5.12.2]
	at org.junit.platform.engine.support.hierarchical.NodeTestTask.lambda$executeRecursively$6(NodeTestTask.java:156) ~[junit-platform-engine-1.12.2.jar:1.12.2]
	at org.junit.platform.engine.support.hierarchical.ThrowableCollector.execute(ThrowableCollector.java:73) ~[junit-platform-engine-1.12.2.jar:1.12.2]
	at org.junit.platform.engine.support.hierarchical.NodeTestTask.lambda$executeRecursively$8(NodeTestTask.java:146) ~[junit-platform-engine-1.12.2.jar:1.12.2]
	at org.junit.platform.engine.support.hierarchical.Node.around(Node.java:137) ~[junit-platform-engine-1.12.2.jar:1.12.2]
	at org.junit.platform.engine.support.hierarchical.NodeTestTask.lambda$executeRecursively$9(NodeTestTask.java:144) ~[junit-platform-engine-1.12.2.jar:1.12.2]
	at org.junit.platform.engine.support.hierarchical.ThrowableCollector.execute(ThrowableCollector.java:73) ~[junit-platform-engine-1.12.2.jar:1.12.2]
	at org.junit.platform.engine.support.hierarchical.NodeTestTask.executeRecursively(NodeTestTask.java:143) ~[junit-platform-engine-1.12.2.jar:1.12.2]
	at org.junit.platform.engine.support.hierarchical.NodeTestTask.execute(NodeTestTask.java:100) ~[junit-platform-engine-1.12.2.jar:1.12.2]
	at java.base/java.util.ArrayList.forEach(ArrayList.java:1604) ~[na:na]
	at org.junit.platform.engine.support.hierarchical.SameThreadHierarchicalTestExecutorService.invokeAll(SameThreadHierarchicalTestExecutorService.java:41) ~[junit-platform-engine-1.12.2.jar:1.12.2]
	at org.junit.platform.engine.support.hierarchical.NodeTestTask.lambda$executeRecursively$6(NodeTestTask.java:160) ~[junit-platform-engine-1.12.2.jar:1.12.2]
	at org.junit.platform.engine.support.hierarchical.ThrowableCollector.execute(ThrowableCollector.java:73) ~[junit-platform-engine-1.12.2.jar:1.12.2]
	at org.junit.platform.engine.support.hierarchical.NodeTestTask.lambda$executeRecursively$8(NodeTestTask.java:146) ~[junit-platform-engine-1.12.2.jar:1.12.2]
	at org.junit.platform.engine.support.hierarchical.Node.around(Node.java:137) ~[junit-platform-engine-1.12.2.jar:1.12.2]
	at org.junit.platform.engine.support.hierarchical.NodeTestTask.lambda$executeRecursively$9(NodeTestTask.java:144) ~[junit-platform-engine-1.12.2.jar:1.12.2]
	at org.junit.platform.engine.support.hierarchical.ThrowableCollector.execute(ThrowableCollector.java:73) ~[junit-platform-engine-1.12.2.jar:1.12.2]
	at org.junit.platform.engine.support.hierarchical.NodeTestTask.executeRecursively(NodeTestTask.java:143) ~[junit-platform-engine-1.12.2.jar:1.12.2]
	at org.junit.platform.engine.support.hierarchical.NodeTestTask.execute(NodeTestTask.java:100) ~[junit-platform-engine-1.12.2.jar:1.12.2]
	at java.base/java.util.ArrayList.forEach(ArrayList.java:1604) ~[na:na]
	at org.junit.platform.engine.support.hierarchical.SameThreadHierarchicalTestExecutorService.invokeAll(SameThreadHierarchicalTestExecutorService.java:41) ~[junit-platform-engine-1.12.2.jar:1.12.2]
	at org.junit.platform.engine.support.hierarchical.NodeTestTask.lambda$executeRecursively$6(NodeTestTask.java:160) ~[junit-platform-engine-1.12.2.jar:1.12.2]
	at org.junit.platform.engine.support.hierarchical.ThrowableCollector.execute(ThrowableCollector.java:73) ~[junit-platform-engine-1.12.2.jar:1.12.2]
	at org.junit.platform.engine.support.hierarchical.NodeTestTask.lambda$executeRecursively$8(NodeTestTask.java:146) ~[junit-platform-engine-1.12.2.jar:1.12.2]
	at org.junit.platform.engine.support.hierarchical.Node.around(Node.java:137) ~[junit-platform-engine-1.12.2.jar:1.12.2]
	at org.junit.platform.engine.support.hierarchical.NodeTestTask.lambda$executeRecursively$9(NodeTestTask.java:144) ~[junit-platform-engine-1.12.2.jar:1.12.2]
	at org.junit.platform.engine.support.hierarchical.ThrowableCollector.execute(ThrowableCollector.java:73) ~[junit-platform-engine-1.12.2.jar:1.12.2]
	at org.junit.platform.engine.support.hierarchical.NodeTestTask.executeRecursively(NodeTestTask.java:143) ~[junit-platform-engine-1.12.2.jar:1.12.2]
	at org.junit.platform.engine.support.hierarchical.NodeTestTask.execute(NodeTestTask.java:100) ~[junit-platform-engine-1.12.2.jar:1.12.2]
	at org.junit.platform.engine.support.hierarchical.SameThreadHierarchicalTestExecutorService.submit(SameThreadHierarchicalTestExecutorService.java:35) ~[junit-platform-engine-1.12.2.jar:1.12.2]
	at org.junit.platform.engine.support.hierarchical.HierarchicalTestExecutor.execute(HierarchicalTestExecutor.java:57) ~[junit-platform-engine-1.12.2.jar:1.12.2]
	at org.junit.platform.engine.support.hierarchical.HierarchicalTestEngine.execute(HierarchicalTestEngine.java:54) ~[junit-platform-engine-1.12.2.jar:1.12.2]
	at org.junit.platform.launcher.core.EngineExecutionOrchestrator.execute(EngineExecutionOrchestrator.java:201) ~[junit-platform-launcher-1.12.2.jar:1.12.2]
	at org.junit.platform.launcher.core.EngineExecutionOrchestrator.execute(EngineExecutionOrchestrator.java:170) ~[junit-platform-launcher-1.12.2.jar:1.12.2]
	at org.junit.platform.launcher.core.EngineExecutionOrchestrator.execute(EngineExecutionOrchestrator.java:94) ~[junit-platform-launcher-1.12.2.jar:1.12.2]
	at org.junit.platform.launcher.core.EngineExecutionOrchestrator.lambda$execute$0(EngineExecutionOrchestrator.java:59) ~[junit-platform-launcher-1.12.2.jar:1.12.2]
	at org.junit.platform.launcher.core.EngineExecutionOrchestrator.withInterceptedStreams(EngineExecutionOrchestrator.java:142) ~[junit-platform-launcher-1.12.2.jar:1.12.2]
	at org.junit.platform.launcher.core.EngineExecutionOrchestrator.execute(EngineExecutionOrchestrator.java:58) ~[junit-platform-launcher-1.12.2.jar:1.12.2]
	at org.junit.platform.launcher.core.DefaultLauncher.execute(DefaultLauncher.java:103) ~[junit-platform-launcher-1.12.2.jar:1.12.2]
	at org.junit.platform.launcher.core.DefaultLauncher.execute(DefaultLauncher.java:85) ~[junit-platform-launcher-1.12.2.jar:1.12.2]
	at org.junit.platform.launcher.core.DelegatingLauncher.execute(DelegatingLauncher.java:47) ~[junit-platform-launcher-1.12.2.jar:1.12.2]
	at org.junit.platform.launcher.core.InterceptingLauncher.lambda$execute$1(InterceptingLauncher.java:39) ~[junit-platform-launcher-1.12.2.jar:1.12.2]
	at org.junit.platform.launcher.core.ClasspathAlignmentCheckingLauncherInterceptor.intercept(ClasspathAlignmentCheckingLauncherInterceptor.java:25) ~[junit-platform-launcher-1.12.2.jar:1.12.2]
	at org.junit.platform.launcher.core.InterceptingLauncher.execute(InterceptingLauncher.java:38) ~[junit-platform-launcher-1.12.2.jar:1.12.2]
	at org.junit.platform.launcher.core.DelegatingLauncher.execute(DelegatingLauncher.java:47) ~[junit-platform-launcher-1.12.2.jar:1.12.2]
	at org.junit.platform.launcher.core.SessionPerRequestLauncher.execute(SessionPerRequestLauncher.java:63) ~[junit-platform-launcher-1.12.2.jar:1.12.2]
	at com.intellij.junit5.JUnit5IdeaTestRunner.startRunnerWithArgs(JUnit5IdeaTestRunner.java:66) ~[junit5-rt.jar:na]
	at com.intellij.rt.junit.IdeaTestRunner$Repeater$1.execute(IdeaTestRunner.java:38) ~[junit-rt.jar:na]
	at com.intellij.rt.execution.junit.TestsRepeater.repeat(TestsRepeater.java:11) ~[idea_rt.jar:na]
	at com.intellij.rt.junit.IdeaTestRunner$Repeater.startRunnerWithArgs(IdeaTestRunner.java:35) ~[junit-rt.jar:na]
	at com.intellij.rt.junit.JUnitStarter.prepareStreamsAndStart(JUnitStarter.java:237) ~[junit-rt.jar:na]
	at com.intellij.rt.junit.JUnitStarter.main(JUnitStarter.java:58) ~[junit-rt.jar:na]
Caused by: java.lang.IllegalStateException: Internal problem occurred, please report it. Mockito is unable to load the default implementation of class that is a part of Mockito distribution. Failed to load interface org.mockito.plugins.MockMaker
	at org.mockito.internal.configuration.plugins.DefaultMockitoPlugins.create(DefaultMockitoPlugins.java:105) ~[mockito-core-5.17.0.jar:na]
	at org.mockito.internal.configuration.plugins.DefaultMockitoPlugins.getDefaultPlugin(DefaultMockitoPlugins.java:79) ~[mockito-core-5.17.0.jar:na]
	at org.mockito.internal.configuration.plugins.PluginLoader.loadPlugin(PluginLoader.java:75) ~[mockito-core-5.17.0.jar:na]
	at org.mockito.internal.configuration.plugins.PluginLoader.loadPlugin(PluginLoader.java:49) ~[mockito-core-5.17.0.jar:na]
	at org.mockito.internal.configuration.plugins.PluginRegistry.<init>(PluginRegistry.java:29) ~[mockito-core-5.17.0.jar:na]
	at org.mockito.internal.configuration.plugins.Plugins.<clinit>(Plugins.java:26) ~[mockito-core-5.17.0.jar:na]
	at org.mockito.internal.MockitoCore.<clinit>(MockitoCore.java:71) ~[mockito-core-5.17.0.jar:na]
	at org.mockito.Mockito.<clinit>(Mockito.java:1777) ~[mockito-core-5.17.0.jar:na]
	at org.springframework.boot.test.mock.mockito.MockReset.get(MockReset.java:108) ~[spring-boot-test-3.5.5.jar:3.5.5]
	at org.springframework.boot.test.mock.mockito.ResetMocksTestExecutionListener.resetMocks(ResetMocksTestExecutionListener.java:89) ~[spring-boot-test-3.5.5.jar:3.5.5]
	at org.springframework.boot.test.mock.mockito.ResetMocksTestExecutionListener.resetMocks(ResetMocksTestExecutionListener.java:77) ~[spring-boot-test-3.5.5.jar:3.5.5]
	at org.springframework.boot.test.mock.mockito.ResetMocksTestExecutionListener.beforeTestMethod(ResetMocksTestExecutionListener.java:64) ~[spring-boot-test-3.5.5.jar:3.5.5]
	at org.springframework.test.context.TestContextManager.beforeTestMethod(TestContextManager.java:320) ~[spring-test-6.2.10.jar:6.2.10]
	at org.springframework.test.context.junit.jupiter.SpringExtension.beforeEach(SpringExtension.java:236) ~[spring-test-6.2.10.jar:6.2.10]
	at java.base/java.util.ArrayList.forEach(ArrayList.java:1604) ~[na:na]
	at java.base/java.util.ArrayList.forEach(ArrayList.java:1604) ~[na:na]
Caused by: java.lang.reflect.InvocationTargetException: null
	at java.base/java.lang.reflect.Constructor.newInstanceWithCaller(Constructor.java:499) ~[na:na]
	at java.base/java.lang.reflect.Constructor.newInstance(Constructor.java:483) ~[na:na]
	at org.mockito.internal.configuration.plugins.DefaultMockitoPlugins.create(DefaultMockitoPlugins.java:103) ~[mockito-core-5.17.0.jar:na]
	... 15 common frames omitted
Caused by: org.mockito.exceptions.base.MockitoInitializationException: 
Could not initialize inline Byte Buddy mock maker.

It appears as if your JDK does not supply a working agent attachment mechanism.
Java               : 24
JVM vendor name    : Oracle Corporation
JVM vendor version : 24.0.2+11-jvmci-b01
JVM name           : Java HotSpot(TM) 64-Bit Server VM
JVM version        : 24.0.2+11-jvmci-b01
JVM info           : mixed mode, sharing
OS name            : Windows 10
OS version         : 10.0

	at org.mockito.internal.creation.bytebuddy.InlineDelegateByteBuddyMockMaker.<init>(InlineDelegateByteBuddyMockMaker.java:275) ~[mockito-core-5.17.0.jar:na]
	at org.mockito.internal.creation.bytebuddy.InlineByteBuddyMockMaker.<init>(InlineByteBuddyMockMaker.java:23) ~[mockito-core-5.17.0.jar:na]
	... 18 common frames omitted
Caused by: java.lang.IllegalStateException: Could not self-attach to current VM using external process - set a property net.bytebuddy.agent.attacher.dump to dump the process output to a file at the specified location
	at net.bytebuddy.agent.ByteBuddyAgent.installExternal(ByteBuddyAgent.java:672) ~[byte-buddy-agent-1.17.7.jar:na]
	at net.bytebuddy.agent.ByteBuddyAgent.install(ByteBuddyAgent.java:599) ~[byte-buddy-agent-1.17.7.jar:na]
	at net.bytebuddy.agent.ByteBuddyAgent.install(ByteBuddyAgent.java:579) ~[byte-buddy-agent-1.17.7.jar:na]
	at net.bytebuddy.agent.ByteBuddyAgent.install(ByteBuddyAgent.java:531) ~[byte-buddy-agent-1.17.7.jar:na]
	at net.bytebuddy.agent.ByteBuddyAgent.install(ByteBuddyAgent.java:508) ~[byte-buddy-agent-1.17.7.jar:na]
	at org.mockito.internal.PremainAttachAccess.getInstrumentation(PremainAttachAccess.java:80) ~[mockito-core-5.17.0.jar:na]
	at org.mockito.internal.creation.bytebuddy.InlineDelegateByteBuddyMockMaker.<clinit>(InlineDelegateByteBuddyMockMaker.java:138) ~[mockito-core-5.17.0.jar:na]
	... 19 common frames omitted

2025-11-04T16:40:08.854+03:00  WARN 18696 --- [medical-center-userservice] [main] o.s.test.context.TestContextManager      : Caught exception while invoking 'beforeTestMethod' callback on TestExecutionListener [org.springframework.boot.test.mock.mockito.ResetMocksTestExecutionListener] for test method [void medicalcenter.userservice.repository.DoctorRepositoryTests.findByPhone_WithNonExistingPhone_ShouldReturnEmpty()] and test instance [medicalcenter.userservice.repository.DoctorRepositoryTests@3d7fc4b3]

java.lang.IllegalStateException: Could not initialize plugin: interface org.mockito.plugins.MockMaker (alternate: null)
	at org.mockito.internal.configuration.plugins.PluginLoader$1.invoke(PluginLoader.java:85) ~[mockito-core-5.17.0.jar:na]
	at jdk.proxy1/jdk.proxy1.$Proxy150.getHandler(Unknown Source) ~[na:na]
	at org.mockito.internal.util.MockUtil.getMockHandlerOrNull(MockUtil.java:158) ~[mockito-core-5.17.0.jar:na]
	at org.mockito.internal.util.MockUtil.isMock(MockUtil.java:147) ~[mockito-core-5.17.0.jar:na]
	at org.mockito.internal.util.DefaultMockingDetails.isMock(DefaultMockingDetails.java:32) ~[mockito-core-5.17.0.jar:na]
	at org.springframework.boot.test.mock.mockito.MockReset.get(MockReset.java:109) ~[spring-boot-test-3.5.5.jar:3.5.5]
	at org.springframework.boot.test.mock.mockito.ResetMocksTestExecutionListener.resetMocks(ResetMocksTestExecutionListener.java:89) ~[spring-boot-test-3.5.5.jar:3.5.5]
	at org.springframework.boot.test.mock.mockito.ResetMocksTestExecutionListener.resetMocks(ResetMocksTestExecutionListener.java:77) ~[spring-boot-test-3.5.5.jar:3.5.5]
	at org.springframework.boot.test.mock.mockito.ResetMocksTestExecutionListener.beforeTestMethod(ResetMocksTestExecutionListener.java:64) ~[spring-boot-test-3.5.5.jar:3.5.5]
	at org.springframework.test.context.TestContextManager.beforeTestMethod(TestContextManager.java:320) ~[spring-test-6.2.10.jar:6.2.10]
	at org.springframework.test.context.junit.jupiter.SpringExtension.beforeEach(SpringExtension.java:236) ~[spring-test-6.2.10.jar:6.2.10]
	at org.junit.jupiter.engine.descriptor.TestMethodTestDescriptor.lambda$invokeBeforeEachCallbacks$2(TestMethodTestDescriptor.java:165) ~[junit-jupiter-engine-5.12.2.jar:5.12.2]
	at org.junit.jupiter.engine.descriptor.TestMethodTestDescriptor.lambda$invokeBeforeMethodsOrCallbacksUntilExceptionOccurs$6(TestMethodTestDescriptor.java:201) ~[junit-jupiter-engine-5.12.2.jar:5.12.2]
	at org.junit.platform.engine.support.hierarchical.ThrowableCollector.execute(ThrowableCollector.java:73) ~[junit-platform-engine-1.12.2.jar:1.12.2]
	at org.junit.jupiter.engine.descriptor.TestMethodTestDescriptor.invokeBeforeMethodsOrCallbacksUntilExceptionOccurs(TestMethodTestDescriptor.java:201) ~[junit-jupiter-engine-5.12.2.jar:5.12.2]
	at org.junit.jupiter.engine.descriptor.TestMethodTestDescriptor.invokeBeforeEachCallbacks(TestMethodTestDescriptor.java:164) ~[junit-jupiter-engine-5.12.2.jar:5.12.2]
	at org.junit.jupiter.engine.descriptor.TestMethodTestDescriptor.execute(TestMethodTestDescriptor.java:131) ~[junit-jupiter-engine-5.12.2.jar:5.12.2]
	at org.junit.jupiter.engine.descriptor.TestMethodTestDescriptor.execute(TestMethodTestDescriptor.java:69) ~[junit-jupiter-engine-5.12.2.jar:5.12.2]
	at org.junit.platform.engine.support.hierarchical.NodeTestTask.lambda$executeRecursively$6(NodeTestTask.java:156) ~[junit-platform-engine-1.12.2.jar:1.12.2]
	at org.junit.platform.engine.support.hierarchical.ThrowableCollector.execute(ThrowableCollector.java:73) ~[junit-platform-engine-1.12.2.jar:1.12.2]
	at org.junit.platform.engine.support.hierarchical.NodeTestTask.lambda$executeRecursively$8(NodeTestTask.java:146) ~[junit-platform-engine-1.12.2.jar:1.12.2]
	at org.junit.platform.engine.support.hierarchical.Node.around(Node.java:137) ~[junit-platform-engine-1.12.2.jar:1.12.2]
	at org.junit.platform.engine.support.hierarchical.NodeTestTask.lambda$executeRecursively$9(NodeTestTask.java:144) ~[junit-platform-engine-1.12.2.jar:1.12.2]
	at org.junit.platform.engine.support.hierarchical.ThrowableCollector.execute(ThrowableCollector.java:73) ~[junit-platform-engine-1.12.2.jar:1.12.2]
	at org.junit.platform.engine.support.hierarchical.NodeTestTask.executeRecursively(NodeTestTask.java:143) ~[junit-platform-engine-1.12.2.jar:1.12.2]
	at org.junit.platform.engine.support.hierarchical.NodeTestTask.execute(NodeTestTask.java:100) ~[junit-platform-engine-1.12.2.jar:1.12.2]
	at java.base/java.util.ArrayList.forEach(ArrayList.java:1604) ~[na:na]
	at org.junit.platform.engine.support.hierarchical.SameThreadHierarchicalTestExecutorService.invokeAll(SameThreadHierarchicalTestExecutorService.java:41) ~[junit-platform-engine-1.12.2.jar:1.12.2]
	at org.junit.platform.engine.support.hierarchical.NodeTestTask.lambda$executeRecursively$6(NodeTestTask.java:160) ~[junit-platform-engine-1.12.2.jar:1.12.2]
	at org.junit.platform.engine.support.hierarchical.ThrowableCollector.execute(ThrowableCollector.java:73) ~[junit-platform-engine-1.12.2.jar:1.12.2]
	at org.junit.platform.engine.support.hierarchical.NodeTestTask.lambda$executeRecursively$8(NodeTestTask.java:146) ~[junit-platform-engine-1.12.2.jar:1.12.2]
	at org.junit.platform.engine.support.hierarchical.Node.around(Node.java:137) ~[junit-platform-engine-1.12.2.jar:1.12.2]
	at org.junit.platform.engine.support.hierarchical.NodeTestTask.lambda$executeRecursively$9(NodeTestTask.java:144) ~[junit-platform-engine-1.12.2.jar:1.12.2]
	at org.junit.platform.engine.support.hierarchical.ThrowableCollector.execute(ThrowableCollector.java:73) ~[junit-platform-engine-1.12.2.jar:1.12.2]
	at org.junit.platform.engine.support.hierarchical.NodeTestTask.executeRecursively(NodeTestTask.java:143) ~[junit-platform-engine-1.12.2.jar:1.12.2]
	at org.junit.platform.engine.support.hierarchical.NodeTestTask.execute(NodeTestTask.java:100) ~[junit-platform-engine-1.12.2.jar:1.12.2]
	at java.base/java.util.ArrayList.forEach(ArrayList.java:1604) ~[na:na]
	at org.junit.platform.engine.support.hierarchical.SameThreadHierarchicalTestExecutorService.invokeAll(SameThreadHierarchicalTestExecutorService.java:41) ~[junit-platform-engine-1.12.2.jar:1.12.2]
	at org.junit.platform.engine.support.hierarchical.NodeTestTask.lambda$executeRecursively$6(NodeTestTask.java:160) ~[junit-platform-engine-1.12.2.jar:1.12.2]
	at org.junit.platform.engine.support.hierarchical.ThrowableCollector.execute(ThrowableCollector.java:73) ~[junit-platform-engine-1.12.2.jar:1.12.2]
	at org.junit.platform.engine.support.hierarchical.NodeTestTask.lambda$executeRecursively$8(NodeTestTask.java:146) ~[junit-platform-engine-1.12.2.jar:1.12.2]
	at org.junit.platform.engine.support.hierarchical.Node.around(Node.java:137) ~[junit-platform-engine-1.12.2.jar:1.12.2]
	at org.junit.platform.engine.support.hierarchical.NodeTestTask.lambda$executeRecursively$9(NodeTestTask.java:144) ~[junit-platform-engine-1.12.2.jar:1.12.2]
	at org.junit.platform.engine.support.hierarchical.ThrowableCollector.execute(ThrowableCollector.java:73) ~[junit-platform-engine-1.12.2.jar:1.12.2]
	at org.junit.platform.engine.support.hierarchical.NodeTestTask.executeRecursively(NodeTestTask.java:143) ~[junit-platform-engine-1.12.2.jar:1.12.2]
	at org.junit.platform.engine.support.hierarchical.NodeTestTask.execute(NodeTestTask.java:100) ~[junit-platform-engine-1.12.2.jar:1.12.2]
	at org.junit.platform.engine.support.hierarchical.SameThreadHierarchicalTestExecutorService.submit(SameThreadHierarchicalTestExecutorService.java:35) ~[junit-platform-engine-1.12.2.jar:1.12.2]
	at org.junit.platform.engine.support.hierarchical.HierarchicalTestExecutor.execute(HierarchicalTestExecutor.java:57) ~[junit-platform-engine-1.12.2.jar:1.12.2]
	at org.junit.platform.engine.support.hierarchical.HierarchicalTestEngine.execute(HierarchicalTestEngine.java:54) ~[junit-platform-engine-1.12.2.jar:1.12.2]
	at org.junit.platform.launcher.core.EngineExecutionOrchestrator.execute(EngineExecutionOrchestrator.java:201) ~[junit-platform-launcher-1.12.2.jar:1.12.2]
	at org.junit.platform.launcher.core.EngineExecutionOrchestrator.execute(EngineExecutionOrchestrator.java:170) ~[junit-platform-launcher-1.12.2.jar:1.12.2]
	at org.junit.platform.launcher.core.EngineExecutionOrchestrator.execute(EngineExecutionOrchestrator.java:94) ~[junit-platform-launcher-1.12.2.jar:1.12.2]
	at org.junit.platform.launcher.core.EngineExecutionOrchestrator.lambda$execute$0(EngineExecutionOrchestrator.java:59) ~[junit-platform-launcher-1.12.2.jar:1.12.2]
	at org.junit.platform.launcher.core.EngineExecutionOrchestrator.withInterceptedStreams(EngineExecutionOrchestrator.java:142) ~[junit-platform-launcher-1.12.2.jar:1.12.2]
	at org.junit.platform.launcher.core.EngineExecutionOrchestrator.execute(EngineExecutionOrchestrator.java:58) ~[junit-platform-launcher-1.12.2.jar:1.12.2]
	at org.junit.platform.launcher.core.DefaultLauncher.execute(DefaultLauncher.java:103) ~[junit-platform-launcher-1.12.2.jar:1.12.2]
	at org.junit.platform.launcher.core.DefaultLauncher.execute(DefaultLauncher.java:85) ~[junit-platform-launcher-1.12.2.jar:1.12.2]
	at org.junit.platform.launcher.core.DelegatingLauncher.execute(DelegatingLauncher.java:47) ~[junit-platform-launcher-1.12.2.jar:1.12.2]
	at org.junit.platform.launcher.core.InterceptingLauncher.lambda$execute$1(InterceptingLauncher.java:39) ~[junit-platform-launcher-1.12.2.jar:1.12.2]
	at org.junit.platform.launcher.core.ClasspathAlignmentCheckingLauncherInterceptor.intercept(ClasspathAlignmentCheckingLauncherInterceptor.java:25) ~[junit-platform-launcher-1.12.2.jar:1.12.2]
	at org.junit.platform.launcher.core.InterceptingLauncher.execute(InterceptingLauncher.java:38) ~[junit-platform-launcher-1.12.2.jar:1.12.2]
	at org.junit.platform.launcher.core.DelegatingLauncher.execute(DelegatingLauncher.java:47) ~[junit-platform-launcher-1.12.2.jar:1.12.2]
	at org.junit.platform.launcher.core.SessionPerRequestLauncher.execute(SessionPerRequestLauncher.java:63) ~[junit-platform-launcher-1.12.2.jar:1.12.2]
	at com.intellij.junit5.JUnit5IdeaTestRunner.startRunnerWithArgs(JUnit5IdeaTestRunner.java:66) ~[junit5-rt.jar:na]
	at com.intellij.rt.junit.IdeaTestRunner$Repeater$1.execute(IdeaTestRunner.java:38) ~[junit-rt.jar:na]
	at com.intellij.rt.execution.junit.TestsRepeater.repeat(TestsRepeater.java:11) ~[idea_rt.jar:na]
	at com.intellij.rt.junit.IdeaTestRunner$Repeater.startRunnerWithArgs(IdeaTestRunner.java:35) ~[junit-rt.jar:na]
	at com.intellij.rt.junit.JUnitStarter.prepareStreamsAndStart(JUnitStarter.java:237) ~[junit-rt.jar:na]
	at com.intellij.rt.junit.JUnitStarter.main(JUnitStarter.java:58) ~[junit-rt.jar:na]
Caused by: java.lang.IllegalStateException: Internal problem occurred, please report it. Mockito is unable to load the default implementation of class that is a part of Mockito distribution. Failed to load interface org.mockito.plugins.MockMaker
	at org.mockito.internal.configuration.plugins.DefaultMockitoPlugins.create(DefaultMockitoPlugins.java:105) ~[mockito-core-5.17.0.jar:na]
	at org.mockito.internal.configuration.plugins.DefaultMockitoPlugins.getDefaultPlugin(DefaultMockitoPlugins.java:79) ~[mockito-core-5.17.0.jar:na]
	at org.mockito.internal.configuration.plugins.PluginLoader.loadPlugin(PluginLoader.java:75) ~[mockito-core-5.17.0.jar:na]
	at org.mockito.internal.configuration.plugins.PluginLoader.loadPlugin(PluginLoader.java:49) ~[mockito-core-5.17.0.jar:na]
	at org.mockito.internal.configuration.plugins.PluginRegistry.<init>(PluginRegistry.java:29) ~[mockito-core-5.17.0.jar:na]
	at org.mockito.internal.configuration.plugins.Plugins.<clinit>(Plugins.java:26) ~[mockito-core-5.17.0.jar:na]
	at org.mockito.internal.MockitoCore.<clinit>(MockitoCore.java:71) ~[mockito-core-5.17.0.jar:na]
	at org.mockito.Mockito.<clinit>(Mockito.java:1777) ~[mockito-core-5.17.0.jar:na]
	at org.springframework.boot.test.mock.mockito.MockReset.get(MockReset.java:108) ~[spring-boot-test-3.5.5.jar:3.5.5]
	at org.springframework.boot.test.mock.mockito.ResetMocksTestExecutionListener.resetMocks(ResetMocksTestExecutionListener.java:89) ~[spring-boot-test-3.5.5.jar:3.5.5]
	at org.springframework.boot.test.mock.mockito.ResetMocksTestExecutionListener.resetMocks(ResetMocksTestExecutionListener.java:77) ~[spring-boot-test-3.5.5.jar:3.5.5]
	at org.springframework.boot.test.mock.mockito.ResetMocksTestExecutionListener.beforeTestMethod(ResetMocksTestExecutionListener.java:64) ~[spring-boot-test-3.5.5.jar:3.5.5]
	at org.springframework.test.context.TestContextManager.beforeTestMethod(TestContextManager.java:320) ~[spring-test-6.2.10.jar:6.2.10]
	at org.springframework.test.context.junit.jupiter.SpringExtension.beforeEach(SpringExtension.java:236) ~[spring-test-6.2.10.jar:6.2.10]
	at java.base/java.util.ArrayList.forEach(ArrayList.java:1604) ~[na:na]
	at java.base/java.util.ArrayList.forEach(ArrayList.java:1604) ~[na:na]
Caused by: java.lang.reflect.InvocationTargetException: null
	at java.base/java.lang.reflect.Constructor.newInstanceWithCaller(Constructor.java:499) ~[na:na]
	at java.base/java.lang.reflect.Constructor.newInstance(Constructor.java:483) ~[na:na]
	at org.mockito.internal.configuration.plugins.DefaultMockitoPlugins.create(DefaultMockitoPlugins.java:103) ~[mockito-core-5.17.0.jar:na]
	... 15 common frames omitted
Caused by: org.mockito.exceptions.base.MockitoInitializationException: 
Could not initialize inline Byte Buddy mock maker.

It appears as if your JDK does not supply a working agent attachment mechanism.
Java               : 24
JVM vendor name    : Oracle Corporation
JVM vendor version : 24.0.2+11-jvmci-b01
JVM name           : Java HotSpot(TM) 64-Bit Server VM
JVM version        : 24.0.2+11-jvmci-b01
JVM info           : mixed mode, sharing
OS name            : Windows 10
OS version         : 10.0

	at org.mockito.internal.creation.bytebuddy.InlineDelegateByteBuddyMockMaker.<init>(InlineDelegateByteBuddyMockMaker.java:275) ~[mockito-core-5.17.0.jar:na]
	at org.mockito.internal.creation.bytebuddy.InlineByteBuddyMockMaker.<init>(InlineByteBuddyMockMaker.java:23) ~[mockito-core-5.17.0.jar:na]
	... 18 common frames omitted
Caused by: java.lang.IllegalStateException: Could not self-attach to current VM using external process - set a property net.bytebuddy.agent.attacher.dump to dump the process output to a file at the specified location
	at net.bytebuddy.agent.ByteBuddyAgent.installExternal(ByteBuddyAgent.java:672) ~[byte-buddy-agent-1.17.7.jar:na]
	at net.bytebuddy.agent.ByteBuddyAgent.install(ByteBuddyAgent.java:599) ~[byte-buddy-agent-1.17.7.jar:na]
	at net.bytebuddy.agent.ByteBuddyAgent.install(ByteBuddyAgent.java:579) ~[byte-buddy-agent-1.17.7.jar:na]
	at net.bytebuddy.agent.ByteBuddyAgent.install(ByteBuddyAgent.java:531) ~[byte-buddy-agent-1.17.7.jar:na]
	at net.bytebuddy.agent.ByteBuddyAgent.install(ByteBuddyAgent.java:508) ~[byte-buddy-agent-1.17.7.jar:na]
	at org.mockito.internal.PremainAttachAccess.getInstrumentation(PremainAttachAccess.java:80) ~[mockito-core-5.17.0.jar:na]
	at org.mockito.internal.creation.bytebuddy.InlineDelegateByteBuddyMockMaker.<clinit>(InlineDelegateByteBuddyMockMaker.java:138) ~[mockito-core-5.17.0.jar:na]
	... 19 common frames omitted

2025-11-04T16:40:08.858+03:00  WARN 18696 --- [medical-center-userservice] [main] o.s.test.context.TestContextManager      : Caught exception while invoking 'afterTestMethod' callback on TestExecutionListener [org.springframework.boot.test.mock.mockito.ResetMocksTestExecutionListener] for test method [void medicalcenter.userservice.repository.DoctorRepositoryTests.findByPhone_WithNonExistingPhone_ShouldReturnEmpty()] and test instance [medicalcenter.userservice.repository.DoctorRepositoryTests@3d7fc4b3]

java.lang.IllegalStateException: Could not initialize plugin: interface org.mockito.plugins.MockMaker (alternate: null)
	at org.mockito.internal.configuration.plugins.PluginLoader$1.invoke(PluginLoader.java:85) ~[mockito-core-5.17.0.jar:na]
	at jdk.proxy1/jdk.proxy1.$Proxy150.getHandler(Unknown Source) ~[na:na]
	at org.mockito.internal.util.MockUtil.getMockHandlerOrNull(MockUtil.java:158) ~[mockito-core-5.17.0.jar:na]
	at org.mockito.internal.util.MockUtil.isMock(MockUtil.java:147) ~[mockito-core-5.17.0.jar:na]
	at org.mockito.internal.util.DefaultMockingDetails.isMock(DefaultMockingDetails.java:32) ~[mockito-core-5.17.0.jar:na]
	at org.springframework.boot.test.mock.mockito.MockReset.get(MockReset.java:109) ~[spring-boot-test-3.5.5.jar:3.5.5]
	at org.springframework.boot.test.mock.mockito.ResetMocksTestExecutionListener.resetMocks(ResetMocksTestExecutionListener.java:89) ~[spring-boot-test-3.5.5.jar:3.5.5]
	at org.springframework.boot.test.mock.mockito.ResetMocksTestExecutionListener.resetMocks(ResetMocksTestExecutionListener.java:77) ~[spring-boot-test-3.5.5.jar:3.5.5]
	at org.springframework.boot.test.mock.mockito.ResetMocksTestExecutionListener.afterTestMethod(ResetMocksTestExecutionListener.java:71) ~[spring-boot-test-3.5.5.jar:3.5.5]
	at org.springframework.test.context.TestContextManager.afterTestMethod(TestContextManager.java:488) ~[spring-test-6.2.10.jar:6.2.10]
	at org.springframework.test.context.junit.jupiter.SpringExtension.afterEach(SpringExtension.java:274) ~[spring-test-6.2.10.jar:6.2.10]
	at org.junit.jupiter.engine.descriptor.TestMethodTestDescriptor.lambda$invokeAfterEachCallbacks$12(TestMethodTestDescriptor.java:259) ~[junit-jupiter-engine-5.12.2.jar:5.12.2]
	at org.junit.jupiter.engine.descriptor.TestMethodTestDescriptor.lambda$invokeAllAfterMethodsOrCallbacks$13(TestMethodTestDescriptor.java:275) ~[junit-jupiter-engine-5.12.2.jar:5.12.2]
	at org.junit.platform.engine.support.hierarchical.ThrowableCollector.execute(ThrowableCollector.java:73) ~[junit-platform-engine-1.12.2.jar:1.12.2]
	at org.junit.jupiter.engine.descriptor.TestMethodTestDescriptor.lambda$invokeAllAfterMethodsOrCallbacks$14(TestMethodTestDescriptor.java:275) ~[junit-jupiter-engine-5.12.2.jar:5.12.2]
	at org.junit.platform.commons.util.CollectionUtils.forEachInReverseOrder(CollectionUtils.java:239) ~[junit-platform-commons-1.12.2.jar:1.12.2]
	at org.junit.jupiter.engine.descriptor.TestMethodTestDescriptor.invokeAllAfterMethodsOrCallbacks(TestMethodTestDescriptor.java:274) ~[junit-jupiter-engine-5.12.2.jar:5.12.2]
	at org.junit.jupiter.engine.descriptor.TestMethodTestDescriptor.invokeAfterEachCallbacks(TestMethodTestDescriptor.java:258) ~[junit-jupiter-engine-5.12.2.jar:5.12.2]
	at org.junit.jupiter.engine.descriptor.TestMethodTestDescriptor.execute(TestMethodTestDescriptor.java:143) ~[junit-jupiter-engine-5.12.2.jar:5.12.2]
	at org.junit.jupiter.engine.descriptor.TestMethodTestDescriptor.execute(TestMethodTestDescriptor.java:69) ~[junit-jupiter-engine-5.12.2.jar:5.12.2]
	at org.junit.platform.engine.support.hierarchical.NodeTestTask.lambda$executeRecursively$6(NodeTestTask.java:156) ~[junit-platform-engine-1.12.2.jar:1.12.2]
	at org.junit.platform.engine.support.hierarchical.ThrowableCollector.execute(ThrowableCollector.java:73) ~[junit-platform-engine-1.12.2.jar:1.12.2]
	at org.junit.platform.engine.support.hierarchical.NodeTestTask.lambda$executeRecursively$8(NodeTestTask.java:146) ~[junit-platform-engine-1.12.2.jar:1.12.2]
	at org.junit.platform.engine.support.hierarchical.Node.around(Node.java:137) ~[junit-platform-engine-1.12.2.jar:1.12.2]
	at org.junit.platform.engine.support.hierarchical.NodeTestTask.lambda$executeRecursively$9(NodeTestTask.java:144) ~[junit-platform-engine-1.12.2.jar:1.12.2]
	at org.junit.platform.engine.support.hierarchical.ThrowableCollector.execute(ThrowableCollector.java:73) ~[junit-platform-engine-1.12.2.jar:1.12.2]
	at org.junit.platform.engine.support.hierarchical.NodeTestTask.executeRecursively(NodeTestTask.java:143) ~[junit-platform-engine-1.12.2.jar:1.12.2]
	at org.junit.platform.engine.support.hierarchical.NodeTestTask.execute(NodeTestTask.java:100) ~[junit-platform-engine-1.12.2.jar:1.12.2]
	at java.base/java.util.ArrayList.forEach(ArrayList.java:1604) ~[na:na]
	at org.junit.platform.engine.support.hierarchical.SameThreadHierarchicalTestExecutorService.invokeAll(SameThreadHierarchicalTestExecutorService.java:41) ~[junit-platform-engine-1.12.2.jar:1.12.2]
	at org.junit.platform.engine.support.hierarchical.NodeTestTask.lambda$executeRecursively$6(NodeTestTask.java:160) ~[junit-platform-engine-1.12.2.jar:1.12.2]
	at org.junit.platform.engine.support.hierarchical.ThrowableCollector.execute(ThrowableCollector.java:73) ~[junit-platform-engine-1.12.2.jar:1.12.2]
	at org.junit.platform.engine.support.hierarchical.NodeTestTask.lambda$executeRecursively$8(NodeTestTask.java:146) ~[junit-platform-engine-1.12.2.jar:1.12.2]
	at org.junit.platform.engine.support.hierarchical.Node.around(Node.java:137) ~[junit-platform-engine-1.12.2.jar:1.12.2]
	at org.junit.platform.engine.support.hierarchical.NodeTestTask.lambda$executeRecursively$9(NodeTestTask.java:144) ~[junit-platform-engine-1.12.2.jar:1.12.2]
	at org.junit.platform.engine.support.hierarchical.ThrowableCollector.execute(ThrowableCollector.java:73) ~[junit-platform-engine-1.12.2.jar:1.12.2]
	at org.junit.platform.engine.support.hierarchical.NodeTestTask.executeRecursively(NodeTestTask.java:143) ~[junit-platform-engine-1.12.2.jar:1.12.2]
	at org.junit.platform.engine.support.hierarchical.NodeTestTask.execute(NodeTestTask.java:100) ~[junit-platform-engine-1.12.2.jar:1.12.2]
	at java.base/java.util.ArrayList.forEach(ArrayList.java:1604) ~[na:na]
	at org.junit.platform.engine.support.hierarchical.SameThreadHierarchicalTestExecutorService.invokeAll(SameThreadHierarchicalTestExecutorService.java:41) ~[junit-platform-engine-1.12.2.jar:1.12.2]
	at org.junit.platform.engine.support.hierarchical.NodeTestTask.lambda$executeRecursively$6(NodeTestTask.java:160) ~[junit-platform-engine-1.12.2.jar:1.12.2]
	at org.junit.platform.engine.support.hierarchical.ThrowableCollector.execute(ThrowableCollector.java:73) ~[junit-platform-engine-1.12.2.jar:1.12.2]
	at org.junit.platform.engine.support.hierarchical.NodeTestTask.lambda$executeRecursively$8(NodeTestTask.java:146) ~[junit-platform-engine-1.12.2.jar:1.12.2]
	at org.junit.platform.engine.support.hierarchical.Node.around(Node.java:137) ~[junit-platform-engine-1.12.2.jar:1.12.2]
	at org.junit.platform.engine.support.hierarchical.NodeTestTask.lambda$executeRecursively$9(NodeTestTask.java:144) ~[junit-platform-engine-1.12.2.jar:1.12.2]
	at org.junit.platform.engine.support.hierarchical.ThrowableCollector.execute(ThrowableCollector.java:73) ~[junit-platform-engine-1.12.2.jar:1.12.2]
	at org.junit.platform.engine.support.hierarchical.NodeTestTask.executeRecursively(NodeTestTask.java:143) ~[junit-platform-engine-1.12.2.jar:1.12.2]
	at org.junit.platform.engine.support.hierarchical.NodeTestTask.execute(NodeTestTask.java:100) ~[junit-platform-engine-1.12.2.jar:1.12.2]
	at org.junit.platform.engine.support.hierarchical.SameThreadHierarchicalTestExecutorService.submit(SameThreadHierarchicalTestExecutorService.java:35) ~[junit-platform-engine-1.12.2.jar:1.12.2]
	at org.junit.platform.engine.support.hierarchical.HierarchicalTestExecutor.execute(HierarchicalTestExecutor.java:57) ~[junit-platform-engine-1.12.2.jar:1.12.2]
	at org.junit.platform.engine.support.hierarchical.HierarchicalTestEngine.execute(HierarchicalTestEngine.java:54) ~[junit-platform-engine-1.12.2.jar:1.12.2]
	at org.junit.platform.launcher.core.EngineExecutionOrchestrator.execute(EngineExecutionOrchestrator.java:201) ~[junit-platform-launcher-1.12.2.jar:1.12.2]
	at org.junit.platform.launcher.core.EngineExecutionOrchestrator.execute(EngineExecutionOrchestrator.java:170) ~[junit-platform-launcher-1.12.2.jar:1.12.2]
	at org.junit.platform.launcher.core.EngineExecutionOrchestrator.execute(EngineExecutionOrchestrator.java:94) ~[junit-platform-launcher-1.12.2.jar:1.12.2]
	at org.junit.platform.launcher.core.EngineExecutionOrchestrator.lambda$execute$0(EngineExecutionOrchestrator.java:59) ~[junit-platform-launcher-1.12.2.jar:1.12.2]
	at org.junit.platform.launcher.core.EngineExecutionOrchestrator.withInterceptedStreams(EngineExecutionOrchestrator.java:142) ~[junit-platform-launcher-1.12.2.jar:1.12.2]
	at org.junit.platform.launcher.core.EngineExecutionOrchestrator.execute(EngineExecutionOrchestrator.java:58) ~[junit-platform-launcher-1.12.2.jar:1.12.2]
	at org.junit.platform.launcher.core.DefaultLauncher.execute(DefaultLauncher.java:103) ~[junit-platform-launcher-1.12.2.jar:1.12.2]
	at org.junit.platform.launcher.core.DefaultLauncher.execute(DefaultLauncher.java:85) ~[junit-platform-launcher-1.12.2.jar:1.12.2]
	at org.junit.platform.launcher.core.DelegatingLauncher.execute(DelegatingLauncher.java:47) ~[junit-platform-launcher-1.12.2.jar:1.12.2]
	at org.junit.platform.launcher.core.InterceptingLauncher.lambda$execute$1(InterceptingLauncher.java:39) ~[junit-platform-launcher-1.12.2.jar:1.12.2]
	at org.junit.platform.launcher.core.ClasspathAlignmentCheckingLauncherInterceptor.intercept(ClasspathAlignmentCheckingLauncherInterceptor.java:25) ~[junit-platform-launcher-1.12.2.jar:1.12.2]
	at org.junit.platform.launcher.core.InterceptingLauncher.execute(InterceptingLauncher.java:38) ~[junit-platform-launcher-1.12.2.jar:1.12.2]
	at org.junit.platform.launcher.core.DelegatingLauncher.execute(DelegatingLauncher.java:47) ~[junit-platform-launcher-1.12.2.jar:1.12.2]
	at org.junit.platform.launcher.core.SessionPerRequestLauncher.execute(SessionPerRequestLauncher.java:63) ~[junit-platform-launcher-1.12.2.jar:1.12.2]
	at com.intellij.junit5.JUnit5IdeaTestRunner.startRunnerWithArgs(JUnit5IdeaTestRunner.java:66) ~[junit5-rt.jar:na]
	at com.intellij.rt.junit.IdeaTestRunner$Repeater$1.execute(IdeaTestRunner.java:38) ~[junit-rt.jar:na]
	at com.intellij.rt.execution.junit.TestsRepeater.repeat(TestsRepeater.java:11) ~[idea_rt.jar:na]
	at com.intellij.rt.junit.IdeaTestRunner$Repeater.startRunnerWithArgs(IdeaTestRunner.java:35) ~[junit-rt.jar:na]
	at com.intellij.rt.junit.JUnitStarter.prepareStreamsAndStart(JUnitStarter.java:237) ~[junit-rt.jar:na]
	at com.intellij.rt.junit.JUnitStarter.main(JUnitStarter.java:58) ~[junit-rt.jar:na]
Caused by: java.lang.IllegalStateException: Internal problem occurred, please report it. Mockito is unable to load the default implementation of class that is a part of Mockito distribution. Failed to load interface org.mockito.plugins.MockMaker
	at org.mockito.internal.configuration.plugins.DefaultMockitoPlugins.create(DefaultMockitoPlugins.java:105) ~[mockito-core-5.17.0.jar:na]
	at org.mockito.internal.configuration.plugins.DefaultMockitoPlugins.getDefaultPlugin(DefaultMockitoPlugins.java:79) ~[mockito-core-5.17.0.jar:na]
	at org.mockito.internal.configuration.plugins.PluginLoader.loadPlugin(PluginLoader.java:75) ~[mockito-core-5.17.0.jar:na]
	at org.mockito.internal.configuration.plugins.PluginLoader.loadPlugin(PluginLoader.java:49) ~[mockito-core-5.17.0.jar:na]
	at org.mockito.internal.configuration.plugins.PluginRegistry.<init>(PluginRegistry.java:29) ~[mockito-core-5.17.0.jar:na]
	at org.mockito.internal.configuration.plugins.Plugins.<clinit>(Plugins.java:26) ~[mockito-core-5.17.0.jar:na]
	at org.mockito.internal.MockitoCore.<clinit>(MockitoCore.java:71) ~[mockito-core-5.17.0.jar:na]
	at org.mockito.Mockito.<clinit>(Mockito.java:1777) ~[mockito-core-5.17.0.jar:na]
	at org.springframework.boot.test.mock.mockito.MockReset.get(MockReset.java:108) ~[spring-boot-test-3.5.5.jar:3.5.5]
	at org.springframework.boot.test.mock.mockito.ResetMocksTestExecutionListener.resetMocks(ResetMocksTestExecutionListener.java:89) ~[spring-boot-test-3.5.5.jar:3.5.5]
	at org.springframework.boot.test.mock.mockito.ResetMocksTestExecutionListener.resetMocks(ResetMocksTestExecutionListener.java:77) ~[spring-boot-test-3.5.5.jar:3.5.5]
	at org.springframework.boot.test.mock.mockito.ResetMocksTestExecutionListener.beforeTestMethod(ResetMocksTestExecutionListener.java:64) ~[spring-boot-test-3.5.5.jar:3.5.5]
	at org.springframework.test.context.TestContextManager.beforeTestMethod(TestContextManager.java:320) ~[spring-test-6.2.10.jar:6.2.10]
	at org.springframework.test.context.junit.jupiter.SpringExtension.beforeEach(SpringExtension.java:236) ~[spring-test-6.2.10.jar:6.2.10]
	at java.base/java.util.ArrayList.forEach(ArrayList.java:1604) ~[na:na]
	at java.base/java.util.ArrayList.forEach(ArrayList.java:1604) ~[na:na]
Caused by: java.lang.reflect.InvocationTargetException: null
	at java.base/java.lang.reflect.Constructor.newInstanceWithCaller(Constructor.java:499) ~[na:na]
	at java.base/java.lang.reflect.Constructor.newInstance(Constructor.java:483) ~[na:na]
	at org.mockito.internal.configuration.plugins.DefaultMockitoPlugins.create(DefaultMockitoPlugins.java:103) ~[mockito-core-5.17.0.jar:na]
	... 15 common frames omitted
Caused by: org.mockito.exceptions.base.MockitoInitializationException: 
Could not initialize inline Byte Buddy mock maker.

It appears as if your JDK does not supply a working agent attachment mechanism.
Java               : 24
JVM vendor name    : Oracle Corporation
JVM vendor version : 24.0.2+11-jvmci-b01
JVM name           : Java HotSpot(TM) 64-Bit Server VM
JVM version        : 24.0.2+11-jvmci-b01
JVM info           : mixed mode, sharing
OS name            : Windows 10
OS version         : 10.0

	at org.mockito.internal.creation.bytebuddy.InlineDelegateByteBuddyMockMaker.<init>(InlineDelegateByteBuddyMockMaker.java:275) ~[mockito-core-5.17.0.jar:na]
	at org.mockito.internal.creation.bytebuddy.InlineByteBuddyMockMaker.<init>(InlineByteBuddyMockMaker.java:23) ~[mockito-core-5.17.0.jar:na]
	... 18 common frames omitted
Caused by: java.lang.IllegalStateException: Could not self-attach to current VM using external process - set a property net.bytebuddy.agent.attacher.dump to dump the process output to a file at the specified location
	at net.bytebuddy.agent.ByteBuddyAgent.installExternal(ByteBuddyAgent.java:672) ~[byte-buddy-agent-1.17.7.jar:na]
	at net.bytebuddy.agent.ByteBuddyAgent.install(ByteBuddyAgent.java:599) ~[byte-buddy-agent-1.17.7.jar:na]
	at net.bytebuddy.agent.ByteBuddyAgent.install(ByteBuddyAgent.java:579) ~[byte-buddy-agent-1.17.7.jar:na]
	at net.bytebuddy.agent.ByteBuddyAgent.install(ByteBuddyAgent.java:531) ~[byte-buddy-agent-1.17.7.jar:na]
	at net.bytebuddy.agent.ByteBuddyAgent.install(ByteBuddyAgent.java:508) ~[byte-buddy-agent-1.17.7.jar:na]
	at org.mockito.internal.PremainAttachAccess.getInstrumentation(PremainAttachAccess.java:80) ~[mockito-core-5.17.0.jar:na]
	at org.mockito.internal.creation.bytebuddy.InlineDelegateByteBuddyMockMaker.<clinit>(InlineDelegateByteBuddyMockMaker.java:138) ~[mockito-core-5.17.0.jar:na]
	... 19 common frames omitted

2025-11-04T16:40:08.883+03:00  WARN 18696 --- [medical-center-userservice] [main] o.s.test.context.TestContextManager      : Caught exception while invoking 'beforeTestMethod' callback on TestExecutionListener [org.springframework.boot.test.mock.mockito.ResetMocksTestExecutionListener] for test method [void medicalcenter.userservice.repository.DoctorRepositoryTests.findBySpecialty_WithNonExistingSpecialty_ShouldReturnEmptyList()] and test instance [medicalcenter.userservice.repository.DoctorRepositoryTests@47609e3d]

java.lang.IllegalStateException: Could not initialize plugin: interface org.mockito.plugins.MockMaker (alternate: null)
	at org.mockito.internal.configuration.plugins.PluginLoader$1.invoke(PluginLoader.java:85) ~[mockito-core-5.17.0.jar:na]
	at jdk.proxy1/jdk.proxy1.$Proxy150.getHandler(Unknown Source) ~[na:na]
	at org.mockito.internal.util.MockUtil.getMockHandlerOrNull(MockUtil.java:158) ~[mockito-core-5.17.0.jar:na]
	at org.mockito.internal.util.MockUtil.isMock(MockUtil.java:147) ~[mockito-core-5.17.0.jar:na]
	at org.mockito.internal.util.DefaultMockingDetails.isMock(DefaultMockingDetails.java:32) ~[mockito-core-5.17.0.jar:na]
	at org.springframework.boot.test.mock.mockito.MockReset.get(MockReset.java:109) ~[spring-boot-test-3.5.5.jar:3.5.5]
	at org.springframework.boot.test.mock.mockito.ResetMocksTestExecutionListener.resetMocks(ResetMocksTestExecutionListener.java:89) ~[spring-boot-test-3.5.5.jar:3.5.5]
	at org.springframework.boot.test.mock.mockito.ResetMocksTestExecutionListener.resetMocks(ResetMocksTestExecutionListener.java:77) ~[spring-boot-test-3.5.5.jar:3.5.5]
	at org.springframework.boot.test.mock.mockito.ResetMocksTestExecutionListener.beforeTestMethod(ResetMocksTestExecutionListener.java:64) ~[spring-boot-test-3.5.5.jar:3.5.5]
	at org.springframework.test.context.TestContextManager.beforeTestMethod(TestContextManager.java:320) ~[spring-test-6.2.10.jar:6.2.10]
	at org.springframework.test.context.junit.jupiter.SpringExtension.beforeEach(SpringExtension.java:236) ~[spring-test-6.2.10.jar:6.2.10]
	at org.junit.jupiter.engine.descriptor.TestMethodTestDescriptor.lambda$invokeBeforeEachCallbacks$2(TestMethodTestDescriptor.java:165) ~[junit-jupiter-engine-5.12.2.jar:5.12.2]
	at org.junit.jupiter.engine.descriptor.TestMethodTestDescriptor.lambda$invokeBeforeMethodsOrCallbacksUntilExceptionOccurs$6(TestMethodTestDescriptor.java:201) ~[junit-jupiter-engine-5.12.2.jar:5.12.2]
	at org.junit.platform.engine.support.hierarchical.ThrowableCollector.execute(ThrowableCollector.java:73) ~[junit-platform-engine-1.12.2.jar:1.12.2]
	at org.junit.jupiter.engine.descriptor.TestMethodTestDescriptor.invokeBeforeMethodsOrCallbacksUntilExceptionOccurs(TestMethodTestDescriptor.java:201) ~[junit-jupiter-engine-5.12.2.jar:5.12.2]
	at org.junit.jupiter.engine.descriptor.TestMethodTestDescriptor.invokeBeforeEachCallbacks(TestMethodTestDescriptor.java:164) ~[junit-jupiter-engine-5.12.2.jar:5.12.2]
	at org.junit.jupiter.engine.descriptor.TestMethodTestDescriptor.execute(TestMethodTestDescriptor.java:131) ~[junit-jupiter-engine-5.12.2.jar:5.12.2]
	at org.junit.jupiter.engine.descriptor.TestMethodTestDescriptor.execute(TestMethodTestDescriptor.java:69) ~[junit-jupiter-engine-5.12.2.jar:5.12.2]
	at org.junit.platform.engine.support.hierarchical.NodeTestTask.lambda$executeRecursively$6(NodeTestTask.java:156) ~[junit-platform-engine-1.12.2.jar:1.12.2]
	at org.junit.platform.engine.support.hierarchical.ThrowableCollector.execute(ThrowableCollector.java:73) ~[junit-platform-engine-1.12.2.jar:1.12.2]
	at org.junit.platform.engine.support.hierarchical.NodeTestTask.lambda$executeRecursively$8(NodeTestTask.java:146) ~[junit-platform-engine-1.12.2.jar:1.12.2]
	at org.junit.platform.engine.support.hierarchical.Node.around(Node.java:137) ~[junit-platform-engine-1.12.2.jar:1.12.2]
	at org.junit.platform.engine.support.hierarchical.NodeTestTask.lambda$executeRecursively$9(NodeTestTask.java:144) ~[junit-platform-engine-1.12.2.jar:1.12.2]
	at org.junit.platform.engine.support.hierarchical.ThrowableCollector.execute(ThrowableCollector.java:73) ~[junit-platform-engine-1.12.2.jar:1.12.2]
	at org.junit.platform.engine.support.hierarchical.NodeTestTask.executeRecursively(NodeTestTask.java:143) ~[junit-platform-engine-1.12.2.jar:1.12.2]
	at org.junit.platform.engine.support.hierarchical.NodeTestTask.execute(NodeTestTask.java:100) ~[junit-platform-engine-1.12.2.jar:1.12.2]
	at java.base/java.util.ArrayList.forEach(ArrayList.java:1604) ~[na:na]
	at org.junit.platform.engine.support.hierarchical.SameThreadHierarchicalTestExecutorService.invokeAll(SameThreadHierarchicalTestExecutorService.java:41) ~[junit-platform-engine-1.12.2.jar:1.12.2]
	at org.junit.platform.engine.support.hierarchical.NodeTestTask.lambda$executeRecursively$6(NodeTestTask.java:160) ~[junit-platform-engine-1.12.2.jar:1.12.2]
	at org.junit.platform.engine.support.hierarchical.ThrowableCollector.execute(ThrowableCollector.java:73) ~[junit-platform-engine-1.12.2.jar:1.12.2]
	at org.junit.platform.engine.support.hierarchical.NodeTestTask.lambda$executeRecursively$8(NodeTestTask.java:146) ~[junit-platform-engine-1.12.2.jar:1.12.2]
	at org.junit.platform.engine.support.hierarchical.Node.around(Node.java:137) ~[junit-platform-engine-1.12.2.jar:1.12.2]
	at org.junit.platform.engine.support.hierarchical.NodeTestTask.lambda$executeRecursively$9(NodeTestTask.java:144) ~[junit-platform-engine-1.12.2.jar:1.12.2]
	at org.junit.platform.engine.support.hierarchical.ThrowableCollector.execute(ThrowableCollector.java:73) ~[junit-platform-engine-1.12.2.jar:1.12.2]
	at org.junit.platform.engine.support.hierarchical.NodeTestTask.executeRecursively(NodeTestTask.java:143) ~[junit-platform-engine-1.12.2.jar:1.12.2]
	at org.junit.platform.engine.support.hierarchical.NodeTestTask.execute(NodeTestTask.java:100) ~[junit-platform-engine-1.12.2.jar:1.12.2]
	at java.base/java.util.ArrayList.forEach(ArrayList.java:1604) ~[na:na]
	at org.junit.platform.engine.support.hierarchical.SameThreadHierarchicalTestExecutorService.invokeAll(SameThreadHierarchicalTestExecutorService.java:41) ~[junit-platform-engine-1.12.2.jar:1.12.2]
	at org.junit.platform.engine.support.hierarchical.NodeTestTask.lambda$executeRecursively$6(NodeTestTask.java:160) ~[junit-platform-engine-1.12.2.jar:1.12.2]
	at org.junit.platform.engine.support.hierarchical.ThrowableCollector.execute(ThrowableCollector.java:73) ~[junit-platform-engine-1.12.2.jar:1.12.2]
	at org.junit.platform.engine.support.hierarchical.NodeTestTask.lambda$executeRecursively$8(NodeTestTask.java:146) ~[junit-platform-engine-1.12.2.jar:1.12.2]
	at org.junit.platform.engine.support.hierarchical.Node.around(Node.java:137) ~[junit-platform-engine-1.12.2.jar:1.12.2]
	at org.junit.platform.engine.support.hierarchical.NodeTestTask.lambda$executeRecursively$9(NodeTestTask.java:144) ~[junit-platform-engine-1.12.2.jar:1.12.2]
	at org.junit.platform.engine.support.hierarchical.ThrowableCollector.execute(ThrowableCollector.java:73) ~[junit-platform-engine-1.12.2.jar:1.12.2]
	at org.junit.platform.engine.support.hierarchical.NodeTestTask.executeRecursively(NodeTestTask.java:143) ~[junit-platform-engine-1.12.2.jar:1.12.2]
	at org.junit.platform.engine.support.hierarchical.NodeTestTask.execute(NodeTestTask.java:100) ~[junit-platform-engine-1.12.2.jar:1.12.2]
	at org.junit.platform.engine.support.hierarchical.SameThreadHierarchicalTestExecutorService.submit(SameThreadHierarchicalTestExecutorService.java:35) ~[junit-platform-engine-1.12.2.jar:1.12.2]
	at org.junit.platform.engine.support.hierarchical.HierarchicalTestExecutor.execute(HierarchicalTestExecutor.java:57) ~[junit-platform-engine-1.12.2.jar:1.12.2]
	at org.junit.platform.engine.support.hierarchical.HierarchicalTestEngine.execute(HierarchicalTestEngine.java:54) ~[junit-platform-engine-1.12.2.jar:1.12.2]
	at org.junit.platform.launcher.core.EngineExecutionOrchestrator.execute(EngineExecutionOrchestrator.java:201) ~[junit-platform-launcher-1.12.2.jar:1.12.2]
	at org.junit.platform.launcher.core.EngineExecutionOrchestrator.execute(EngineExecutionOrchestrator.java:170) ~[junit-platform-launcher-1.12.2.jar:1.12.2]
	at org.junit.platform.launcher.core.EngineExecutionOrchestrator.execute(EngineExecutionOrchestrator.java:94) ~[junit-platform-launcher-1.12.2.jar:1.12.2]
	at org.junit.platform.launcher.core.EngineExecutionOrchestrator.lambda$execute$0(EngineExecutionOrchestrator.java:59) ~[junit-platform-launcher-1.12.2.jar:1.12.2]
	at org.junit.platform.launcher.core.EngineExecutionOrchestrator.withInterceptedStreams(EngineExecutionOrchestrator.java:142) ~[junit-platform-launcher-1.12.2.jar:1.12.2]
	at org.junit.platform.launcher.core.EngineExecutionOrchestrator.execute(EngineExecutionOrchestrator.java:58) ~[junit-platform-launcher-1.12.2.jar:1.12.2]
	at org.junit.platform.launcher.core.DefaultLauncher.execute(DefaultLauncher.java:103) ~[junit-platform-launcher-1.12.2.jar:1.12.2]
	at org.junit.platform.launcher.core.DefaultLauncher.execute(DefaultLauncher.java:85) ~[junit-platform-launcher-1.12.2.jar:1.12.2]
	at org.junit.platform.launcher.core.DelegatingLauncher.execute(DelegatingLauncher.java:47) ~[junit-platform-launcher-1.12.2.jar:1.12.2]
	at org.junit.platform.launcher.core.InterceptingLauncher.lambda$execute$1(InterceptingLauncher.java:39) ~[junit-platform-launcher-1.12.2.jar:1.12.2]
	at org.junit.platform.launcher.core.ClasspathAlignmentCheckingLauncherInterceptor.intercept(ClasspathAlignmentCheckingLauncherInterceptor.java:25) ~[junit-platform-launcher-1.12.2.jar:1.12.2]
	at org.junit.platform.launcher.core.InterceptingLauncher.execute(InterceptingLauncher.java:38) ~[junit-platform-launcher-1.12.2.jar:1.12.2]
	at org.junit.platform.launcher.core.DelegatingLauncher.execute(DelegatingLauncher.java:47) ~[junit-platform-launcher-1.12.2.jar:1.12.2]
	at org.junit.platform.launcher.core.SessionPerRequestLauncher.execute(SessionPerRequestLauncher.java:63) ~[junit-platform-launcher-1.12.2.jar:1.12.2]
	at com.intellij.junit5.JUnit5IdeaTestRunner.startRunnerWithArgs(JUnit5IdeaTestRunner.java:66) ~[junit5-rt.jar:na]
	at com.intellij.rt.junit.IdeaTestRunner$Repeater$1.execute(IdeaTestRunner.java:38) ~[junit-rt.jar:na]
	at com.intellij.rt.execution.junit.TestsRepeater.repeat(TestsRepeater.java:11) ~[idea_rt.jar:na]
	at com.intellij.rt.junit.IdeaTestRunner$Repeater.startRunnerWithArgs(IdeaTestRunner.java:35) ~[junit-rt.jar:na]
	at com.intellij.rt.junit.JUnitStarter.prepareStreamsAndStart(JUnitStarter.java:237) ~[junit-rt.jar:na]
	at com.intellij.rt.junit.JUnitStarter.main(JUnitStarter.java:58) ~[junit-rt.jar:na]
Caused by: java.lang.IllegalStateException: Internal problem occurred, please report it. Mockito is unable to load the default implementation of class that is a part of Mockito distribution. Failed to load interface org.mockito.plugins.MockMaker
	at org.mockito.internal.configuration.plugins.DefaultMockitoPlugins.create(DefaultMockitoPlugins.java:105) ~[mockito-core-5.17.0.jar:na]
	at org.mockito.internal.configuration.plugins.DefaultMockitoPlugins.getDefaultPlugin(DefaultMockitoPlugins.java:79) ~[mockito-core-5.17.0.jar:na]
	at org.mockito.internal.configuration.plugins.PluginLoader.loadPlugin(PluginLoader.java:75) ~[mockito-core-5.17.0.jar:na]
	at org.mockito.internal.configuration.plugins.PluginLoader.loadPlugin(PluginLoader.java:49) ~[mockito-core-5.17.0.jar:na]
	at org.mockito.internal.configuration.plugins.PluginRegistry.<init>(PluginRegistry.java:29) ~[mockito-core-5.17.0.jar:na]
	at org.mockito.internal.configuration.plugins.Plugins.<clinit>(Plugins.java:26) ~[mockito-core-5.17.0.jar:na]
	at org.mockito.internal.MockitoCore.<clinit>(MockitoCore.java:71) ~[mockito-core-5.17.0.jar:na]
	at org.mockito.Mockito.<clinit>(Mockito.java:1777) ~[mockito-core-5.17.0.jar:na]
	at org.springframework.boot.test.mock.mockito.MockReset.get(MockReset.java:108) ~[spring-boot-test-3.5.5.jar:3.5.5]
	at org.springframework.boot.test.mock.mockito.ResetMocksTestExecutionListener.resetMocks(ResetMocksTestExecutionListener.java:89) ~[spring-boot-test-3.5.5.jar:3.5.5]
	at org.springframework.boot.test.mock.mockito.ResetMocksTestExecutionListener.resetMocks(ResetMocksTestExecutionListener.java:77) ~[spring-boot-test-3.5.5.jar:3.5.5]
	at org.springframework.boot.test.mock.mockito.ResetMocksTestExecutionListener.beforeTestMethod(ResetMocksTestExecutionListener.java:64) ~[spring-boot-test-3.5.5.jar:3.5.5]
	at org.springframework.test.context.TestContextManager.beforeTestMethod(TestContextManager.java:320) ~[spring-test-6.2.10.jar:6.2.10]
	at org.springframework.test.context.junit.jupiter.SpringExtension.beforeEach(SpringExtension.java:236) ~[spring-test-6.2.10.jar:6.2.10]
	at java.base/java.util.ArrayList.forEach(ArrayList.java:1604) ~[na:na]
	at java.base/java.util.ArrayList.forEach(ArrayList.java:1604) ~[na:na]
Caused by: java.lang.reflect.InvocationTargetException: null
	at java.base/java.lang.reflect.Constructor.newInstanceWithCaller(Constructor.java:499) ~[na:na]
	at java.base/java.lang.reflect.Constructor.newInstance(Constructor.java:483) ~[na:na]
	at org.mockito.internal.configuration.plugins.DefaultMockitoPlugins.create(DefaultMockitoPlugins.java:103) ~[mockito-core-5.17.0.jar:na]
	... 15 common frames omitted
Caused by: org.mockito.exceptions.base.MockitoInitializationException: 
Could not initialize inline Byte Buddy mock maker.

It appears as if your JDK does not supply a working agent attachment mechanism.
Java               : 24
JVM vendor name    : Oracle Corporation
JVM vendor version : 24.0.2+11-jvmci-b01
JVM name           : Java HotSpot(TM) 64-Bit Server VM
JVM version        : 24.0.2+11-jvmci-b01
JVM info           : mixed mode, sharing
OS name            : Windows 10
OS version         : 10.0

	at org.mockito.internal.creation.bytebuddy.InlineDelegateByteBuddyMockMaker.<init>(InlineDelegateByteBuddyMockMaker.java:275) ~[mockito-core-5.17.0.jar:na]
	at org.mockito.internal.creation.bytebuddy.InlineByteBuddyMockMaker.<init>(InlineByteBuddyMockMaker.java:23) ~[mockito-core-5.17.0.jar:na]
	... 18 common frames omitted
Caused by: java.lang.IllegalStateException: Could not self-attach to current VM using external process - set a property net.bytebuddy.agent.attacher.dump to dump the process output to a file at the specified location
	at net.bytebuddy.agent.ByteBuddyAgent.installExternal(ByteBuddyAgent.java:672) ~[byte-buddy-agent-1.17.7.jar:na]
	at net.bytebuddy.agent.ByteBuddyAgent.install(ByteBuddyAgent.java:599) ~[byte-buddy-agent-1.17.7.jar:na]
	at net.bytebuddy.agent.ByteBuddyAgent.install(ByteBuddyAgent.java:579) ~[byte-buddy-agent-1.17.7.jar:na]
	at net.bytebuddy.agent.ByteBuddyAgent.install(ByteBuddyAgent.java:531) ~[byte-buddy-agent-1.17.7.jar:na]
	at net.bytebuddy.agent.ByteBuddyAgent.install(ByteBuddyAgent.java:508) ~[byte-buddy-agent-1.17.7.jar:na]
	at org.mockito.internal.PremainAttachAccess.getInstrumentation(PremainAttachAccess.java:80) ~[mockito-core-5.17.0.jar:na]
	at org.mockito.internal.creation.bytebuddy.InlineDelegateByteBuddyMockMaker.<clinit>(InlineDelegateByteBuddyMockMaker.java:138) ~[mockito-core-5.17.0.jar:na]
	... 19 common frames omitted

2025-11-04T16:40:08.915+03:00  WARN 18696 --- [medical-center-userservice] [main] o.s.test.context.TestContextManager      : Caught exception while invoking 'afterTestMethod' callback on TestExecutionListener [org.springframework.boot.test.mock.mockito.ResetMocksTestExecutionListener] for test method [void medicalcenter.userservice.repository.DoctorRepositoryTests.findBySpecialty_WithNonExistingSpecialty_ShouldReturnEmptyList()] and test instance [medicalcenter.userservice.repository.DoctorRepositoryTests@47609e3d]

java.lang.IllegalStateException: Could not initialize plugin: interface org.mockito.plugins.MockMaker (alternate: null)
	at org.mockito.internal.configuration.plugins.PluginLoader$1.invoke(PluginLoader.java:85) ~[mockito-core-5.17.0.jar:na]
	at jdk.proxy1/jdk.proxy1.$Proxy150.getHandler(Unknown Source) ~[na:na]
	at org.mockito.internal.util.MockUtil.getMockHandlerOrNull(MockUtil.java:158) ~[mockito-core-5.17.0.jar:na]
	at org.mockito.internal.util.MockUtil.isMock(MockUtil.java:147) ~[mockito-core-5.17.0.jar:na]
	at org.mockito.internal.util.DefaultMockingDetails.isMock(DefaultMockingDetails.java:32) ~[mockito-core-5.17.0.jar:na]
	at org.springframework.boot.test.mock.mockito.MockReset.get(MockReset.java:109) ~[spring-boot-test-3.5.5.jar:3.5.5]
	at org.springframework.boot.test.mock.mockito.ResetMocksTestExecutionListener.resetMocks(ResetMocksTestExecutionListener.java:89) ~[spring-boot-test-3.5.5.jar:3.5.5]
	at org.springframework.boot.test.mock.mockito.ResetMocksTestExecutionListener.resetMocks(ResetMocksTestExecutionListener.java:77) ~[spring-boot-test-3.5.5.jar:3.5.5]
	at org.springframework.boot.test.mock.mockito.ResetMocksTestExecutionListener.afterTestMethod(ResetMocksTestExecutionListener.java:71) ~[spring-boot-test-3.5.5.jar:3.5.5]
	at org.springframework.test.context.TestContextManager.afterTestMethod(TestContextManager.java:488) ~[spring-test-6.2.10.jar:6.2.10]
	at org.springframework.test.context.junit.jupiter.SpringExtension.afterEach(SpringExtension.java:274) ~[spring-test-6.2.10.jar:6.2.10]
	at org.junit.jupiter.engine.descriptor.TestMethodTestDescriptor.lambda$invokeAfterEachCallbacks$12(TestMethodTestDescriptor.java:259) ~[junit-jupiter-engine-5.12.2.jar:5.12.2]
	at org.junit.jupiter.engine.descriptor.TestMethodTestDescriptor.lambda$invokeAllAfterMethodsOrCallbacks$13(TestMethodTestDescriptor.java:275) ~[junit-jupiter-engine-5.12.2.jar:5.12.2]
	at org.junit.platform.engine.support.hierarchical.ThrowableCollector.execute(ThrowableCollector.java:73) ~[junit-platform-engine-1.12.2.jar:1.12.2]
	at org.junit.jupiter.engine.descriptor.TestMethodTestDescriptor.lambda$invokeAllAfterMethodsOrCallbacks$14(TestMethodTestDescriptor.java:275) ~[junit-jupiter-engine-5.12.2.jar:5.12.2]
	at org.junit.platform.commons.util.CollectionUtils.forEachInReverseOrder(CollectionUtils.java:239) ~[junit-platform-commons-1.12.2.jar:1.12.2]
	at org.junit.jupiter.engine.descriptor.TestMethodTestDescriptor.invokeAllAfterMethodsOrCallbacks(TestMethodTestDescriptor.java:274) ~[junit-jupiter-engine-5.12.2.jar:5.12.2]
	at org.junit.jupiter.engine.descriptor.TestMethodTestDescriptor.invokeAfterEachCallbacks(TestMethodTestDescriptor.java:258) ~[junit-jupiter-engine-5.12.2.jar:5.12.2]
	at org.junit.jupiter.engine.descriptor.TestMethodTestDescriptor.execute(TestMethodTestDescriptor.java:143) ~[junit-jupiter-engine-5.12.2.jar:5.12.2]
	at org.junit.jupiter.engine.descriptor.TestMethodTestDescriptor.execute(TestMethodTestDescriptor.java:69) ~[junit-jupiter-engine-5.12.2.jar:5.12.2]
	at org.junit.platform.engine.support.hierarchical.NodeTestTask.lambda$executeRecursively$6(NodeTestTask.java:156) ~[junit-platform-engine-1.12.2.jar:1.12.2]
	at org.junit.platform.engine.support.hierarchical.ThrowableCollector.execute(ThrowableCollector.java:73) ~[junit-platform-engine-1.12.2.jar:1.12.2]
	at org.junit.platform.engine.support.hierarchical.NodeTestTask.lambda$executeRecursively$8(NodeTestTask.java:146) ~[junit-platform-engine-1.12.2.jar:1.12.2]
	at org.junit.platform.engine.support.hierarchical.Node.around(Node.java:137) ~[junit-platform-engine-1.12.2.jar:1.12.2]
	at org.junit.platform.engine.support.hierarchical.NodeTestTask.lambda$executeRecursively$9(NodeTestTask.java:144) ~[junit-platform-engine-1.12.2.jar:1.12.2]
	at org.junit.platform.engine.support.hierarchical.ThrowableCollector.execute(ThrowableCollector.java:73) ~[junit-platform-engine-1.12.2.jar:1.12.2]
	at org.junit.platform.engine.support.hierarchical.NodeTestTask.executeRecursively(NodeTestTask.java:143) ~[junit-platform-engine-1.12.2.jar:1.12.2]
	at org.junit.platform.engine.support.hierarchical.NodeTestTask.execute(NodeTestTask.java:100) ~[junit-platform-engine-1.12.2.jar:1.12.2]
	at java.base/java.util.ArrayList.forEach(ArrayList.java:1604) ~[na:na]
	at org.junit.platform.engine.support.hierarchical.SameThreadHierarchicalTestExecutorService.invokeAll(SameThreadHierarchicalTestExecutorService.java:41) ~[junit-platform-engine-1.12.2.jar:1.12.2]
	at org.junit.platform.engine.support.hierarchical.NodeTestTask.lambda$executeRecursively$6(NodeTestTask.java:160) ~[junit-platform-engine-1.12.2.jar:1.12.2]
	at org.junit.platform.engine.support.hierarchical.ThrowableCollector.execute(ThrowableCollector.java:73) ~[junit-platform-engine-1.12.2.jar:1.12.2]
	at org.junit.platform.engine.support.hierarchical.NodeTestTask.lambda$executeRecursively$8(NodeTestTask.java:146) ~[junit-platform-engine-1.12.2.jar:1.12.2]
	at org.junit.platform.engine.support.hierarchical.Node.around(Node.java:137) ~[junit-platform-engine-1.12.2.jar:1.12.2]
	at org.junit.platform.engine.support.hierarchical.NodeTestTask.lambda$executeRecursively$9(NodeTestTask.java:144) ~[junit-platform-engine-1.12.2.jar:1.12.2]
	at org.junit.platform.engine.support.hierarchical.ThrowableCollector.execute(ThrowableCollector.java:73) ~[junit-platform-engine-1.12.2.jar:1.12.2]
	at org.junit.platform.engine.support.hierarchical.NodeTestTask.executeRecursively(NodeTestTask.java:143) ~[junit-platform-engine-1.12.2.jar:1.12.2]
	at org.junit.platform.engine.support.hierarchical.NodeTestTask.execute(NodeTestTask.java:100) ~[junit-platform-engine-1.12.2.jar:1.12.2]
	at java.base/java.util.ArrayList.forEach(ArrayList.java:1604) ~[na:na]
	at org.junit.platform.engine.support.hierarchical.SameThreadHierarchicalTestExecutorService.invokeAll(SameThreadHierarchicalTestExecutorService.java:41) ~[junit-platform-engine-1.12.2.jar:1.12.2]
	at org.junit.platform.engine.support.hierarchical.NodeTestTask.lambda$executeRecursively$6(NodeTestTask.java:160) ~[junit-platform-engine-1.12.2.jar:1.12.2]
	at org.junit.platform.engine.support.hierarchical.ThrowableCollector.execute(ThrowableCollector.java:73) ~[junit-platform-engine-1.12.2.jar:1.12.2]
	at org.junit.platform.engine.support.hierarchical.NodeTestTask.lambda$executeRecursively$8(NodeTestTask.java:146) ~[junit-platform-engine-1.12.2.jar:1.12.2]
	at org.junit.platform.engine.support.hierarchical.Node.around(Node.java:137) ~[junit-platform-engine-1.12.2.jar:1.12.2]
	at org.junit.platform.engine.support.hierarchical.NodeTestTask.lambda$executeRecursively$9(NodeTestTask.java:144) ~[junit-platform-engine-1.12.2.jar:1.12.2]
	at org.junit.platform.engine.support.hierarchical.ThrowableCollector.execute(ThrowableCollector.java:73) ~[junit-platform-engine-1.12.2.jar:1.12.2]
	at org.junit.platform.engine.support.hierarchical.NodeTestTask.executeRecursively(NodeTestTask.java:143) ~[junit-platform-engine-1.12.2.jar:1.12.2]
	at org.junit.platform.engine.support.hierarchical.NodeTestTask.execute(NodeTestTask.java:100) ~[junit-platform-engine-1.12.2.jar:1.12.2]
	at org.junit.platform.engine.support.hierarchical.SameThreadHierarchicalTestExecutorService.submit(SameThreadHierarchicalTestExecutorService.java:35) ~[junit-platform-engine-1.12.2.jar:1.12.2]
	at org.junit.platform.engine.support.hierarchical.HierarchicalTestExecutor.execute(HierarchicalTestExecutor.java:57) ~[junit-platform-engine-1.12.2.jar:1.12.2]
	at org.junit.platform.engine.support.hierarchical.HierarchicalTestEngine.execute(HierarchicalTestEngine.java:54) ~[junit-platform-engine-1.12.2.jar:1.12.2]
	at org.junit.platform.launcher.core.EngineExecutionOrchestrator.execute(EngineExecutionOrchestrator.java:201) ~[junit-platform-launcher-1.12.2.jar:1.12.2]
	at org.junit.platform.launcher.core.EngineExecutionOrchestrator.execute(EngineExecutionOrchestrator.java:170) ~[junit-platform-launcher-1.12.2.jar:1.12.2]
	at org.junit.platform.launcher.core.EngineExecutionOrchestrator.execute(EngineExecutionOrchestrator.java:94) ~[junit-platform-launcher-1.12.2.jar:1.12.2]
	at org.junit.platform.launcher.core.EngineExecutionOrchestrator.lambda$execute$0(EngineExecutionOrchestrator.java:59) ~[junit-platform-launcher-1.12.2.jar:1.12.2]
	at org.junit.platform.launcher.core.EngineExecutionOrchestrator.withInterceptedStreams(EngineExecutionOrchestrator.java:142) ~[junit-platform-launcher-1.12.2.jar:1.12.2]
	at org.junit.platform.launcher.core.EngineExecutionOrchestrator.execute(EngineExecutionOrchestrator.java:58) ~[junit-platform-launcher-1.12.2.jar:1.12.2]
	at org.junit.platform.launcher.core.DefaultLauncher.execute(DefaultLauncher.java:103) ~[junit-platform-launcher-1.12.2.jar:1.12.2]
	at org.junit.platform.launcher.core.DefaultLauncher.execute(DefaultLauncher.java:85) ~[junit-platform-launcher-1.12.2.jar:1.12.2]
	at org.junit.platform.launcher.core.DelegatingLauncher.execute(DelegatingLauncher.java:47) ~[junit-platform-launcher-1.12.2.jar:1.12.2]
	at org.junit.platform.launcher.core.InterceptingLauncher.lambda$execute$1(InterceptingLauncher.java:39) ~[junit-platform-launcher-1.12.2.jar:1.12.2]
	at org.junit.platform.launcher.core.ClasspathAlignmentCheckingLauncherInterceptor.intercept(ClasspathAlignmentCheckingLauncherInterceptor.java:25) ~[junit-platform-launcher-1.12.2.jar:1.12.2]
	at org.junit.platform.launcher.core.InterceptingLauncher.execute(InterceptingLauncher.java:38) ~[junit-platform-launcher-1.12.2.jar:1.12.2]
	at org.junit.platform.launcher.core.DelegatingLauncher.execute(DelegatingLauncher.java:47) ~[junit-platform-launcher-1.12.2.jar:1.12.2]
	at org.junit.platform.launcher.core.SessionPerRequestLauncher.execute(SessionPerRequestLauncher.java:63) ~[junit-platform-launcher-1.12.2.jar:1.12.2]
	at com.intellij.junit5.JUnit5IdeaTestRunner.startRunnerWithArgs(JUnit5IdeaTestRunner.java:66) ~[junit5-rt.jar:na]
	at com.intellij.rt.junit.IdeaTestRunner$Repeater$1.execute(IdeaTestRunner.java:38) ~[junit-rt.jar:na]
	at com.intellij.rt.execution.junit.TestsRepeater.repeat(TestsRepeater.java:11) ~[idea_rt.jar:na]
	at com.intellij.rt.junit.IdeaTestRunner$Repeater.startRunnerWithArgs(IdeaTestRunner.java:35) ~[junit-rt.jar:na]
	at com.intellij.rt.junit.JUnitStarter.prepareStreamsAndStart(JUnitStarter.java:237) ~[junit-rt.jar:na]
	at com.intellij.rt.junit.JUnitStarter.main(JUnitStarter.java:58) ~[junit-rt.jar:na]
Caused by: java.lang.IllegalStateException: Internal problem occurred, please report it. Mockito is unable to load the default implementation of class that is a part of Mockito distribution. Failed to load interface org.mockito.plugins.MockMaker
	at org.mockito.internal.configuration.plugins.DefaultMockitoPlugins.create(DefaultMockitoPlugins.java:105) ~[mockito-core-5.17.0.jar:na]
	at org.mockito.internal.configuration.plugins.DefaultMockitoPlugins.getDefaultPlugin(DefaultMockitoPlugins.java:79) ~[mockito-core-5.17.0.jar:na]
	at org.mockito.internal.configuration.plugins.PluginLoader.loadPlugin(PluginLoader.java:75) ~[mockito-core-5.17.0.jar:na]
	at org.mockito.internal.configuration.plugins.PluginLoader.loadPlugin(PluginLoader.java:49) ~[mockito-core-5.17.0.jar:na]
	at org.mockito.internal.configuration.plugins.PluginRegistry.<init>(PluginRegistry.java:29) ~[mockito-core-5.17.0.jar:na]
	at org.mockito.internal.configuration.plugins.Plugins.<clinit>(Plugins.java:26) ~[mockito-core-5.17.0.jar:na]
	at org.mockito.internal.MockitoCore.<clinit>(MockitoCore.java:71) ~[mockito-core-5.17.0.jar:na]
	at org.mockito.Mockito.<clinit>(Mockito.java:1777) ~[mockito-core-5.17.0.jar:na]
	at org.springframework.boot.test.mock.mockito.MockReset.get(MockReset.java:108) ~[spring-boot-test-3.5.5.jar:3.5.5]
	at org.springframework.boot.test.mock.mockito.ResetMocksTestExecutionListener.resetMocks(ResetMocksTestExecutionListener.java:89) ~[spring-boot-test-3.5.5.jar:3.5.5]
	at org.springframework.boot.test.mock.mockito.ResetMocksTestExecutionListener.resetMocks(ResetMocksTestExecutionListener.java:77) ~[spring-boot-test-3.5.5.jar:3.5.5]
	at org.springframework.boot.test.mock.mockito.ResetMocksTestExecutionListener.beforeTestMethod(ResetMocksTestExecutionListener.java:64) ~[spring-boot-test-3.5.5.jar:3.5.5]
	at org.springframework.test.context.TestContextManager.beforeTestMethod(TestContextManager.java:320) ~[spring-test-6.2.10.jar:6.2.10]
	at org.springframework.test.context.junit.jupiter.SpringExtension.beforeEach(SpringExtension.java:236) ~[spring-test-6.2.10.jar:6.2.10]
	at java.base/java.util.ArrayList.forEach(ArrayList.java:1604) ~[na:na]
	at java.base/java.util.ArrayList.forEach(ArrayList.java:1604) ~[na:na]
Caused by: java.lang.reflect.InvocationTargetException: null
	at java.base/java.lang.reflect.Constructor.newInstanceWithCaller(Constructor.java:499) ~[na:na]
	at java.base/java.lang.reflect.Constructor.newInstance(Constructor.java:483) ~[na:na]
	at org.mockito.internal.configuration.plugins.DefaultMockitoPlugins.create(DefaultMockitoPlugins.java:103) ~[mockito-core-5.17.0.jar:na]
	... 15 common frames omitted
Caused by: org.mockito.exceptions.base.MockitoInitializationException: 
Could not initialize inline Byte Buddy mock maker.

It appears as if your JDK does not supply a working agent attachment mechanism.
Java               : 24
JVM vendor name    : Oracle Corporation
JVM vendor version : 24.0.2+11-jvmci-b01
JVM name           : Java HotSpot(TM) 64-Bit Server VM
JVM version        : 24.0.2+11-jvmci-b01
JVM info           : mixed mode, sharing
OS name            : Windows 10
OS version         : 10.0

	at org.mockito.internal.creation.bytebuddy.InlineDelegateByteBuddyMockMaker.<init>(InlineDelegateByteBuddyMockMaker.java:275) ~[mockito-core-5.17.0.jar:na]
	at org.mockito.internal.creation.bytebuddy.InlineByteBuddyMockMaker.<init>(InlineByteBuddyMockMaker.java:23) ~[mockito-core-5.17.0.jar:na]
	... 18 common frames omitted
Caused by: java.lang.IllegalStateException: Could not self-attach to current VM using external process - set a property net.bytebuddy.agent.attacher.dump to dump the process output to a file at the specified location
	at net.bytebuddy.agent.ByteBuddyAgent.installExternal(ByteBuddyAgent.java:672) ~[byte-buddy-agent-1.17.7.jar:na]
	at net.bytebuddy.agent.ByteBuddyAgent.install(ByteBuddyAgent.java:599) ~[byte-buddy-agent-1.17.7.jar:na]
	at net.bytebuddy.agent.ByteBuddyAgent.install(ByteBuddyAgent.java:579) ~[byte-buddy-agent-1.17.7.jar:na]
	at net.bytebuddy.agent.ByteBuddyAgent.install(ByteBuddyAgent.java:531) ~[byte-buddy-agent-1.17.7.jar:na]
	at net.bytebuddy.agent.ByteBuddyAgent.install(ByteBuddyAgent.java:508) ~[byte-buddy-agent-1.17.7.jar:na]
	at org.mockito.internal.PremainAttachAccess.getInstrumentation(PremainAttachAccess.java:80) ~[mockito-core-5.17.0.jar:na]
	at org.mockito.internal.creation.bytebuddy.InlineDelegateByteBuddyMockMaker.<clinit>(InlineDelegateByteBuddyMockMaker.java:138) ~[mockito-core-5.17.0.jar:na]
	... 19 common frames omitted

2025-11-04T16:40:08.932+03:00  WARN 18696 --- [medical-center-userservice] [main] o.s.test.context.TestContextManager      : Caught exception while invoking 'beforeTestMethod' callback on TestExecutionListener [org.springframework.boot.test.mock.mockito.ResetMocksTestExecutionListener] for test method [void medicalcenter.userservice.repository.DoctorRepositoryTests.findById_WithExistingId_ShouldReturnDoctor()] and test instance [medicalcenter.userservice.repository.DoctorRepositoryTests@31ebc5fa]

java.lang.IllegalStateException: Could not initialize plugin: interface org.mockito.plugins.MockMaker (alternate: null)
	at org.mockito.internal.configuration.plugins.PluginLoader$1.invoke(PluginLoader.java:85) ~[mockito-core-5.17.0.jar:na]
	at jdk.proxy1/jdk.proxy1.$Proxy150.getHandler(Unknown Source) ~[na:na]
	at org.mockito.internal.util.MockUtil.getMockHandlerOrNull(MockUtil.java:158) ~[mockito-core-5.17.0.jar:na]
	at org.mockito.internal.util.MockUtil.isMock(MockUtil.java:147) ~[mockito-core-5.17.0.jar:na]
	at org.mockito.internal.util.DefaultMockingDetails.isMock(DefaultMockingDetails.java:32) ~[mockito-core-5.17.0.jar:na]
	at org.springframework.boot.test.mock.mockito.MockReset.get(MockReset.java:109) ~[spring-boot-test-3.5.5.jar:3.5.5]
	at org.springframework.boot.test.mock.mockito.ResetMocksTestExecutionListener.resetMocks(ResetMocksTestExecutionListener.java:89) ~[spring-boot-test-3.5.5.jar:3.5.5]
	at org.springframework.boot.test.mock.mockito.ResetMocksTestExecutionListener.resetMocks(ResetMocksTestExecutionListener.java:77) ~[spring-boot-test-3.5.5.jar:3.5.5]
	at org.springframework.boot.test.mock.mockito.ResetMocksTestExecutionListener.beforeTestMethod(ResetMocksTestExecutionListener.java:64) ~[spring-boot-test-3.5.5.jar:3.5.5]
	at org.springframework.test.context.TestContextManager.beforeTestMethod(TestContextManager.java:320) ~[spring-test-6.2.10.jar:6.2.10]
	at org.springframework.test.context.junit.jupiter.SpringExtension.beforeEach(SpringExtension.java:236) ~[spring-test-6.2.10.jar:6.2.10]
	at org.junit.jupiter.engine.descriptor.TestMethodTestDescriptor.lambda$invokeBeforeEachCallbacks$2(TestMethodTestDescriptor.java:165) ~[junit-jupiter-engine-5.12.2.jar:5.12.2]
	at org.junit.jupiter.engine.descriptor.TestMethodTestDescriptor.lambda$invokeBeforeMethodsOrCallbacksUntilExceptionOccurs$6(TestMethodTestDescriptor.java:201) ~[junit-jupiter-engine-5.12.2.jar:5.12.2]
	at org.junit.platform.engine.support.hierarchical.ThrowableCollector.execute(ThrowableCollector.java:73) ~[junit-platform-engine-1.12.2.jar:1.12.2]
	at org.junit.jupiter.engine.descriptor.TestMethodTestDescriptor.invokeBeforeMethodsOrCallbacksUntilExceptionOccurs(TestMethodTestDescriptor.java:201) ~[junit-jupiter-engine-5.12.2.jar:5.12.2]
	at org.junit.jupiter.engine.descriptor.TestMethodTestDescriptor.invokeBeforeEachCallbacks(TestMethodTestDescriptor.java:164) ~[junit-jupiter-engine-5.12.2.jar:5.12.2]
	at org.junit.jupiter.engine.descriptor.TestMethodTestDescriptor.execute(TestMethodTestDescriptor.java:131) ~[junit-jupiter-engine-5.12.2.jar:5.12.2]
	at org.junit.jupiter.engine.descriptor.TestMethodTestDescriptor.execute(TestMethodTestDescriptor.java:69) ~[junit-jupiter-engine-5.12.2.jar:5.12.2]
	at org.junit.platform.engine.support.hierarchical.NodeTestTask.lambda$executeRecursively$6(NodeTestTask.java:156) ~[junit-platform-engine-1.12.2.jar:1.12.2]
	at org.junit.platform.engine.support.hierarchical.ThrowableCollector.execute(ThrowableCollector.java:73) ~[junit-platform-engine-1.12.2.jar:1.12.2]
	at org.junit.platform.engine.support.hierarchical.NodeTestTask.lambda$executeRecursively$8(NodeTestTask.java:146) ~[junit-platform-engine-1.12.2.jar:1.12.2]
	at org.junit.platform.engine.support.hierarchical.Node.around(Node.java:137) ~[junit-platform-engine-1.12.2.jar:1.12.2]
	at org.junit.platform.engine.support.hierarchical.NodeTestTask.lambda$executeRecursively$9(NodeTestTask.java:144) ~[junit-platform-engine-1.12.2.jar:1.12.2]
	at org.junit.platform.engine.support.hierarchical.ThrowableCollector.execute(ThrowableCollector.java:73) ~[junit-platform-engine-1.12.2.jar:1.12.2]
	at org.junit.platform.engine.support.hierarchical.NodeTestTask.executeRecursively(NodeTestTask.java:143) ~[junit-platform-engine-1.12.2.jar:1.12.2]
	at org.junit.platform.engine.support.hierarchical.NodeTestTask.execute(NodeTestTask.java:100) ~[junit-platform-engine-1.12.2.jar:1.12.2]
	at java.base/java.util.ArrayList.forEach(ArrayList.java:1604) ~[na:na]
	at org.junit.platform.engine.support.hierarchical.SameThreadHierarchicalTestExecutorService.invokeAll(SameThreadHierarchicalTestExecutorService.java:41) ~[junit-platform-engine-1.12.2.jar:1.12.2]
	at org.junit.platform.engine.support.hierarchical.NodeTestTask.lambda$executeRecursively$6(NodeTestTask.java:160) ~[junit-platform-engine-1.12.2.jar:1.12.2]
	at org.junit.platform.engine.support.hierarchical.ThrowableCollector.execute(ThrowableCollector.java:73) ~[junit-platform-engine-1.12.2.jar:1.12.2]
	at org.junit.platform.engine.support.hierarchical.NodeTestTask.lambda$executeRecursively$8(NodeTestTask.java:146) ~[junit-platform-engine-1.12.2.jar:1.12.2]
	at org.junit.platform.engine.support.hierarchical.Node.around(Node.java:137) ~[junit-platform-engine-1.12.2.jar:1.12.2]
	at org.junit.platform.engine.support.hierarchical.NodeTestTask.lambda$executeRecursively$9(NodeTestTask.java:144) ~[junit-platform-engine-1.12.2.jar:1.12.2]
	at org.junit.platform.engine.support.hierarchical.ThrowableCollector.execute(ThrowableCollector.java:73) ~[junit-platform-engine-1.12.2.jar:1.12.2]
	at org.junit.platform.engine.support.hierarchical.NodeTestTask.executeRecursively(NodeTestTask.java:143) ~[junit-platform-engine-1.12.2.jar:1.12.2]
	at org.junit.platform.engine.support.hierarchical.NodeTestTask.execute(NodeTestTask.java:100) ~[junit-platform-engine-1.12.2.jar:1.12.2]
	at java.base/java.util.ArrayList.forEach(ArrayList.java:1604) ~[na:na]
	at org.junit.platform.engine.support.hierarchical.SameThreadHierarchicalTestExecutorService.invokeAll(SameThreadHierarchicalTestExecutorService.java:41) ~[junit-platform-engine-1.12.2.jar:1.12.2]
	at org.junit.platform.engine.support.hierarchical.NodeTestTask.lambda$executeRecursively$6(NodeTestTask.java:160) ~[junit-platform-engine-1.12.2.jar:1.12.2]
	at org.junit.platform.engine.support.hierarchical.ThrowableCollector.execute(ThrowableCollector.java:73) ~[junit-platform-engine-1.12.2.jar:1.12.2]
	at org.junit.platform.engine.support.hierarchical.NodeTestTask.lambda$executeRecursively$8(NodeTestTask.java:146) ~[junit-platform-engine-1.12.2.jar:1.12.2]
	at org.junit.platform.engine.support.hierarchical.Node.around(Node.java:137) ~[junit-platform-engine-1.12.2.jar:1.12.2]
	at org.junit.platform.engine.support.hierarchical.NodeTestTask.lambda$executeRecursively$9(NodeTestTask.java:144) ~[junit-platform-engine-1.12.2.jar:1.12.2]
	at org.junit.platform.engine.support.hierarchical.ThrowableCollector.execute(ThrowableCollector.java:73) ~[junit-platform-engine-1.12.2.jar:1.12.2]
	at org.junit.platform.engine.support.hierarchical.NodeTestTask.executeRecursively(NodeTestTask.java:143) ~[junit-platform-engine-1.12.2.jar:1.12.2]
	at org.junit.platform.engine.support.hierarchical.NodeTestTask.execute(NodeTestTask.java:100) ~[junit-platform-engine-1.12.2.jar:1.12.2]
	at org.junit.platform.engine.support.hierarchical.SameThreadHierarchicalTestExecutorService.submit(SameThreadHierarchicalTestExecutorService.java:35) ~[junit-platform-engine-1.12.2.jar:1.12.2]
	at org.junit.platform.engine.support.hierarchical.HierarchicalTestExecutor.execute(HierarchicalTestExecutor.java:57) ~[junit-platform-engine-1.12.2.jar:1.12.2]
	at org.junit.platform.engine.support.hierarchical.HierarchicalTestEngine.execute(HierarchicalTestEngine.java:54) ~[junit-platform-engine-1.12.2.jar:1.12.2]
	at org.junit.platform.launcher.core.EngineExecutionOrchestrator.execute(EngineExecutionOrchestrator.java:201) ~[junit-platform-launcher-1.12.2.jar:1.12.2]
	at org.junit.platform.launcher.core.EngineExecutionOrchestrator.execute(EngineExecutionOrchestrator.java:170) ~[junit-platform-launcher-1.12.2.jar:1.12.2]
	at org.junit.platform.launcher.core.EngineExecutionOrchestrator.execute(EngineExecutionOrchestrator.java:94) ~[junit-platform-launcher-1.12.2.jar:1.12.2]
	at org.junit.platform.launcher.core.EngineExecutionOrchestrator.lambda$execute$0(EngineExecutionOrchestrator.java:59) ~[junit-platform-launcher-1.12.2.jar:1.12.2]
	at org.junit.platform.launcher.core.EngineExecutionOrchestrator.withInterceptedStreams(EngineExecutionOrchestrator.java:142) ~[junit-platform-launcher-1.12.2.jar:1.12.2]
	at org.junit.platform.launcher.core.EngineExecutionOrchestrator.execute(EngineExecutionOrchestrator.java:58) ~[junit-platform-launcher-1.12.2.jar:1.12.2]
	at org.junit.platform.launcher.core.DefaultLauncher.execute(DefaultLauncher.java:103) ~[junit-platform-launcher-1.12.2.jar:1.12.2]
	at org.junit.platform.launcher.core.DefaultLauncher.execute(DefaultLauncher.java:85) ~[junit-platform-launcher-1.12.2.jar:1.12.2]
	at org.junit.platform.launcher.core.DelegatingLauncher.execute(DelegatingLauncher.java:47) ~[junit-platform-launcher-1.12.2.jar:1.12.2]
	at org.junit.platform.launcher.core.InterceptingLauncher.lambda$execute$1(InterceptingLauncher.java:39) ~[junit-platform-launcher-1.12.2.jar:1.12.2]
	at org.junit.platform.launcher.core.ClasspathAlignmentCheckingLauncherInterceptor.intercept(ClasspathAlignmentCheckingLauncherInterceptor.java:25) ~[junit-platform-launcher-1.12.2.jar:1.12.2]
	at org.junit.platform.launcher.core.InterceptingLauncher.execute(InterceptingLauncher.java:38) ~[junit-platform-launcher-1.12.2.jar:1.12.2]
	at org.junit.platform.launcher.core.DelegatingLauncher.execute(DelegatingLauncher.java:47) ~[junit-platform-launcher-1.12.2.jar:1.12.2]
	at org.junit.platform.launcher.core.SessionPerRequestLauncher.execute(SessionPerRequestLauncher.java:63) ~[junit-platform-launcher-1.12.2.jar:1.12.2]
	at com.intellij.junit5.JUnit5IdeaTestRunner.startRunnerWithArgs(JUnit5IdeaTestRunner.java:66) ~[junit5-rt.jar:na]
	at com.intellij.rt.junit.IdeaTestRunner$Repeater$1.execute(IdeaTestRunner.java:38) ~[junit-rt.jar:na]
	at com.intellij.rt.execution.junit.TestsRepeater.repeat(TestsRepeater.java:11) ~[idea_rt.jar:na]
	at com.intellij.rt.junit.IdeaTestRunner$Repeater.startRunnerWithArgs(IdeaTestRunner.java:35) ~[junit-rt.jar:na]
	at com.intellij.rt.junit.JUnitStarter.prepareStreamsAndStart(JUnitStarter.java:237) ~[junit-rt.jar:na]
	at com.intellij.rt.junit.JUnitStarter.main(JUnitStarter.java:58) ~[junit-rt.jar:na]
Caused by: java.lang.IllegalStateException: Internal problem occurred, please report it. Mockito is unable to load the default implementation of class that is a part of Mockito distribution. Failed to load interface org.mockito.plugins.MockMaker
	at org.mockito.internal.configuration.plugins.DefaultMockitoPlugins.create(DefaultMockitoPlugins.java:105) ~[mockito-core-5.17.0.jar:na]
	at org.mockito.internal.configuration.plugins.DefaultMockitoPlugins.getDefaultPlugin(DefaultMockitoPlugins.java:79) ~[mockito-core-5.17.0.jar:na]
	at org.mockito.internal.configuration.plugins.PluginLoader.loadPlugin(PluginLoader.java:75) ~[mockito-core-5.17.0.jar:na]
	at org.mockito.internal.configuration.plugins.PluginLoader.loadPlugin(PluginLoader.java:49) ~[mockito-core-5.17.0.jar:na]
	at org.mockito.internal.configuration.plugins.PluginRegistry.<init>(PluginRegistry.java:29) ~[mockito-core-5.17.0.jar:na]
	at org.mockito.internal.configuration.plugins.Plugins.<clinit>(Plugins.java:26) ~[mockito-core-5.17.0.jar:na]
	at org.mockito.internal.MockitoCore.<clinit>(MockitoCore.java:71) ~[mockito-core-5.17.0.jar:na]
	at org.mockito.Mockito.<clinit>(Mockito.java:1777) ~[mockito-core-5.17.0.jar:na]
	at org.springframework.boot.test.mock.mockito.MockReset.get(MockReset.java:108) ~[spring-boot-test-3.5.5.jar:3.5.5]
	at org.springframework.boot.test.mock.mockito.ResetMocksTestExecutionListener.resetMocks(ResetMocksTestExecutionListener.java:89) ~[spring-boot-test-3.5.5.jar:3.5.5]
	at org.springframework.boot.test.mock.mockito.ResetMocksTestExecutionListener.resetMocks(ResetMocksTestExecutionListener.java:77) ~[spring-boot-test-3.5.5.jar:3.5.5]
	at org.springframework.boot.test.mock.mockito.ResetMocksTestExecutionListener.beforeTestMethod(ResetMocksTestExecutionListener.java:64) ~[spring-boot-test-3.5.5.jar:3.5.5]
	at org.springframework.test.context.TestContextManager.beforeTestMethod(TestContextManager.java:320) ~[spring-test-6.2.10.jar:6.2.10]
	at org.springframework.test.context.junit.jupiter.SpringExtension.beforeEach(SpringExtension.java:236) ~[spring-test-6.2.10.jar:6.2.10]
	at java.base/java.util.ArrayList.forEach(ArrayList.java:1604) ~[na:na]
	at java.base/java.util.ArrayList.forEach(ArrayList.java:1604) ~[na:na]
Caused by: java.lang.reflect.InvocationTargetException: null
	at java.base/java.lang.reflect.Constructor.newInstanceWithCaller(Constructor.java:499) ~[na:na]
	at java.base/java.lang.reflect.Constructor.newInstance(Constructor.java:483) ~[na:na]
	at org.mockito.internal.configuration.plugins.DefaultMockitoPlugins.create(DefaultMockitoPlugins.java:103) ~[mockito-core-5.17.0.jar:na]
	... 15 common frames omitted
Caused by: org.mockito.exceptions.base.MockitoInitializationException: 
Could not initialize inline Byte Buddy mock maker.

It appears as if your JDK does not supply a working agent attachment mechanism.
Java               : 24
JVM vendor name    : Oracle Corporation
JVM vendor version : 24.0.2+11-jvmci-b01
JVM name           : Java HotSpot(TM) 64-Bit Server VM
JVM version        : 24.0.2+11-jvmci-b01
JVM info           : mixed mode, sharing
OS name            : Windows 10
OS version         : 10.0

	at org.mockito.internal.creation.bytebuddy.InlineDelegateByteBuddyMockMaker.<init>(InlineDelegateByteBuddyMockMaker.java:275) ~[mockito-core-5.17.0.jar:na]
	at org.mockito.internal.creation.bytebuddy.InlineByteBuddyMockMaker.<init>(InlineByteBuddyMockMaker.java:23) ~[mockito-core-5.17.0.jar:na]
	... 18 common frames omitted
Caused by: java.lang.IllegalStateException: Could not self-attach to current VM using external process - set a property net.bytebuddy.agent.attacher.dump to dump the process output to a file at the specified location
	at net.bytebuddy.agent.ByteBuddyAgent.installExternal(ByteBuddyAgent.java:672) ~[byte-buddy-agent-1.17.7.jar:na]
	at net.bytebuddy.agent.ByteBuddyAgent.install(ByteBuddyAgent.java:599) ~[byte-buddy-agent-1.17.7.jar:na]
	at net.bytebuddy.agent.ByteBuddyAgent.install(ByteBuddyAgent.java:579) ~[byte-buddy-agent-1.17.7.jar:na]
	at net.bytebuddy.agent.ByteBuddyAgent.install(ByteBuddyAgent.java:531) ~[byte-buddy-agent-1.17.7.jar:na]
	at net.bytebuddy.agent.ByteBuddyAgent.install(ByteBuddyAgent.java:508) ~[byte-buddy-agent-1.17.7.jar:na]
	at org.mockito.internal.PremainAttachAccess.getInstrumentation(PremainAttachAccess.java:80) ~[mockito-core-5.17.0.jar:na]
	at org.mockito.internal.creation.bytebuddy.InlineDelegateByteBuddyMockMaker.<clinit>(InlineDelegateByteBuddyMockMaker.java:138) ~[mockito-core-5.17.0.jar:na]
	... 19 common frames omitted

2025-11-04T16:40:08.938+03:00  WARN 18696 --- [medical-center-userservice] [main] o.s.test.context.TestContextManager      : Caught exception while invoking 'afterTestMethod' callback on TestExecutionListener [org.springframework.boot.test.mock.mockito.ResetMocksTestExecutionListener] for test method [void medicalcenter.userservice.repository.DoctorRepositoryTests.findById_WithExistingId_ShouldReturnDoctor()] and test instance [medicalcenter.userservice.repository.DoctorRepositoryTests@31ebc5fa]

java.lang.IllegalStateException: Could not initialize plugin: interface org.mockito.plugins.MockMaker (alternate: null)
	at org.mockito.internal.configuration.plugins.PluginLoader$1.invoke(PluginLoader.java:85) ~[mockito-core-5.17.0.jar:na]
	at jdk.proxy1/jdk.proxy1.$Proxy150.getHandler(Unknown Source) ~[na:na]
	at org.mockito.internal.util.MockUtil.getMockHandlerOrNull(MockUtil.java:158) ~[mockito-core-5.17.0.jar:na]
	at org.mockito.internal.util.MockUtil.isMock(MockUtil.java:147) ~[mockito-core-5.17.0.jar:na]
	at org.mockito.internal.util.DefaultMockingDetails.isMock(DefaultMockingDetails.java:32) ~[mockito-core-5.17.0.jar:na]
	at org.springframework.boot.test.mock.mockito.MockReset.get(MockReset.java:109) ~[spring-boot-test-3.5.5.jar:3.5.5]
	at org.springframework.boot.test.mock.mockito.ResetMocksTestExecutionListener.resetMocks(ResetMocksTestExecutionListener.java:89) ~[spring-boot-test-3.5.5.jar:3.5.5]
	at org.springframework.boot.test.mock.mockito.ResetMocksTestExecutionListener.resetMocks(ResetMocksTestExecutionListener.java:77) ~[spring-boot-test-3.5.5.jar:3.5.5]
	at org.springframework.boot.test.mock.mockito.ResetMocksTestExecutionListener.afterTestMethod(ResetMocksTestExecutionListener.java:71) ~[spring-boot-test-3.5.5.jar:3.5.5]
	at org.springframework.test.context.TestContextManager.afterTestMethod(TestContextManager.java:488) ~[spring-test-6.2.10.jar:6.2.10]
	at org.springframework.test.context.junit.jupiter.SpringExtension.afterEach(SpringExtension.java:274) ~[spring-test-6.2.10.jar:6.2.10]
	at org.junit.jupiter.engine.descriptor.TestMethodTestDescriptor.lambda$invokeAfterEachCallbacks$12(TestMethodTestDescriptor.java:259) ~[junit-jupiter-engine-5.12.2.jar:5.12.2]
	at org.junit.jupiter.engine.descriptor.TestMethodTestDescriptor.lambda$invokeAllAfterMethodsOrCallbacks$13(TestMethodTestDescriptor.java:275) ~[junit-jupiter-engine-5.12.2.jar:5.12.2]
	at org.junit.platform.engine.support.hierarchical.ThrowableCollector.execute(ThrowableCollector.java:73) ~[junit-platform-engine-1.12.2.jar:1.12.2]
	at org.junit.jupiter.engine.descriptor.TestMethodTestDescriptor.lambda$invokeAllAfterMethodsOrCallbacks$14(TestMethodTestDescriptor.java:275) ~[junit-jupiter-engine-5.12.2.jar:5.12.2]
	at org.junit.platform.commons.util.CollectionUtils.forEachInReverseOrder(CollectionUtils.java:239) ~[junit-platform-commons-1.12.2.jar:1.12.2]
	at org.junit.jupiter.engine.descriptor.TestMethodTestDescriptor.invokeAllAfterMethodsOrCallbacks(TestMethodTestDescriptor.java:274) ~[junit-jupiter-engine-5.12.2.jar:5.12.2]
	at org.junit.jupiter.engine.descriptor.TestMethodTestDescriptor.invokeAfterEachCallbacks(TestMethodTestDescriptor.java:258) ~[junit-jupiter-engine-5.12.2.jar:5.12.2]
	at org.junit.jupiter.engine.descriptor.TestMethodTestDescriptor.execute(TestMethodTestDescriptor.java:143) ~[junit-jupiter-engine-5.12.2.jar:5.12.2]
	at org.junit.jupiter.engine.descriptor.TestMethodTestDescriptor.execute(TestMethodTestDescriptor.java:69) ~[junit-jupiter-engine-5.12.2.jar:5.12.2]
	at org.junit.platform.engine.support.hierarchical.NodeTestTask.lambda$executeRecursively$6(NodeTestTask.java:156) ~[junit-platform-engine-1.12.2.jar:1.12.2]
	at org.junit.platform.engine.support.hierarchical.ThrowableCollector.execute(ThrowableCollector.java:73) ~[junit-platform-engine-1.12.2.jar:1.12.2]
	at org.junit.platform.engine.support.hierarchical.NodeTestTask.lambda$executeRecursively$8(NodeTestTask.java:146) ~[junit-platform-engine-1.12.2.jar:1.12.2]
	at org.junit.platform.engine.support.hierarchical.Node.around(Node.java:137) ~[junit-platform-engine-1.12.2.jar:1.12.2]
	at org.junit.platform.engine.support.hierarchical.NodeTestTask.lambda$executeRecursively$9(NodeTestTask.java:144) ~[junit-platform-engine-1.12.2.jar:1.12.2]
	at org.junit.platform.engine.support.hierarchical.ThrowableCollector.execute(ThrowableCollector.java:73) ~[junit-platform-engine-1.12.2.jar:1.12.2]
	at org.junit.platform.engine.support.hierarchical.NodeTestTask.executeRecursively(NodeTestTask.java:143) ~[junit-platform-engine-1.12.2.jar:1.12.2]
	at org.junit.platform.engine.support.hierarchical.NodeTestTask.execute(NodeTestTask.java:100) ~[junit-platform-engine-1.12.2.jar:1.12.2]
	at java.base/java.util.ArrayList.forEach(ArrayList.java:1604) ~[na:na]
	at org.junit.platform.engine.support.hierarchical.SameThreadHierarchicalTestExecutorService.invokeAll(SameThreadHierarchicalTestExecutorService.java:41) ~[junit-platform-engine-1.12.2.jar:1.12.2]
	at org.junit.platform.engine.support.hierarchical.NodeTestTask.lambda$executeRecursively$6(NodeTestTask.java:160) ~[junit-platform-engine-1.12.2.jar:1.12.2]
	at org.junit.platform.engine.support.hierarchical.ThrowableCollector.execute(ThrowableCollector.java:73) ~[junit-platform-engine-1.12.2.jar:1.12.2]
	at org.junit.platform.engine.support.hierarchical.NodeTestTask.lambda$executeRecursively$8(NodeTestTask.java:146) ~[junit-platform-engine-1.12.2.jar:1.12.2]
	at org.junit.platform.engine.support.hierarchical.Node.around(Node.java:137) ~[junit-platform-engine-1.12.2.jar:1.12.2]
	at org.junit.platform.engine.support.hierarchical.NodeTestTask.lambda$executeRecursively$9(NodeTestTask.java:144) ~[junit-platform-engine-1.12.2.jar:1.12.2]
	at org.junit.platform.engine.support.hierarchical.ThrowableCollector.execute(ThrowableCollector.java:73) ~[junit-platform-engine-1.12.2.jar:1.12.2]
	at org.junit.platform.engine.support.hierarchical.NodeTestTask.executeRecursively(NodeTestTask.java:143) ~[junit-platform-engine-1.12.2.jar:1.12.2]
	at org.junit.platform.engine.support.hierarchical.NodeTestTask.execute(NodeTestTask.java:100) ~[junit-platform-engine-1.12.2.jar:1.12.2]
	at java.base/java.util.ArrayList.forEach(ArrayList.java:1604) ~[na:na]
	at org.junit.platform.engine.support.hierarchical.SameThreadHierarchicalTestExecutorService.invokeAll(SameThreadHierarchicalTestExecutorService.java:41) ~[junit-platform-engine-1.12.2.jar:1.12.2]
	at org.junit.platform.engine.support.hierarchical.NodeTestTask.lambda$executeRecursively$6(NodeTestTask.java:160) ~[junit-platform-engine-1.12.2.jar:1.12.2]
	at org.junit.platform.engine.support.hierarchical.ThrowableCollector.execute(ThrowableCollector.java:73) ~[junit-platform-engine-1.12.2.jar:1.12.2]
	at org.junit.platform.engine.support.hierarchical.NodeTestTask.lambda$executeRecursively$8(NodeTestTask.java:146) ~[junit-platform-engine-1.12.2.jar:1.12.2]
	at org.junit.platform.engine.support.hierarchical.Node.around(Node.java:137) ~[junit-platform-engine-1.12.2.jar:1.12.2]
	at org.junit.platform.engine.support.hierarchical.NodeTestTask.lambda$executeRecursively$9(NodeTestTask.java:144) ~[junit-platform-engine-1.12.2.jar:1.12.2]
	at org.junit.platform.engine.support.hierarchical.ThrowableCollector.execute(ThrowableCollector.java:73) ~[junit-platform-engine-1.12.2.jar:1.12.2]
	at org.junit.platform.engine.support.hierarchical.NodeTestTask.executeRecursively(NodeTestTask.java:143) ~[junit-platform-engine-1.12.2.jar:1.12.2]
	at org.junit.platform.engine.support.hierarchical.NodeTestTask.execute(NodeTestTask.java:100) ~[junit-platform-engine-1.12.2.jar:1.12.2]
	at org.junit.platform.engine.support.hierarchical.SameThreadHierarchicalTestExecutorService.submit(SameThreadHierarchicalTestExecutorService.java:35) ~[junit-platform-engine-1.12.2.jar:1.12.2]
	at org.junit.platform.engine.support.hierarchical.HierarchicalTestExecutor.execute(HierarchicalTestExecutor.java:57) ~[junit-platform-engine-1.12.2.jar:1.12.2]
	at org.junit.platform.engine.support.hierarchical.HierarchicalTestEngine.execute(HierarchicalTestEngine.java:54) ~[junit-platform-engine-1.12.2.jar:1.12.2]
	at org.junit.platform.launcher.core.EngineExecutionOrchestrator.execute(EngineExecutionOrchestrator.java:201) ~[junit-platform-launcher-1.12.2.jar:1.12.2]
	at org.junit.platform.launcher.core.EngineExecutionOrchestrator.execute(EngineExecutionOrchestrator.java:170) ~[junit-platform-launcher-1.12.2.jar:1.12.2]
	at org.junit.platform.launcher.core.EngineExecutionOrchestrator.execute(EngineExecutionOrchestrator.java:94) ~[junit-platform-launcher-1.12.2.jar:1.12.2]
	at org.junit.platform.launcher.core.EngineExecutionOrchestrator.lambda$execute$0(EngineExecutionOrchestrator.java:59) ~[junit-platform-launcher-1.12.2.jar:1.12.2]
	at org.junit.platform.launcher.core.EngineExecutionOrchestrator.withInterceptedStreams(EngineExecutionOrchestrator.java:142) ~[junit-platform-launcher-1.12.2.jar:1.12.2]
	at org.junit.platform.launcher.core.EngineExecutionOrchestrator.execute(EngineExecutionOrchestrator.java:58) ~[junit-platform-launcher-1.12.2.jar:1.12.2]
	at org.junit.platform.launcher.core.DefaultLauncher.execute(DefaultLauncher.java:103) ~[junit-platform-launcher-1.12.2.jar:1.12.2]
	at org.junit.platform.launcher.core.DefaultLauncher.execute(DefaultLauncher.java:85) ~[junit-platform-launcher-1.12.2.jar:1.12.2]
	at org.junit.platform.launcher.core.DelegatingLauncher.execute(DelegatingLauncher.java:47) ~[junit-platform-launcher-1.12.2.jar:1.12.2]
	at org.junit.platform.launcher.core.InterceptingLauncher.lambda$execute$1(InterceptingLauncher.java:39) ~[junit-platform-launcher-1.12.2.jar:1.12.2]
	at org.junit.platform.launcher.core.ClasspathAlignmentCheckingLauncherInterceptor.intercept(ClasspathAlignmentCheckingLauncherInterceptor.java:25) ~[junit-platform-launcher-1.12.2.jar:1.12.2]
	at org.junit.platform.launcher.core.InterceptingLauncher.execute(InterceptingLauncher.java:38) ~[junit-platform-launcher-1.12.2.jar:1.12.2]
	at org.junit.platform.launcher.core.DelegatingLauncher.execute(DelegatingLauncher.java:47) ~[junit-platform-launcher-1.12.2.jar:1.12.2]
	at org.junit.platform.launcher.core.SessionPerRequestLauncher.execute(SessionPerRequestLauncher.java:63) ~[junit-platform-launcher-1.12.2.jar:1.12.2]
	at com.intellij.junit5.JUnit5IdeaTestRunner.startRunnerWithArgs(JUnit5IdeaTestRunner.java:66) ~[junit5-rt.jar:na]
	at com.intellij.rt.junit.IdeaTestRunner$Repeater$1.execute(IdeaTestRunner.java:38) ~[junit-rt.jar:na]
	at com.intellij.rt.execution.junit.TestsRepeater.repeat(TestsRepeater.java:11) ~[idea_rt.jar:na]
	at com.intellij.rt.junit.IdeaTestRunner$Repeater.startRunnerWithArgs(IdeaTestRunner.java:35) ~[junit-rt.jar:na]
	at com.intellij.rt.junit.JUnitStarter.prepareStreamsAndStart(JUnitStarter.java:237) ~[junit-rt.jar:na]
	at com.intellij.rt.junit.JUnitStarter.main(JUnitStarter.java:58) ~[junit-rt.jar:na]
Caused by: java.lang.IllegalStateException: Internal problem occurred, please report it. Mockito is unable to load the default implementation of class that is a part of Mockito distribution. Failed to load interface org.mockito.plugins.MockMaker
	at org.mockito.internal.configuration.plugins.DefaultMockitoPlugins.create(DefaultMockitoPlugins.java:105) ~[mockito-core-5.17.0.jar:na]
	at org.mockito.internal.configuration.plugins.DefaultMockitoPlugins.getDefaultPlugin(DefaultMockitoPlugins.java:79) ~[mockito-core-5.17.0.jar:na]
	at org.mockito.internal.configuration.plugins.PluginLoader.loadPlugin(PluginLoader.java:75) ~[mockito-core-5.17.0.jar:na]
	at org.mockito.internal.configuration.plugins.PluginLoader.loadPlugin(PluginLoader.java:49) ~[mockito-core-5.17.0.jar:na]
	at org.mockito.internal.configuration.plugins.PluginRegistry.<init>(PluginRegistry.java:29) ~[mockito-core-5.17.0.jar:na]
	at org.mockito.internal.configuration.plugins.Plugins.<clinit>(Plugins.java:26) ~[mockito-core-5.17.0.jar:na]
	at org.mockito.internal.MockitoCore.<clinit>(MockitoCore.java:71) ~[mockito-core-5.17.0.jar:na]
	at org.mockito.Mockito.<clinit>(Mockito.java:1777) ~[mockito-core-5.17.0.jar:na]
	at org.springframework.boot.test.mock.mockito.MockReset.get(MockReset.java:108) ~[spring-boot-test-3.5.5.jar:3.5.5]
	at org.springframework.boot.test.mock.mockito.ResetMocksTestExecutionListener.resetMocks(ResetMocksTestExecutionListener.java:89) ~[spring-boot-test-3.5.5.jar:3.5.5]
	at org.springframework.boot.test.mock.mockito.ResetMocksTestExecutionListener.resetMocks(ResetMocksTestExecutionListener.java:77) ~[spring-boot-test-3.5.5.jar:3.5.5]
	at org.springframework.boot.test.mock.mockito.ResetMocksTestExecutionListener.beforeTestMethod(ResetMocksTestExecutionListener.java:64) ~[spring-boot-test-3.5.5.jar:3.5.5]
	at org.springframework.test.context.TestContextManager.beforeTestMethod(TestContextManager.java:320) ~[spring-test-6.2.10.jar:6.2.10]
	at org.springframework.test.context.junit.jupiter.SpringExtension.beforeEach(SpringExtension.java:236) ~[spring-test-6.2.10.jar:6.2.10]
	at java.base/java.util.ArrayList.forEach(ArrayList.java:1604) ~[na:na]
	at java.base/java.util.ArrayList.forEach(ArrayList.java:1604) ~[na:na]
Caused by: java.lang.reflect.InvocationTargetException: null
	at java.base/java.lang.reflect.Constructor.newInstanceWithCaller(Constructor.java:499) ~[na:na]
	at java.base/java.lang.reflect.Constructor.newInstance(Constructor.java:483) ~[na:na]
	at org.mockito.internal.configuration.plugins.DefaultMockitoPlugins.create(DefaultMockitoPlugins.java:103) ~[mockito-core-5.17.0.jar:na]
	... 15 common frames omitted
Caused by: org.mockito.exceptions.base.MockitoInitializationException: 
Could not initialize inline Byte Buddy mock maker.

It appears as if your JDK does not supply a working agent attachment mechanism.
Java               : 24
JVM vendor name    : Oracle Corporation
JVM vendor version : 24.0.2+11-jvmci-b01
JVM name           : Java HotSpot(TM) 64-Bit Server VM
JVM version        : 24.0.2+11-jvmci-b01
JVM info           : mixed mode, sharing
OS name            : Windows 10
OS version         : 10.0

	at org.mockito.internal.creation.bytebuddy.InlineDelegateByteBuddyMockMaker.<init>(InlineDelegateByteBuddyMockMaker.java:275) ~[mockito-core-5.17.0.jar:na]
	at org.mockito.internal.creation.bytebuddy.InlineByteBuddyMockMaker.<init>(InlineByteBuddyMockMaker.java:23) ~[mockito-core-5.17.0.jar:na]
	... 18 common frames omitted
Caused by: java.lang.IllegalStateException: Could not self-attach to current VM using external process - set a property net.bytebuddy.agent.attacher.dump to dump the process output to a file at the specified location
	at net.bytebuddy.agent.ByteBuddyAgent.installExternal(ByteBuddyAgent.java:672) ~[byte-buddy-agent-1.17.7.jar:na]
	at net.bytebuddy.agent.ByteBuddyAgent.install(ByteBuddyAgent.java:599) ~[byte-buddy-agent-1.17.7.jar:na]
	at net.bytebuddy.agent.ByteBuddyAgent.install(ByteBuddyAgent.java:579) ~[byte-buddy-agent-1.17.7.jar:na]
	at net.bytebuddy.agent.ByteBuddyAgent.install(ByteBuddyAgent.java:531) ~[byte-buddy-agent-1.17.7.jar:na]
	at net.bytebuddy.agent.ByteBuddyAgent.install(ByteBuddyAgent.java:508) ~[byte-buddy-agent-1.17.7.jar:na]
	at org.mockito.internal.PremainAttachAccess.getInstrumentation(PremainAttachAccess.java:80) ~[mockito-core-5.17.0.jar:na]
	at org.mockito.internal.creation.bytebuddy.InlineDelegateByteBuddyMockMaker.<clinit>(InlineDelegateByteBuddyMockMaker.java:138) ~[mockito-core-5.17.0.jar:na]
	... 19 common frames omitted

2025-11-04T16:40:08.948+03:00  WARN 18696 --- [medical-center-userservice] [main] o.s.test.context.TestContextManager      : Caught exception while invoking 'beforeTestMethod' callback on TestExecutionListener [org.springframework.boot.test.mock.mockito.ResetMocksTestExecutionListener] for test method [void medicalcenter.userservice.repository.DoctorRepositoryTests.existsById_WithNonExistingId_ShouldReturnFalse()] and test instance [medicalcenter.userservice.repository.DoctorRepositoryTests@5248688c]

java.lang.IllegalStateException: Could not initialize plugin: interface org.mockito.plugins.MockMaker (alternate: null)
	at org.mockito.internal.configuration.plugins.PluginLoader$1.invoke(PluginLoader.java:85) ~[mockito-core-5.17.0.jar:na]
	at jdk.proxy1/jdk.proxy1.$Proxy150.getHandler(Unknown Source) ~[na:na]
	at org.mockito.internal.util.MockUtil.getMockHandlerOrNull(MockUtil.java:158) ~[mockito-core-5.17.0.jar:na]
	at org.mockito.internal.util.MockUtil.isMock(MockUtil.java:147) ~[mockito-core-5.17.0.jar:na]
	at org.mockito.internal.util.DefaultMockingDetails.isMock(DefaultMockingDetails.java:32) ~[mockito-core-5.17.0.jar:na]
	at org.springframework.boot.test.mock.mockito.MockReset.get(MockReset.java:109) ~[spring-boot-test-3.5.5.jar:3.5.5]
	at org.springframework.boot.test.mock.mockito.ResetMocksTestExecutionListener.resetMocks(ResetMocksTestExecutionListener.java:89) ~[spring-boot-test-3.5.5.jar:3.5.5]
	at org.springframework.boot.test.mock.mockito.ResetMocksTestExecutionListener.resetMocks(ResetMocksTestExecutionListener.java:77) ~[spring-boot-test-3.5.5.jar:3.5.5]
	at org.springframework.boot.test.mock.mockito.ResetMocksTestExecutionListener.beforeTestMethod(ResetMocksTestExecutionListener.java:64) ~[spring-boot-test-3.5.5.jar:3.5.5]
	at org.springframework.test.context.TestContextManager.beforeTestMethod(TestContextManager.java:320) ~[spring-test-6.2.10.jar:6.2.10]
	at org.springframework.test.context.junit.jupiter.SpringExtension.beforeEach(SpringExtension.java:236) ~[spring-test-6.2.10.jar:6.2.10]
	at org.junit.jupiter.engine.descriptor.TestMethodTestDescriptor.lambda$invokeBeforeEachCallbacks$2(TestMethodTestDescriptor.java:165) ~[junit-jupiter-engine-5.12.2.jar:5.12.2]
	at org.junit.jupiter.engine.descriptor.TestMethodTestDescriptor.lambda$invokeBeforeMethodsOrCallbacksUntilExceptionOccurs$6(TestMethodTestDescriptor.java:201) ~[junit-jupiter-engine-5.12.2.jar:5.12.2]
	at org.junit.platform.engine.support.hierarchical.ThrowableCollector.execute(ThrowableCollector.java:73) ~[junit-platform-engine-1.12.2.jar:1.12.2]
	at org.junit.jupiter.engine.descriptor.TestMethodTestDescriptor.invokeBeforeMethodsOrCallbacksUntilExceptionOccurs(TestMethodTestDescriptor.java:201) ~[junit-jupiter-engine-5.12.2.jar:5.12.2]
	at org.junit.jupiter.engine.descriptor.TestMethodTestDescriptor.invokeBeforeEachCallbacks(TestMethodTestDescriptor.java:164) ~[junit-jupiter-engine-5.12.2.jar:5.12.2]
	at org.junit.jupiter.engine.descriptor.TestMethodTestDescriptor.execute(TestMethodTestDescriptor.java:131) ~[junit-jupiter-engine-5.12.2.jar:5.12.2]
	at org.junit.jupiter.engine.descriptor.TestMethodTestDescriptor.execute(TestMethodTestDescriptor.java:69) ~[junit-jupiter-engine-5.12.2.jar:5.12.2]
	at org.junit.platform.engine.support.hierarchical.NodeTestTask.lambda$executeRecursively$6(NodeTestTask.java:156) ~[junit-platform-engine-1.12.2.jar:1.12.2]
	at org.junit.platform.engine.support.hierarchical.ThrowableCollector.execute(ThrowableCollector.java:73) ~[junit-platform-engine-1.12.2.jar:1.12.2]
	at org.junit.platform.engine.support.hierarchical.NodeTestTask.lambda$executeRecursively$8(NodeTestTask.java:146) ~[junit-platform-engine-1.12.2.jar:1.12.2]
	at org.junit.platform.engine.support.hierarchical.Node.around(Node.java:137) ~[junit-platform-engine-1.12.2.jar:1.12.2]
	at org.junit.platform.engine.support.hierarchical.NodeTestTask.lambda$executeRecursively$9(NodeTestTask.java:144) ~[junit-platform-engine-1.12.2.jar:1.12.2]
	at org.junit.platform.engine.support.hierarchical.ThrowableCollector.execute(ThrowableCollector.java:73) ~[junit-platform-engine-1.12.2.jar:1.12.2]
	at org.junit.platform.engine.support.hierarchical.NodeTestTask.executeRecursively(NodeTestTask.java:143) ~[junit-platform-engine-1.12.2.jar:1.12.2]
	at org.junit.platform.engine.support.hierarchical.NodeTestTask.execute(NodeTestTask.java:100) ~[junit-platform-engine-1.12.2.jar:1.12.2]
	at java.base/java.util.ArrayList.forEach(ArrayList.java:1604) ~[na:na]
	at org.junit.platform.engine.support.hierarchical.SameThreadHierarchicalTestExecutorService.invokeAll(SameThreadHierarchicalTestExecutorService.java:41) ~[junit-platform-engine-1.12.2.jar:1.12.2]
	at org.junit.platform.engine.support.hierarchical.NodeTestTask.lambda$executeRecursively$6(NodeTestTask.java:160) ~[junit-platform-engine-1.12.2.jar:1.12.2]
	at org.junit.platform.engine.support.hierarchical.ThrowableCollector.execute(ThrowableCollector.java:73) ~[junit-platform-engine-1.12.2.jar:1.12.2]
	at org.junit.platform.engine.support.hierarchical.NodeTestTask.lambda$executeRecursively$8(NodeTestTask.java:146) ~[junit-platform-engine-1.12.2.jar:1.12.2]
	at org.junit.platform.engine.support.hierarchical.Node.around(Node.java:137) ~[junit-platform-engine-1.12.2.jar:1.12.2]
	at org.junit.platform.engine.support.hierarchical.NodeTestTask.lambda$executeRecursively$9(NodeTestTask.java:144) ~[junit-platform-engine-1.12.2.jar:1.12.2]
	at org.junit.platform.engine.support.hierarchical.ThrowableCollector.execute(ThrowableCollector.java:73) ~[junit-platform-engine-1.12.2.jar:1.12.2]
	at org.junit.platform.engine.support.hierarchical.NodeTestTask.executeRecursively(NodeTestTask.java:143) ~[junit-platform-engine-1.12.2.jar:1.12.2]
	at org.junit.platform.engine.support.hierarchical.NodeTestTask.execute(NodeTestTask.java:100) ~[junit-platform-engine-1.12.2.jar:1.12.2]
	at java.base/java.util.ArrayList.forEach(ArrayList.java:1604) ~[na:na]
	at org.junit.platform.engine.support.hierarchical.SameThreadHierarchicalTestExecutorService.invokeAll(SameThreadHierarchicalTestExecutorService.java:41) ~[junit-platform-engine-1.12.2.jar:1.12.2]
	at org.junit.platform.engine.support.hierarchical.NodeTestTask.lambda$executeRecursively$6(NodeTestTask.java:160) ~[junit-platform-engine-1.12.2.jar:1.12.2]
	at org.junit.platform.engine.support.hierarchical.ThrowableCollector.execute(ThrowableCollector.java:73) ~[junit-platform-engine-1.12.2.jar:1.12.2]
	at org.junit.platform.engine.support.hierarchical.NodeTestTask.lambda$executeRecursively$8(NodeTestTask.java:146) ~[junit-platform-engine-1.12.2.jar:1.12.2]
	at org.junit.platform.engine.support.hierarchical.Node.around(Node.java:137) ~[junit-platform-engine-1.12.2.jar:1.12.2]
	at org.junit.platform.engine.support.hierarchical.NodeTestTask.lambda$executeRecursively$9(NodeTestTask.java:144) ~[junit-platform-engine-1.12.2.jar:1.12.2]
	at org.junit.platform.engine.support.hierarchical.ThrowableCollector.execute(ThrowableCollector.java:73) ~[junit-platform-engine-1.12.2.jar:1.12.2]
	at org.junit.platform.engine.support.hierarchical.NodeTestTask.executeRecursively(NodeTestTask.java:143) ~[junit-platform-engine-1.12.2.jar:1.12.2]
	at org.junit.platform.engine.support.hierarchical.NodeTestTask.execute(NodeTestTask.java:100) ~[junit-platform-engine-1.12.2.jar:1.12.2]
	at org.junit.platform.engine.support.hierarchical.SameThreadHierarchicalTestExecutorService.submit(SameThreadHierarchicalTestExecutorService.java:35) ~[junit-platform-engine-1.12.2.jar:1.12.2]
	at org.junit.platform.engine.support.hierarchical.HierarchicalTestExecutor.execute(HierarchicalTestExecutor.java:57) ~[junit-platform-engine-1.12.2.jar:1.12.2]
	at org.junit.platform.engine.support.hierarchical.HierarchicalTestEngine.execute(HierarchicalTestEngine.java:54) ~[junit-platform-engine-1.12.2.jar:1.12.2]
	at org.junit.platform.launcher.core.EngineExecutionOrchestrator.execute(EngineExecutionOrchestrator.java:201) ~[junit-platform-launcher-1.12.2.jar:1.12.2]
	at org.junit.platform.launcher.core.EngineExecutionOrchestrator.execute(EngineExecutionOrchestrator.java:170) ~[junit-platform-launcher-1.12.2.jar:1.12.2]
	at org.junit.platform.launcher.core.EngineExecutionOrchestrator.execute(EngineExecutionOrchestrator.java:94) ~[junit-platform-launcher-1.12.2.jar:1.12.2]
	at org.junit.platform.launcher.core.EngineExecutionOrchestrator.lambda$execute$0(EngineExecutionOrchestrator.java:59) ~[junit-platform-launcher-1.12.2.jar:1.12.2]
	at org.junit.platform.launcher.core.EngineExecutionOrchestrator.withInterceptedStreams(EngineExecutionOrchestrator.java:142) ~[junit-platform-launcher-1.12.2.jar:1.12.2]
	at org.junit.platform.launcher.core.EngineExecutionOrchestrator.execute(EngineExecutionOrchestrator.java:58) ~[junit-platform-launcher-1.12.2.jar:1.12.2]
	at org.junit.platform.launcher.core.DefaultLauncher.execute(DefaultLauncher.java:103) ~[junit-platform-launcher-1.12.2.jar:1.12.2]
	at org.junit.platform.launcher.core.DefaultLauncher.execute(DefaultLauncher.java:85) ~[junit-platform-launcher-1.12.2.jar:1.12.2]
	at org.junit.platform.launcher.core.DelegatingLauncher.execute(DelegatingLauncher.java:47) ~[junit-platform-launcher-1.12.2.jar:1.12.2]
	at org.junit.platform.launcher.core.InterceptingLauncher.lambda$execute$1(InterceptingLauncher.java:39) ~[junit-platform-launcher-1.12.2.jar:1.12.2]
	at org.junit.platform.launcher.core.ClasspathAlignmentCheckingLauncherInterceptor.intercept(ClasspathAlignmentCheckingLauncherInterceptor.java:25) ~[junit-platform-launcher-1.12.2.jar:1.12.2]
	at org.junit.platform.launcher.core.InterceptingLauncher.execute(InterceptingLauncher.java:38) ~[junit-platform-launcher-1.12.2.jar:1.12.2]
	at org.junit.platform.launcher.core.DelegatingLauncher.execute(DelegatingLauncher.java:47) ~[junit-platform-launcher-1.12.2.jar:1.12.2]
	at org.junit.platform.launcher.core.SessionPerRequestLauncher.execute(SessionPerRequestLauncher.java:63) ~[junit-platform-launcher-1.12.2.jar:1.12.2]
	at com.intellij.junit5.JUnit5IdeaTestRunner.startRunnerWithArgs(JUnit5IdeaTestRunner.java:66) ~[junit5-rt.jar:na]
	at com.intellij.rt.junit.IdeaTestRunner$Repeater$1.execute(IdeaTestRunner.java:38) ~[junit-rt.jar:na]
	at com.intellij.rt.execution.junit.TestsRepeater.repeat(TestsRepeater.java:11) ~[idea_rt.jar:na]
	at com.intellij.rt.junit.IdeaTestRunner$Repeater.startRunnerWithArgs(IdeaTestRunner.java:35) ~[junit-rt.jar:na]
	at com.intellij.rt.junit.JUnitStarter.prepareStreamsAndStart(JUnitStarter.java:237) ~[junit-rt.jar:na]
	at com.intellij.rt.junit.JUnitStarter.main(JUnitStarter.java:58) ~[junit-rt.jar:na]
Caused by: java.lang.IllegalStateException: Internal problem occurred, please report it. Mockito is unable to load the default implementation of class that is a part of Mockito distribution. Failed to load interface org.mockito.plugins.MockMaker
	at org.mockito.internal.configuration.plugins.DefaultMockitoPlugins.create(DefaultMockitoPlugins.java:105) ~[mockito-core-5.17.0.jar:na]
	at org.mockito.internal.configuration.plugins.DefaultMockitoPlugins.getDefaultPlugin(DefaultMockitoPlugins.java:79) ~[mockito-core-5.17.0.jar:na]
	at org.mockito.internal.configuration.plugins.PluginLoader.loadPlugin(PluginLoader.java:75) ~[mockito-core-5.17.0.jar:na]
	at org.mockito.internal.configuration.plugins.PluginLoader.loadPlugin(PluginLoader.java:49) ~[mockito-core-5.17.0.jar:na]
	at org.mockito.internal.configuration.plugins.PluginRegistry.<init>(PluginRegistry.java:29) ~[mockito-core-5.17.0.jar:na]
	at org.mockito.internal.configuration.plugins.Plugins.<clinit>(Plugins.java:26) ~[mockito-core-5.17.0.jar:na]
	at org.mockito.internal.MockitoCore.<clinit>(MockitoCore.java:71) ~[mockito-core-5.17.0.jar:na]
	at org.mockito.Mockito.<clinit>(Mockito.java:1777) ~[mockito-core-5.17.0.jar:na]
	at org.springframework.boot.test.mock.mockito.MockReset.get(MockReset.java:108) ~[spring-boot-test-3.5.5.jar:3.5.5]
	at org.springframework.boot.test.mock.mockito.ResetMocksTestExecutionListener.resetMocks(ResetMocksTestExecutionListener.java:89) ~[spring-boot-test-3.5.5.jar:3.5.5]
	at org.springframework.boot.test.mock.mockito.ResetMocksTestExecutionListener.resetMocks(ResetMocksTestExecutionListener.java:77) ~[spring-boot-test-3.5.5.jar:3.5.5]
	at org.springframework.boot.test.mock.mockito.ResetMocksTestExecutionListener.beforeTestMethod(ResetMocksTestExecutionListener.java:64) ~[spring-boot-test-3.5.5.jar:3.5.5]
	at org.springframework.test.context.TestContextManager.beforeTestMethod(TestContextManager.java:320) ~[spring-test-6.2.10.jar:6.2.10]
	at org.springframework.test.context.junit.jupiter.SpringExtension.beforeEach(SpringExtension.java:236) ~[spring-test-6.2.10.jar:6.2.10]
	at java.base/java.util.ArrayList.forEach(ArrayList.java:1604) ~[na:na]
	at java.base/java.util.ArrayList.forEach(ArrayList.java:1604) ~[na:na]
Caused by: java.lang.reflect.InvocationTargetException: null
	at java.base/java.lang.reflect.Constructor.newInstanceWithCaller(Constructor.java:499) ~[na:na]
	at java.base/java.lang.reflect.Constructor.newInstance(Constructor.java:483) ~[na:na]
	at org.mockito.internal.configuration.plugins.DefaultMockitoPlugins.create(DefaultMockitoPlugins.java:103) ~[mockito-core-5.17.0.jar:na]
	... 15 common frames omitted
Caused by: org.mockito.exceptions.base.MockitoInitializationException: 
Could not initialize inline Byte Buddy mock maker.

It appears as if your JDK does not supply a working agent attachment mechanism.
Java               : 24
JVM vendor name    : Oracle Corporation
JVM vendor version : 24.0.2+11-jvmci-b01
JVM name           : Java HotSpot(TM) 64-Bit Server VM
JVM version        : 24.0.2+11-jvmci-b01
JVM info           : mixed mode, sharing
OS name            : Windows 10
OS version         : 10.0

	at org.mockito.internal.creation.bytebuddy.InlineDelegateByteBuddyMockMaker.<init>(InlineDelegateByteBuddyMockMaker.java:275) ~[mockito-core-5.17.0.jar:na]
	at org.mockito.internal.creation.bytebuddy.InlineByteBuddyMockMaker.<init>(InlineByteBuddyMockMaker.java:23) ~[mockito-core-5.17.0.jar:na]
	... 18 common frames omitted
Caused by: java.lang.IllegalStateException: Could not self-attach to current VM using external process - set a property net.bytebuddy.agent.attacher.dump to dump the process output to a file at the specified location
	at net.bytebuddy.agent.ByteBuddyAgent.installExternal(ByteBuddyAgent.java:672) ~[byte-buddy-agent-1.17.7.jar:na]
	at net.bytebuddy.agent.ByteBuddyAgent.install(ByteBuddyAgent.java:599) ~[byte-buddy-agent-1.17.7.jar:na]
	at net.bytebuddy.agent.ByteBuddyAgent.install(ByteBuddyAgent.java:579) ~[byte-buddy-agent-1.17.7.jar:na]
	at net.bytebuddy.agent.ByteBuddyAgent.install(ByteBuddyAgent.java:531) ~[byte-buddy-agent-1.17.7.jar:na]
	at net.bytebuddy.agent.ByteBuddyAgent.install(ByteBuddyAgent.java:508) ~[byte-buddy-agent-1.17.7.jar:na]
	at org.mockito.internal.PremainAttachAccess.getInstrumentation(PremainAttachAccess.java:80) ~[mockito-core-5.17.0.jar:na]
	at org.mockito.internal.creation.bytebuddy.InlineDelegateByteBuddyMockMaker.<clinit>(InlineDelegateByteBuddyMockMaker.java:138) ~[mockito-core-5.17.0.jar:na]
	... 19 common frames omitted

2025-11-04T16:40:08.951+03:00  WARN 18696 --- [medical-center-userservice] [main] o.s.test.context.TestContextManager      : Caught exception while invoking 'afterTestMethod' callback on TestExecutionListener [org.springframework.boot.test.mock.mockito.ResetMocksTestExecutionListener] for test method [void medicalcenter.userservice.repository.DoctorRepositoryTests.existsById_WithNonExistingId_ShouldReturnFalse()] and test instance [medicalcenter.userservice.repository.DoctorRepositoryTests@5248688c]

java.lang.IllegalStateException: Could not initialize plugin: interface org.mockito.plugins.MockMaker (alternate: null)
	at org.mockito.internal.configuration.plugins.PluginLoader$1.invoke(PluginLoader.java:85) ~[mockito-core-5.17.0.jar:na]
	at jdk.proxy1/jdk.proxy1.$Proxy150.getHandler(Unknown Source) ~[na:na]
	at org.mockito.internal.util.MockUtil.getMockHandlerOrNull(MockUtil.java:158) ~[mockito-core-5.17.0.jar:na]
	at org.mockito.internal.util.MockUtil.isMock(MockUtil.java:147) ~[mockito-core-5.17.0.jar:na]
	at org.mockito.internal.util.DefaultMockingDetails.isMock(DefaultMockingDetails.java:32) ~[mockito-core-5.17.0.jar:na]
	at org.springframework.boot.test.mock.mockito.MockReset.get(MockReset.java:109) ~[spring-boot-test-3.5.5.jar:3.5.5]
	at org.springframework.boot.test.mock.mockito.ResetMocksTestExecutionListener.resetMocks(ResetMocksTestExecutionListener.java:89) ~[spring-boot-test-3.5.5.jar:3.5.5]
	at org.springframework.boot.test.mock.mockito.ResetMocksTestExecutionListener.resetMocks(ResetMocksTestExecutionListener.java:77) ~[spring-boot-test-3.5.5.jar:3.5.5]
	at org.springframework.boot.test.mock.mockito.ResetMocksTestExecutionListener.afterTestMethod(ResetMocksTestExecutionListener.java:71) ~[spring-boot-test-3.5.5.jar:3.5.5]
	at org.springframework.test.context.TestContextManager.afterTestMethod(TestContextManager.java:488) ~[spring-test-6.2.10.jar:6.2.10]
	at org.springframework.test.context.junit.jupiter.SpringExtension.afterEach(SpringExtension.java:274) ~[spring-test-6.2.10.jar:6.2.10]
	at org.junit.jupiter.engine.descriptor.TestMethodTestDescriptor.lambda$invokeAfterEachCallbacks$12(TestMethodTestDescriptor.java:259) ~[junit-jupiter-engine-5.12.2.jar:5.12.2]
	at org.junit.jupiter.engine.descriptor.TestMethodTestDescriptor.lambda$invokeAllAfterMethodsOrCallbacks$13(TestMethodTestDescriptor.java:275) ~[junit-jupiter-engine-5.12.2.jar:5.12.2]
	at org.junit.platform.engine.support.hierarchical.ThrowableCollector.execute(ThrowableCollector.java:73) ~[junit-platform-engine-1.12.2.jar:1.12.2]
	at org.junit.jupiter.engine.descriptor.TestMethodTestDescriptor.lambda$invokeAllAfterMethodsOrCallbacks$14(TestMethodTestDescriptor.java:275) ~[junit-jupiter-engine-5.12.2.jar:5.12.2]
	at org.junit.platform.commons.util.CollectionUtils.forEachInReverseOrder(CollectionUtils.java:239) ~[junit-platform-commons-1.12.2.jar:1.12.2]
	at org.junit.jupiter.engine.descriptor.TestMethodTestDescriptor.invokeAllAfterMethodsOrCallbacks(TestMethodTestDescriptor.java:274) ~[junit-jupiter-engine-5.12.2.jar:5.12.2]
	at org.junit.jupiter.engine.descriptor.TestMethodTestDescriptor.invokeAfterEachCallbacks(TestMethodTestDescriptor.java:258) ~[junit-jupiter-engine-5.12.2.jar:5.12.2]
	at org.junit.jupiter.engine.descriptor.TestMethodTestDescriptor.execute(TestMethodTestDescriptor.java:143) ~[junit-jupiter-engine-5.12.2.jar:5.12.2]
	at org.junit.jupiter.engine.descriptor.TestMethodTestDescriptor.execute(TestMethodTestDescriptor.java:69) ~[junit-jupiter-engine-5.12.2.jar:5.12.2]
	at org.junit.platform.engine.support.hierarchical.NodeTestTask.lambda$executeRecursively$6(NodeTestTask.java:156) ~[junit-platform-engine-1.12.2.jar:1.12.2]
	at org.junit.platform.engine.support.hierarchical.ThrowableCollector.execute(ThrowableCollector.java:73) ~[junit-platform-engine-1.12.2.jar:1.12.2]
	at org.junit.platform.engine.support.hierarchical.NodeTestTask.lambda$executeRecursively$8(NodeTestTask.java:146) ~[junit-platform-engine-1.12.2.jar:1.12.2]
	at org.junit.platform.engine.support.hierarchical.Node.around(Node.java:137) ~[junit-platform-engine-1.12.2.jar:1.12.2]
	at org.junit.platform.engine.support.hierarchical.NodeTestTask.lambda$executeRecursively$9(NodeTestTask.java:144) ~[junit-platform-engine-1.12.2.jar:1.12.2]
	at org.junit.platform.engine.support.hierarchical.ThrowableCollector.execute(ThrowableCollector.java:73) ~[junit-platform-engine-1.12.2.jar:1.12.2]
	at org.junit.platform.engine.support.hierarchical.NodeTestTask.executeRecursively(NodeTestTask.java:143) ~[junit-platform-engine-1.12.2.jar:1.12.2]
	at org.junit.platform.engine.support.hierarchical.NodeTestTask.execute(NodeTestTask.java:100) ~[junit-platform-engine-1.12.2.jar:1.12.2]
	at java.base/java.util.ArrayList.forEach(ArrayList.java:1604) ~[na:na]
	at org.junit.platform.engine.support.hierarchical.SameThreadHierarchicalTestExecutorService.invokeAll(SameThreadHierarchicalTestExecutorService.java:41) ~[junit-platform-engine-1.12.2.jar:1.12.2]
	at org.junit.platform.engine.support.hierarchical.NodeTestTask.lambda$executeRecursively$6(NodeTestTask.java:160) ~[junit-platform-engine-1.12.2.jar:1.12.2]
	at org.junit.platform.engine.support.hierarchical.ThrowableCollector.execute(ThrowableCollector.java:73) ~[junit-platform-engine-1.12.2.jar:1.12.2]
	at org.junit.platform.engine.support.hierarchical.NodeTestTask.lambda$executeRecursively$8(NodeTestTask.java:146) ~[junit-platform-engine-1.12.2.jar:1.12.2]
	at org.junit.platform.engine.support.hierarchical.Node.around(Node.java:137) ~[junit-platform-engine-1.12.2.jar:1.12.2]
	at org.junit.platform.engine.support.hierarchical.NodeTestTask.lambda$executeRecursively$9(NodeTestTask.java:144) ~[junit-platform-engine-1.12.2.jar:1.12.2]
	at org.junit.platform.engine.support.hierarchical.ThrowableCollector.execute(ThrowableCollector.java:73) ~[junit-platform-engine-1.12.2.jar:1.12.2]
	at org.junit.platform.engine.support.hierarchical.NodeTestTask.executeRecursively(NodeTestTask.java:143) ~[junit-platform-engine-1.12.2.jar:1.12.2]
	at org.junit.platform.engine.support.hierarchical.NodeTestTask.execute(NodeTestTask.java:100) ~[junit-platform-engine-1.12.2.jar:1.12.2]
	at java.base/java.util.ArrayList.forEach(ArrayList.java:1604) ~[na:na]
	at org.junit.platform.engine.support.hierarchical.SameThreadHierarchicalTestExecutorService.invokeAll(SameThreadHierarchicalTestExecutorService.java:41) ~[junit-platform-engine-1.12.2.jar:1.12.2]
	at org.junit.platform.engine.support.hierarchical.NodeTestTask.lambda$executeRecursively$6(NodeTestTask.java:160) ~[junit-platform-engine-1.12.2.jar:1.12.2]
	at org.junit.platform.engine.support.hierarchical.ThrowableCollector.execute(ThrowableCollector.java:73) ~[junit-platform-engine-1.12.2.jar:1.12.2]
	at org.junit.platform.engine.support.hierarchical.NodeTestTask.lambda$executeRecursively$8(NodeTestTask.java:146) ~[junit-platform-engine-1.12.2.jar:1.12.2]
	at org.junit.platform.engine.support.hierarchical.Node.around(Node.java:137) ~[junit-platform-engine-1.12.2.jar:1.12.2]
	at org.junit.platform.engine.support.hierarchical.NodeTestTask.lambda$executeRecursively$9(NodeTestTask.java:144) ~[junit-platform-engine-1.12.2.jar:1.12.2]
	at org.junit.platform.engine.support.hierarchical.ThrowableCollector.execute(ThrowableCollector.java:73) ~[junit-platform-engine-1.12.2.jar:1.12.2]
	at org.junit.platform.engine.support.hierarchical.NodeTestTask.executeRecursively(NodeTestTask.java:143) ~[junit-platform-engine-1.12.2.jar:1.12.2]
	at org.junit.platform.engine.support.hierarchical.NodeTestTask.execute(NodeTestTask.java:100) ~[junit-platform-engine-1.12.2.jar:1.12.2]
	at org.junit.platform.engine.support.hierarchical.SameThreadHierarchicalTestExecutorService.submit(SameThreadHierarchicalTestExecutorService.java:35) ~[junit-platform-engine-1.12.2.jar:1.12.2]
	at org.junit.platform.engine.support.hierarchical.HierarchicalTestExecutor.execute(HierarchicalTestExecutor.java:57) ~[junit-platform-engine-1.12.2.jar:1.12.2]
	at org.junit.platform.engine.support.hierarchical.HierarchicalTestEngine.execute(HierarchicalTestEngine.java:54) ~[junit-platform-engine-1.12.2.jar:1.12.2]
	at org.junit.platform.launcher.core.EngineExecutionOrchestrator.execute(EngineExecutionOrchestrator.java:201) ~[junit-platform-launcher-1.12.2.jar:1.12.2]
	at org.junit.platform.launcher.core.EngineExecutionOrchestrator.execute(EngineExecutionOrchestrator.java:170) ~[junit-platform-launcher-1.12.2.jar:1.12.2]
	at org.junit.platform.launcher.core.EngineExecutionOrchestrator.execute(EngineExecutionOrchestrator.java:94) ~[junit-platform-launcher-1.12.2.jar:1.12.2]
	at org.junit.platform.launcher.core.EngineExecutionOrchestrator.lambda$execute$0(EngineExecutionOrchestrator.java:59) ~[junit-platform-launcher-1.12.2.jar:1.12.2]
	at org.junit.platform.launcher.core.EngineExecutionOrchestrator.withInterceptedStreams(EngineExecutionOrchestrator.java:142) ~[junit-platform-launcher-1.12.2.jar:1.12.2]
	at org.junit.platform.launcher.core.EngineExecutionOrchestrator.execute(EngineExecutionOrchestrator.java:58) ~[junit-platform-launcher-1.12.2.jar:1.12.2]
	at org.junit.platform.launcher.core.DefaultLauncher.execute(DefaultLauncher.java:103) ~[junit-platform-launcher-1.12.2.jar:1.12.2]
	at org.junit.platform.launcher.core.DefaultLauncher.execute(DefaultLauncher.java:85) ~[junit-platform-launcher-1.12.2.jar:1.12.2]
	at org.junit.platform.launcher.core.DelegatingLauncher.execute(DelegatingLauncher.java:47) ~[junit-platform-launcher-1.12.2.jar:1.12.2]
	at org.junit.platform.launcher.core.InterceptingLauncher.lambda$execute$1(InterceptingLauncher.java:39) ~[junit-platform-launcher-1.12.2.jar:1.12.2]
	at org.junit.platform.launcher.core.ClasspathAlignmentCheckingLauncherInterceptor.intercept(ClasspathAlignmentCheckingLauncherInterceptor.java:25) ~[junit-platform-launcher-1.12.2.jar:1.12.2]
	at org.junit.platform.launcher.core.InterceptingLauncher.execute(InterceptingLauncher.java:38) ~[junit-platform-launcher-1.12.2.jar:1.12.2]
	at org.junit.platform.launcher.core.DelegatingLauncher.execute(DelegatingLauncher.java:47) ~[junit-platform-launcher-1.12.2.jar:1.12.2]
	at org.junit.platform.launcher.core.SessionPerRequestLauncher.execute(SessionPerRequestLauncher.java:63) ~[junit-platform-launcher-1.12.2.jar:1.12.2]
	at com.intellij.junit5.JUnit5IdeaTestRunner.startRunnerWithArgs(JUnit5IdeaTestRunner.java:66) ~[junit5-rt.jar:na]
	at com.intellij.rt.junit.IdeaTestRunner$Repeater$1.execute(IdeaTestRunner.java:38) ~[junit-rt.jar:na]
	at com.intellij.rt.execution.junit.TestsRepeater.repeat(TestsRepeater.java:11) ~[idea_rt.jar:na]
	at com.intellij.rt.junit.IdeaTestRunner$Repeater.startRunnerWithArgs(IdeaTestRunner.java:35) ~[junit-rt.jar:na]
	at com.intellij.rt.junit.JUnitStarter.prepareStreamsAndStart(JUnitStarter.java:237) ~[junit-rt.jar:na]
	at com.intellij.rt.junit.JUnitStarter.main(JUnitStarter.java:58) ~[junit-rt.jar:na]
Caused by: java.lang.IllegalStateException: Internal problem occurred, please report it. Mockito is unable to load the default implementation of class that is a part of Mockito distribution. Failed to load interface org.mockito.plugins.MockMaker
	at org.mockito.internal.configuration.plugins.DefaultMockitoPlugins.create(DefaultMockitoPlugins.java:105) ~[mockito-core-5.17.0.jar:na]
	at org.mockito.internal.configuration.plugins.DefaultMockitoPlugins.getDefaultPlugin(DefaultMockitoPlugins.java:79) ~[mockito-core-5.17.0.jar:na]
	at org.mockito.internal.configuration.plugins.PluginLoader.loadPlugin(PluginLoader.java:75) ~[mockito-core-5.17.0.jar:na]
	at org.mockito.internal.configuration.plugins.PluginLoader.loadPlugin(PluginLoader.java:49) ~[mockito-core-5.17.0.jar:na]
	at org.mockito.internal.configuration.plugins.PluginRegistry.<init>(PluginRegistry.java:29) ~[mockito-core-5.17.0.jar:na]
	at org.mockito.internal.configuration.plugins.Plugins.<clinit>(Plugins.java:26) ~[mockito-core-5.17.0.jar:na]
	at org.mockito.internal.MockitoCore.<clinit>(MockitoCore.java:71) ~[mockito-core-5.17.0.jar:na]
	at org.mockito.Mockito.<clinit>(Mockito.java:1777) ~[mockito-core-5.17.0.jar:na]
	at org.springframework.boot.test.mock.mockito.MockReset.get(MockReset.java:108) ~[spring-boot-test-3.5.5.jar:3.5.5]
	at org.springframework.boot.test.mock.mockito.ResetMocksTestExecutionListener.resetMocks(ResetMocksTestExecutionListener.java:89) ~[spring-boot-test-3.5.5.jar:3.5.5]
	at org.springframework.boot.test.mock.mockito.ResetMocksTestExecutionListener.resetMocks(ResetMocksTestExecutionListener.java:77) ~[spring-boot-test-3.5.5.jar:3.5.5]
	at org.springframework.boot.test.mock.mockito.ResetMocksTestExecutionListener.beforeTestMethod(ResetMocksTestExecutionListener.java:64) ~[spring-boot-test-3.5.5.jar:3.5.5]
	at org.springframework.test.context.TestContextManager.beforeTestMethod(TestContextManager.java:320) ~[spring-test-6.2.10.jar:6.2.10]
	at org.springframework.test.context.junit.jupiter.SpringExtension.beforeEach(SpringExtension.java:236) ~[spring-test-6.2.10.jar:6.2.10]
	at java.base/java.util.ArrayList.forEach(ArrayList.java:1604) ~[na:na]
	at java.base/java.util.ArrayList.forEach(ArrayList.java:1604) ~[na:na]
Caused by: java.lang.reflect.InvocationTargetException: null
	at java.base/java.lang.reflect.Constructor.newInstanceWithCaller(Constructor.java:499) ~[na:na]
	at java.base/java.lang.reflect.Constructor.newInstance(Constructor.java:483) ~[na:na]
	at org.mockito.internal.configuration.plugins.DefaultMockitoPlugins.create(DefaultMockitoPlugins.java:103) ~[mockito-core-5.17.0.jar:na]
	... 15 common frames omitted
Caused by: org.mockito.exceptions.base.MockitoInitializationException: 
Could not initialize inline Byte Buddy mock maker.

It appears as if your JDK does not supply a working agent attachment mechanism.
Java               : 24
JVM vendor name    : Oracle Corporation
JVM vendor version : 24.0.2+11-jvmci-b01
JVM name           : Java HotSpot(TM) 64-Bit Server VM
JVM version        : 24.0.2+11-jvmci-b01
JVM info           : mixed mode, sharing
OS name            : Windows 10
OS version         : 10.0

	at org.mockito.internal.creation.bytebuddy.InlineDelegateByteBuddyMockMaker.<init>(InlineDelegateByteBuddyMockMaker.java:275) ~[mockito-core-5.17.0.jar:na]
	at org.mockito.internal.creation.bytebuddy.InlineByteBuddyMockMaker.<init>(InlineByteBuddyMockMaker.java:23) ~[mockito-core-5.17.0.jar:na]
	... 18 common frames omitted
Caused by: java.lang.IllegalStateException: Could not self-attach to current VM using external process - set a property net.bytebuddy.agent.attacher.dump to dump the process output to a file at the specified location
	at net.bytebuddy.agent.ByteBuddyAgent.installExternal(ByteBuddyAgent.java:672) ~[byte-buddy-agent-1.17.7.jar:na]
	at net.bytebuddy.agent.ByteBuddyAgent.install(ByteBuddyAgent.java:599) ~[byte-buddy-agent-1.17.7.jar:na]
	at net.bytebuddy.agent.ByteBuddyAgent.install(ByteBuddyAgent.java:579) ~[byte-buddy-agent-1.17.7.jar:na]
	at net.bytebuddy.agent.ByteBuddyAgent.install(ByteBuddyAgent.java:531) ~[byte-buddy-agent-1.17.7.jar:na]
	at net.bytebuddy.agent.ByteBuddyAgent.install(ByteBuddyAgent.java:508) ~[byte-buddy-agent-1.17.7.jar:na]
	at org.mockito.internal.PremainAttachAccess.getInstrumentation(PremainAttachAccess.java:80) ~[mockito-core-5.17.0.jar:na]
	at org.mockito.internal.creation.bytebuddy.InlineDelegateByteBuddyMockMaker.<clinit>(InlineDelegateByteBuddyMockMaker.java:138) ~[mockito-core-5.17.0.jar:na]
	... 19 common frames omitted

2025-11-04T16:40:08.960+03:00  WARN 18696 --- [medical-center-userservice] [main] o.s.test.context.TestContextManager      : Caught exception while invoking 'beforeTestMethod' callback on TestExecutionListener [org.springframework.boot.test.mock.mockito.ResetMocksTestExecutionListener] for test method [void medicalcenter.userservice.repository.DoctorRepositoryTests.updateById_WithNullFields_ShouldUpdateWithNullValues()] and test instance [medicalcenter.userservice.repository.DoctorRepositoryTests@338f9bb5]

java.lang.IllegalStateException: Could not initialize plugin: interface org.mockito.plugins.MockMaker (alternate: null)
	at org.mockito.internal.configuration.plugins.PluginLoader$1.invoke(PluginLoader.java:85) ~[mockito-core-5.17.0.jar:na]
	at jdk.proxy1/jdk.proxy1.$Proxy150.getHandler(Unknown Source) ~[na:na]
	at org.mockito.internal.util.MockUtil.getMockHandlerOrNull(MockUtil.java:158) ~[mockito-core-5.17.0.jar:na]
	at org.mockito.internal.util.MockUtil.isMock(MockUtil.java:147) ~[mockito-core-5.17.0.jar:na]
	at org.mockito.internal.util.DefaultMockingDetails.isMock(DefaultMockingDetails.java:32) ~[mockito-core-5.17.0.jar:na]
	at org.springframework.boot.test.mock.mockito.MockReset.get(MockReset.java:109) ~[spring-boot-test-3.5.5.jar:3.5.5]
	at org.springframework.boot.test.mock.mockito.ResetMocksTestExecutionListener.resetMocks(ResetMocksTestExecutionListener.java:89) ~[spring-boot-test-3.5.5.jar:3.5.5]
	at org.springframework.boot.test.mock.mockito.ResetMocksTestExecutionListener.resetMocks(ResetMocksTestExecutionListener.java:77) ~[spring-boot-test-3.5.5.jar:3.5.5]
	at org.springframework.boot.test.mock.mockito.ResetMocksTestExecutionListener.beforeTestMethod(ResetMocksTestExecutionListener.java:64) ~[spring-boot-test-3.5.5.jar:3.5.5]
	at org.springframework.test.context.TestContextManager.beforeTestMethod(TestContextManager.java:320) ~[spring-test-6.2.10.jar:6.2.10]
	at org.springframework.test.context.junit.jupiter.SpringExtension.beforeEach(SpringExtension.java:236) ~[spring-test-6.2.10.jar:6.2.10]
	at org.junit.jupiter.engine.descriptor.TestMethodTestDescriptor.lambda$invokeBeforeEachCallbacks$2(TestMethodTestDescriptor.java:165) ~[junit-jupiter-engine-5.12.2.jar:5.12.2]
	at org.junit.jupiter.engine.descriptor.TestMethodTestDescriptor.lambda$invokeBeforeMethodsOrCallbacksUntilExceptionOccurs$6(TestMethodTestDescriptor.java:201) ~[junit-jupiter-engine-5.12.2.jar:5.12.2]
	at org.junit.platform.engine.support.hierarchical.ThrowableCollector.execute(ThrowableCollector.java:73) ~[junit-platform-engine-1.12.2.jar:1.12.2]
	at org.junit.jupiter.engine.descriptor.TestMethodTestDescriptor.invokeBeforeMethodsOrCallbacksUntilExceptionOccurs(TestMethodTestDescriptor.java:201) ~[junit-jupiter-engine-5.12.2.jar:5.12.2]
	at org.junit.jupiter.engine.descriptor.TestMethodTestDescriptor.invokeBeforeEachCallbacks(TestMethodTestDescriptor.java:164) ~[junit-jupiter-engine-5.12.2.jar:5.12.2]
	at org.junit.jupiter.engine.descriptor.TestMethodTestDescriptor.execute(TestMethodTestDescriptor.java:131) ~[junit-jupiter-engine-5.12.2.jar:5.12.2]
	at org.junit.jupiter.engine.descriptor.TestMethodTestDescriptor.execute(TestMethodTestDescriptor.java:69) ~[junit-jupiter-engine-5.12.2.jar:5.12.2]
	at org.junit.platform.engine.support.hierarchical.NodeTestTask.lambda$executeRecursively$6(NodeTestTask.java:156) ~[junit-platform-engine-1.12.2.jar:1.12.2]
	at org.junit.platform.engine.support.hierarchical.ThrowableCollector.execute(ThrowableCollector.java:73) ~[junit-platform-engine-1.12.2.jar:1.12.2]
	at org.junit.platform.engine.support.hierarchical.NodeTestTask.lambda$executeRecursively$8(NodeTestTask.java:146) ~[junit-platform-engine-1.12.2.jar:1.12.2]
	at org.junit.platform.engine.support.hierarchical.Node.around(Node.java:137) ~[junit-platform-engine-1.12.2.jar:1.12.2]
	at org.junit.platform.engine.support.hierarchical.NodeTestTask.lambda$executeRecursively$9(NodeTestTask.java:144) ~[junit-platform-engine-1.12.2.jar:1.12.2]
	at org.junit.platform.engine.support.hierarchical.ThrowableCollector.execute(ThrowableCollector.java:73) ~[junit-platform-engine-1.12.2.jar:1.12.2]
	at org.junit.platform.engine.support.hierarchical.NodeTestTask.executeRecursively(NodeTestTask.java:143) ~[junit-platform-engine-1.12.2.jar:1.12.2]
	at org.junit.platform.engine.support.hierarchical.NodeTestTask.execute(NodeTestTask.java:100) ~[junit-platform-engine-1.12.2.jar:1.12.2]
	at java.base/java.util.ArrayList.forEach(ArrayList.java:1604) ~[na:na]
	at org.junit.platform.engine.support.hierarchical.SameThreadHierarchicalTestExecutorService.invokeAll(SameThreadHierarchicalTestExecutorService.java:41) ~[junit-platform-engine-1.12.2.jar:1.12.2]
	at org.junit.platform.engine.support.hierarchical.NodeTestTask.lambda$executeRecursively$6(NodeTestTask.java:160) ~[junit-platform-engine-1.12.2.jar:1.12.2]
	at org.junit.platform.engine.support.hierarchical.ThrowableCollector.execute(ThrowableCollector.java:73) ~[junit-platform-engine-1.12.2.jar:1.12.2]
	at org.junit.platform.engine.support.hierarchical.NodeTestTask.lambda$executeRecursively$8(NodeTestTask.java:146) ~[junit-platform-engine-1.12.2.jar:1.12.2]
	at org.junit.platform.engine.support.hierarchical.Node.around(Node.java:137) ~[junit-platform-engine-1.12.2.jar:1.12.2]
	at org.junit.platform.engine.support.hierarchical.NodeTestTask.lambda$executeRecursively$9(NodeTestTask.java:144) ~[junit-platform-engine-1.12.2.jar:1.12.2]
	at org.junit.platform.engine.support.hierarchical.ThrowableCollector.execute(ThrowableCollector.java:73) ~[junit-platform-engine-1.12.2.jar:1.12.2]
	at org.junit.platform.engine.support.hierarchical.NodeTestTask.executeRecursively(NodeTestTask.java:143) ~[junit-platform-engine-1.12.2.jar:1.12.2]
	at org.junit.platform.engine.support.hierarchical.NodeTestTask.execute(NodeTestTask.java:100) ~[junit-platform-engine-1.12.2.jar:1.12.2]
	at java.base/java.util.ArrayList.forEach(ArrayList.java:1604) ~[na:na]
	at org.junit.platform.engine.support.hierarchical.SameThreadHierarchicalTestExecutorService.invokeAll(SameThreadHierarchicalTestExecutorService.java:41) ~[junit-platform-engine-1.12.2.jar:1.12.2]
	at org.junit.platform.engine.support.hierarchical.NodeTestTask.lambda$executeRecursively$6(NodeTestTask.java:160) ~[junit-platform-engine-1.12.2.jar:1.12.2]
	at org.junit.platform.engine.support.hierarchical.ThrowableCollector.execute(ThrowableCollector.java:73) ~[junit-platform-engine-1.12.2.jar:1.12.2]
	at org.junit.platform.engine.support.hierarchical.NodeTestTask.lambda$executeRecursively$8(NodeTestTask.java:146) ~[junit-platform-engine-1.12.2.jar:1.12.2]
	at org.junit.platform.engine.support.hierarchical.Node.around(Node.java:137) ~[junit-platform-engine-1.12.2.jar:1.12.2]
	at org.junit.platform.engine.support.hierarchical.NodeTestTask.lambda$executeRecursively$9(NodeTestTask.java:144) ~[junit-platform-engine-1.12.2.jar:1.12.2]
	at org.junit.platform.engine.support.hierarchical.ThrowableCollector.execute(ThrowableCollector.java:73) ~[junit-platform-engine-1.12.2.jar:1.12.2]
	at org.junit.platform.engine.support.hierarchical.NodeTestTask.executeRecursively(NodeTestTask.java:143) ~[junit-platform-engine-1.12.2.jar:1.12.2]
	at org.junit.platform.engine.support.hierarchical.NodeTestTask.execute(NodeTestTask.java:100) ~[junit-platform-engine-1.12.2.jar:1.12.2]
	at org.junit.platform.engine.support.hierarchical.SameThreadHierarchicalTestExecutorService.submit(SameThreadHierarchicalTestExecutorService.java:35) ~[junit-platform-engine-1.12.2.jar:1.12.2]
	at org.junit.platform.engine.support.hierarchical.HierarchicalTestExecutor.execute(HierarchicalTestExecutor.java:57) ~[junit-platform-engine-1.12.2.jar:1.12.2]
	at org.junit.platform.engine.support.hierarchical.HierarchicalTestEngine.execute(HierarchicalTestEngine.java:54) ~[junit-platform-engine-1.12.2.jar:1.12.2]
	at org.junit.platform.launcher.core.EngineExecutionOrchestrator.execute(EngineExecutionOrchestrator.java:201) ~[junit-platform-launcher-1.12.2.jar:1.12.2]
	at org.junit.platform.launcher.core.EngineExecutionOrchestrator.execute(EngineExecutionOrchestrator.java:170) ~[junit-platform-launcher-1.12.2.jar:1.12.2]
	at org.junit.platform.launcher.core.EngineExecutionOrchestrator.execute(EngineExecutionOrchestrator.java:94) ~[junit-platform-launcher-1.12.2.jar:1.12.2]
	at org.junit.platform.launcher.core.EngineExecutionOrchestrator.lambda$execute$0(EngineExecutionOrchestrator.java:59) ~[junit-platform-launcher-1.12.2.jar:1.12.2]
	at org.junit.platform.launcher.core.EngineExecutionOrchestrator.withInterceptedStreams(EngineExecutionOrchestrator.java:142) ~[junit-platform-launcher-1.12.2.jar:1.12.2]
	at org.junit.platform.launcher.core.EngineExecutionOrchestrator.execute(EngineExecutionOrchestrator.java:58) ~[junit-platform-launcher-1.12.2.jar:1.12.2]
	at org.junit.platform.launcher.core.DefaultLauncher.execute(DefaultLauncher.java:103) ~[junit-platform-launcher-1.12.2.jar:1.12.2]
	at org.junit.platform.launcher.core.DefaultLauncher.execute(DefaultLauncher.java:85) ~[junit-platform-launcher-1.12.2.jar:1.12.2]
	at org.junit.platform.launcher.core.DelegatingLauncher.execute(DelegatingLauncher.java:47) ~[junit-platform-launcher-1.12.2.jar:1.12.2]
	at org.junit.platform.launcher.core.InterceptingLauncher.lambda$execute$1(InterceptingLauncher.java:39) ~[junit-platform-launcher-1.12.2.jar:1.12.2]
	at org.junit.platform.launcher.core.ClasspathAlignmentCheckingLauncherInterceptor.intercept(ClasspathAlignmentCheckingLauncherInterceptor.java:25) ~[junit-platform-launcher-1.12.2.jar:1.12.2]
	at org.junit.platform.launcher.core.InterceptingLauncher.execute(InterceptingLauncher.java:38) ~[junit-platform-launcher-1.12.2.jar:1.12.2]
	at org.junit.platform.launcher.core.DelegatingLauncher.execute(DelegatingLauncher.java:47) ~[junit-platform-launcher-1.12.2.jar:1.12.2]
	at org.junit.platform.launcher.core.SessionPerRequestLauncher.execute(SessionPerRequestLauncher.java:63) ~[junit-platform-launcher-1.12.2.jar:1.12.2]
	at com.intellij.junit5.JUnit5IdeaTestRunner.startRunnerWithArgs(JUnit5IdeaTestRunner.java:66) ~[junit5-rt.jar:na]
	at com.intellij.rt.junit.IdeaTestRunner$Repeater$1.execute(IdeaTestRunner.java:38) ~[junit-rt.jar:na]
	at com.intellij.rt.execution.junit.TestsRepeater.repeat(TestsRepeater.java:11) ~[idea_rt.jar:na]
	at com.intellij.rt.junit.IdeaTestRunner$Repeater.startRunnerWithArgs(IdeaTestRunner.java:35) ~[junit-rt.jar:na]
	at com.intellij.rt.junit.JUnitStarter.prepareStreamsAndStart(JUnitStarter.java:237) ~[junit-rt.jar:na]
	at com.intellij.rt.junit.JUnitStarter.main(JUnitStarter.java:58) ~[junit-rt.jar:na]
Caused by: java.lang.IllegalStateException: Internal problem occurred, please report it. Mockito is unable to load the default implementation of class that is a part of Mockito distribution. Failed to load interface org.mockito.plugins.MockMaker
	at org.mockito.internal.configuration.plugins.DefaultMockitoPlugins.create(DefaultMockitoPlugins.java:105) ~[mockito-core-5.17.0.jar:na]
	at org.mockito.internal.configuration.plugins.DefaultMockitoPlugins.getDefaultPlugin(DefaultMockitoPlugins.java:79) ~[mockito-core-5.17.0.jar:na]
	at org.mockito.internal.configuration.plugins.PluginLoader.loadPlugin(PluginLoader.java:75) ~[mockito-core-5.17.0.jar:na]
	at org.mockito.internal.configuration.plugins.PluginLoader.loadPlugin(PluginLoader.java:49) ~[mockito-core-5.17.0.jar:na]
	at org.mockito.internal.configuration.plugins.PluginRegistry.<init>(PluginRegistry.java:29) ~[mockito-core-5.17.0.jar:na]
	at org.mockito.internal.configuration.plugins.Plugins.<clinit>(Plugins.java:26) ~[mockito-core-5.17.0.jar:na]
	at org.mockito.internal.MockitoCore.<clinit>(MockitoCore.java:71) ~[mockito-core-5.17.0.jar:na]
	at org.mockito.Mockito.<clinit>(Mockito.java:1777) ~[mockito-core-5.17.0.jar:na]
	at org.springframework.boot.test.mock.mockito.MockReset.get(MockReset.java:108) ~[spring-boot-test-3.5.5.jar:3.5.5]
	at org.springframework.boot.test.mock.mockito.ResetMocksTestExecutionListener.resetMocks(ResetMocksTestExecutionListener.java:89) ~[spring-boot-test-3.5.5.jar:3.5.5]
	at org.springframework.boot.test.mock.mockito.ResetMocksTestExecutionListener.resetMocks(ResetMocksTestExecutionListener.java:77) ~[spring-boot-test-3.5.5.jar:3.5.5]
	at org.springframework.boot.test.mock.mockito.ResetMocksTestExecutionListener.beforeTestMethod(ResetMocksTestExecutionListener.java:64) ~[spring-boot-test-3.5.5.jar:3.5.5]
	at org.springframework.test.context.TestContextManager.beforeTestMethod(TestContextManager.java:320) ~[spring-test-6.2.10.jar:6.2.10]
	at org.springframework.test.context.junit.jupiter.SpringExtension.beforeEach(SpringExtension.java:236) ~[spring-test-6.2.10.jar:6.2.10]
	at java.base/java.util.ArrayList.forEach(ArrayList.java:1604) ~[na:na]
	at java.base/java.util.ArrayList.forEach(ArrayList.java:1604) ~[na:na]
Caused by: java.lang.reflect.InvocationTargetException: null
	at java.base/java.lang.reflect.Constructor.newInstanceWithCaller(Constructor.java:499) ~[na:na]
	at java.base/java.lang.reflect.Constructor.newInstance(Constructor.java:483) ~[na:na]
	at org.mockito.internal.configuration.plugins.DefaultMockitoPlugins.create(DefaultMockitoPlugins.java:103) ~[mockito-core-5.17.0.jar:na]
	... 15 common frames omitted
Caused by: org.mockito.exceptions.base.MockitoInitializationException: 
Could not initialize inline Byte Buddy mock maker.

It appears as if your JDK does not supply a working agent attachment mechanism.
Java               : 24
JVM vendor name    : Oracle Corporation
JVM vendor version : 24.0.2+11-jvmci-b01
JVM name           : Java HotSpot(TM) 64-Bit Server VM
JVM version        : 24.0.2+11-jvmci-b01
JVM info           : mixed mode, sharing
OS name            : Windows 10
OS version         : 10.0

	at org.mockito.internal.creation.bytebuddy.InlineDelegateByteBuddyMockMaker.<init>(InlineDelegateByteBuddyMockMaker.java:275) ~[mockito-core-5.17.0.jar:na]
	at org.mockito.internal.creation.bytebuddy.InlineByteBuddyMockMaker.<init>(InlineByteBuddyMockMaker.java:23) ~[mockito-core-5.17.0.jar:na]
	... 18 common frames omitted
Caused by: java.lang.IllegalStateException: Could not self-attach to current VM using external process - set a property net.bytebuddy.agent.attacher.dump to dump the process output to a file at the specified location
	at net.bytebuddy.agent.ByteBuddyAgent.installExternal(ByteBuddyAgent.java:672) ~[byte-buddy-agent-1.17.7.jar:na]
	at net.bytebuddy.agent.ByteBuddyAgent.install(ByteBuddyAgent.java:599) ~[byte-buddy-agent-1.17.7.jar:na]
	at net.bytebuddy.agent.ByteBuddyAgent.install(ByteBuddyAgent.java:579) ~[byte-buddy-agent-1.17.7.jar:na]
	at net.bytebuddy.agent.ByteBuddyAgent.install(ByteBuddyAgent.java:531) ~[byte-buddy-agent-1.17.7.jar:na]
	at net.bytebuddy.agent.ByteBuddyAgent.install(ByteBuddyAgent.java:508) ~[byte-buddy-agent-1.17.7.jar:na]
	at org.mockito.internal.PremainAttachAccess.getInstrumentation(PremainAttachAccess.java:80) ~[mockito-core-5.17.0.jar:na]
	at org.mockito.internal.creation.bytebuddy.InlineDelegateByteBuddyMockMaker.<clinit>(InlineDelegateByteBuddyMockMaker.java:138) ~[mockito-core-5.17.0.jar:na]
	... 19 common frames omitted

2025-11-04T16:40:08.963+03:00  WARN 18696 --- [medical-center-userservice] [main] o.s.test.context.TestContextManager      : Caught exception while invoking 'afterTestMethod' callback on TestExecutionListener [org.springframework.boot.test.mock.mockito.ResetMocksTestExecutionListener] for test method [void medicalcenter.userservice.repository.DoctorRepositoryTests.updateById_WithNullFields_ShouldUpdateWithNullValues()] and test instance [medicalcenter.userservice.repository.DoctorRepositoryTests@338f9bb5]

java.lang.IllegalStateException: Could not initialize plugin: interface org.mockito.plugins.MockMaker (alternate: null)
	at org.mockito.internal.configuration.plugins.PluginLoader$1.invoke(PluginLoader.java:85) ~[mockito-core-5.17.0.jar:na]
	at jdk.proxy1/jdk.proxy1.$Proxy150.getHandler(Unknown Source) ~[na:na]
	at org.mockito.internal.util.MockUtil.getMockHandlerOrNull(MockUtil.java:158) ~[mockito-core-5.17.0.jar:na]
	at org.mockito.internal.util.MockUtil.isMock(MockUtil.java:147) ~[mockito-core-5.17.0.jar:na]
	at org.mockito.internal.util.DefaultMockingDetails.isMock(DefaultMockingDetails.java:32) ~[mockito-core-5.17.0.jar:na]
	at org.springframework.boot.test.mock.mockito.MockReset.get(MockReset.java:109) ~[spring-boot-test-3.5.5.jar:3.5.5]
	at org.springframework.boot.test.mock.mockito.ResetMocksTestExecutionListener.resetMocks(ResetMocksTestExecutionListener.java:89) ~[spring-boot-test-3.5.5.jar:3.5.5]
	at org.springframework.boot.test.mock.mockito.ResetMocksTestExecutionListener.resetMocks(ResetMocksTestExecutionListener.java:77) ~[spring-boot-test-3.5.5.jar:3.5.5]
	at org.springframework.boot.test.mock.mockito.ResetMocksTestExecutionListener.afterTestMethod(ResetMocksTestExecutionListener.java:71) ~[spring-boot-test-3.5.5.jar:3.5.5]
	at org.springframework.test.context.TestContextManager.afterTestMethod(TestContextManager.java:488) ~[spring-test-6.2.10.jar:6.2.10]
	at org.springframework.test.context.junit.jupiter.SpringExtension.afterEach(SpringExtension.java:274) ~[spring-test-6.2.10.jar:6.2.10]
	at org.junit.jupiter.engine.descriptor.TestMethodTestDescriptor.lambda$invokeAfterEachCallbacks$12(TestMethodTestDescriptor.java:259) ~[junit-jupiter-engine-5.12.2.jar:5.12.2]
	at org.junit.jupiter.engine.descriptor.TestMethodTestDescriptor.lambda$invokeAllAfterMethodsOrCallbacks$13(TestMethodTestDescriptor.java:275) ~[junit-jupiter-engine-5.12.2.jar:5.12.2]
	at org.junit.platform.engine.support.hierarchical.ThrowableCollector.execute(ThrowableCollector.java:73) ~[junit-platform-engine-1.12.2.jar:1.12.2]
	at org.junit.jupiter.engine.descriptor.TestMethodTestDescriptor.lambda$invokeAllAfterMethodsOrCallbacks$14(TestMethodTestDescriptor.java:275) ~[junit-jupiter-engine-5.12.2.jar:5.12.2]
	at org.junit.platform.commons.util.CollectionUtils.forEachInReverseOrder(CollectionUtils.java:239) ~[junit-platform-commons-1.12.2.jar:1.12.2]
	at org.junit.jupiter.engine.descriptor.TestMethodTestDescriptor.invokeAllAfterMethodsOrCallbacks(TestMethodTestDescriptor.java:274) ~[junit-jupiter-engine-5.12.2.jar:5.12.2]
	at org.junit.jupiter.engine.descriptor.TestMethodTestDescriptor.invokeAfterEachCallbacks(TestMethodTestDescriptor.java:258) ~[junit-jupiter-engine-5.12.2.jar:5.12.2]
	at org.junit.jupiter.engine.descriptor.TestMethodTestDescriptor.execute(TestMethodTestDescriptor.java:143) ~[junit-jupiter-engine-5.12.2.jar:5.12.2]
	at org.junit.jupiter.engine.descriptor.TestMethodTestDescriptor.execute(TestMethodTestDescriptor.java:69) ~[junit-jupiter-engine-5.12.2.jar:5.12.2]
	at org.junit.platform.engine.support.hierarchical.NodeTestTask.lambda$executeRecursively$6(NodeTestTask.java:156) ~[junit-platform-engine-1.12.2.jar:1.12.2]
	at org.junit.platform.engine.support.hierarchical.ThrowableCollector.execute(ThrowableCollector.java:73) ~[junit-platform-engine-1.12.2.jar:1.12.2]
	at org.junit.platform.engine.support.hierarchical.NodeTestTask.lambda$executeRecursively$8(NodeTestTask.java:146) ~[junit-platform-engine-1.12.2.jar:1.12.2]
	at org.junit.platform.engine.support.hierarchical.Node.around(Node.java:137) ~[junit-platform-engine-1.12.2.jar:1.12.2]
	at org.junit.platform.engine.support.hierarchical.NodeTestTask.lambda$executeRecursively$9(NodeTestTask.java:144) ~[junit-platform-engine-1.12.2.jar:1.12.2]
	at org.junit.platform.engine.support.hierarchical.ThrowableCollector.execute(ThrowableCollector.java:73) ~[junit-platform-engine-1.12.2.jar:1.12.2]
	at org.junit.platform.engine.support.hierarchical.NodeTestTask.executeRecursively(NodeTestTask.java:143) ~[junit-platform-engine-1.12.2.jar:1.12.2]
	at org.junit.platform.engine.support.hierarchical.NodeTestTask.execute(NodeTestTask.java:100) ~[junit-platform-engine-1.12.2.jar:1.12.2]
	at java.base/java.util.ArrayList.forEach(ArrayList.java:1604) ~[na:na]
	at org.junit.platform.engine.support.hierarchical.SameThreadHierarchicalTestExecutorService.invokeAll(SameThreadHierarchicalTestExecutorService.java:41) ~[junit-platform-engine-1.12.2.jar:1.12.2]
	at org.junit.platform.engine.support.hierarchical.NodeTestTask.lambda$executeRecursively$6(NodeTestTask.java:160) ~[junit-platform-engine-1.12.2.jar:1.12.2]
	at org.junit.platform.engine.support.hierarchical.ThrowableCollector.execute(ThrowableCollector.java:73) ~[junit-platform-engine-1.12.2.jar:1.12.2]
	at org.junit.platform.engine.support.hierarchical.NodeTestTask.lambda$executeRecursively$8(NodeTestTask.java:146) ~[junit-platform-engine-1.12.2.jar:1.12.2]
	at org.junit.platform.engine.support.hierarchical.Node.around(Node.java:137) ~[junit-platform-engine-1.12.2.jar:1.12.2]
	at org.junit.platform.engine.support.hierarchical.NodeTestTask.lambda$executeRecursively$9(NodeTestTask.java:144) ~[junit-platform-engine-1.12.2.jar:1.12.2]
	at org.junit.platform.engine.support.hierarchical.ThrowableCollector.execute(ThrowableCollector.java:73) ~[junit-platform-engine-1.12.2.jar:1.12.2]
	at org.junit.platform.engine.support.hierarchical.NodeTestTask.executeRecursively(NodeTestTask.java:143) ~[junit-platform-engine-1.12.2.jar:1.12.2]
	at org.junit.platform.engine.support.hierarchical.NodeTestTask.execute(NodeTestTask.java:100) ~[junit-platform-engine-1.12.2.jar:1.12.2]
	at java.base/java.util.ArrayList.forEach(ArrayList.java:1604) ~[na:na]
	at org.junit.platform.engine.support.hierarchical.SameThreadHierarchicalTestExecutorService.invokeAll(SameThreadHierarchicalTestExecutorService.java:41) ~[junit-platform-engine-1.12.2.jar:1.12.2]
	at org.junit.platform.engine.support.hierarchical.NodeTestTask.lambda$executeRecursively$6(NodeTestTask.java:160) ~[junit-platform-engine-1.12.2.jar:1.12.2]
	at org.junit.platform.engine.support.hierarchical.ThrowableCollector.execute(ThrowableCollector.java:73) ~[junit-platform-engine-1.12.2.jar:1.12.2]
	at org.junit.platform.engine.support.hierarchical.NodeTestTask.lambda$executeRecursively$8(NodeTestTask.java:146) ~[junit-platform-engine-1.12.2.jar:1.12.2]
	at org.junit.platform.engine.support.hierarchical.Node.around(Node.java:137) ~[junit-platform-engine-1.12.2.jar:1.12.2]
	at org.junit.platform.engine.support.hierarchical.NodeTestTask.lambda$executeRecursively$9(NodeTestTask.java:144) ~[junit-platform-engine-1.12.2.jar:1.12.2]
	at org.junit.platform.engine.support.hierarchical.ThrowableCollector.execute(ThrowableCollector.java:73) ~[junit-platform-engine-1.12.2.jar:1.12.2]
	at org.junit.platform.engine.support.hierarchical.NodeTestTask.executeRecursively(NodeTestTask.java:143) ~[junit-platform-engine-1.12.2.jar:1.12.2]
	at org.junit.platform.engine.support.hierarchical.NodeTestTask.execute(NodeTestTask.java:100) ~[junit-platform-engine-1.12.2.jar:1.12.2]
	at org.junit.platform.engine.support.hierarchical.SameThreadHierarchicalTestExecutorService.submit(SameThreadHierarchicalTestExecutorService.java:35) ~[junit-platform-engine-1.12.2.jar:1.12.2]
	at org.junit.platform.engine.support.hierarchical.HierarchicalTestExecutor.execute(HierarchicalTestExecutor.java:57) ~[junit-platform-engine-1.12.2.jar:1.12.2]
	at org.junit.platform.engine.support.hierarchical.HierarchicalTestEngine.execute(HierarchicalTestEngine.java:54) ~[junit-platform-engine-1.12.2.jar:1.12.2]
	at org.junit.platform.launcher.core.EngineExecutionOrchestrator.execute(EngineExecutionOrchestrator.java:201) ~[junit-platform-launcher-1.12.2.jar:1.12.2]
	at org.junit.platform.launcher.core.EngineExecutionOrchestrator.execute(EngineExecutionOrchestrator.java:170) ~[junit-platform-launcher-1.12.2.jar:1.12.2]
	at org.junit.platform.launcher.core.EngineExecutionOrchestrator.execute(EngineExecutionOrchestrator.java:94) ~[junit-platform-launcher-1.12.2.jar:1.12.2]
	at org.junit.platform.launcher.core.EngineExecutionOrchestrator.lambda$execute$0(EngineExecutionOrchestrator.java:59) ~[junit-platform-launcher-1.12.2.jar:1.12.2]
	at org.junit.platform.launcher.core.EngineExecutionOrchestrator.withInterceptedStreams(EngineExecutionOrchestrator.java:142) ~[junit-platform-launcher-1.12.2.jar:1.12.2]
	at org.junit.platform.launcher.core.EngineExecutionOrchestrator.execute(EngineExecutionOrchestrator.java:58) ~[junit-platform-launcher-1.12.2.jar:1.12.2]
	at org.junit.platform.launcher.core.DefaultLauncher.execute(DefaultLauncher.java:103) ~[junit-platform-launcher-1.12.2.jar:1.12.2]
	at org.junit.platform.launcher.core.DefaultLauncher.execute(DefaultLauncher.java:85) ~[junit-platform-launcher-1.12.2.jar:1.12.2]
	at org.junit.platform.launcher.core.DelegatingLauncher.execute(DelegatingLauncher.java:47) ~[junit-platform-launcher-1.12.2.jar:1.12.2]
	at org.junit.platform.launcher.core.InterceptingLauncher.lambda$execute$1(InterceptingLauncher.java:39) ~[junit-platform-launcher-1.12.2.jar:1.12.2]
	at org.junit.platform.launcher.core.ClasspathAlignmentCheckingLauncherInterceptor.intercept(ClasspathAlignmentCheckingLauncherInterceptor.java:25) ~[junit-platform-launcher-1.12.2.jar:1.12.2]
	at org.junit.platform.launcher.core.InterceptingLauncher.execute(InterceptingLauncher.java:38) ~[junit-platform-launcher-1.12.2.jar:1.12.2]
	at org.junit.platform.launcher.core.DelegatingLauncher.execute(DelegatingLauncher.java:47) ~[junit-platform-launcher-1.12.2.jar:1.12.2]
	at org.junit.platform.launcher.core.SessionPerRequestLauncher.execute(SessionPerRequestLauncher.java:63) ~[junit-platform-launcher-1.12.2.jar:1.12.2]
	at com.intellij.junit5.JUnit5IdeaTestRunner.startRunnerWithArgs(JUnit5IdeaTestRunner.java:66) ~[junit5-rt.jar:na]
	at com.intellij.rt.junit.IdeaTestRunner$Repeater$1.execute(IdeaTestRunner.java:38) ~[junit-rt.jar:na]
	at com.intellij.rt.execution.junit.TestsRepeater.repeat(TestsRepeater.java:11) ~[idea_rt.jar:na]
	at com.intellij.rt.junit.IdeaTestRunner$Repeater.startRunnerWithArgs(IdeaTestRunner.java:35) ~[junit-rt.jar:na]
	at com.intellij.rt.junit.JUnitStarter.prepareStreamsAndStart(JUnitStarter.java:237) ~[junit-rt.jar:na]
	at com.intellij.rt.junit.JUnitStarter.main(JUnitStarter.java:58) ~[junit-rt.jar:na]
Caused by: java.lang.IllegalStateException: Internal problem occurred, please report it. Mockito is unable to load the default implementation of class that is a part of Mockito distribution. Failed to load interface org.mockito.plugins.MockMaker
	at org.mockito.internal.configuration.plugins.DefaultMockitoPlugins.create(DefaultMockitoPlugins.java:105) ~[mockito-core-5.17.0.jar:na]
	at org.mockito.internal.configuration.plugins.DefaultMockitoPlugins.getDefaultPlugin(DefaultMockitoPlugins.java:79) ~[mockito-core-5.17.0.jar:na]
	at org.mockito.internal.configuration.plugins.PluginLoader.loadPlugin(PluginLoader.java:75) ~[mockito-core-5.17.0.jar:na]
	at org.mockito.internal.configuration.plugins.PluginLoader.loadPlugin(PluginLoader.java:49) ~[mockito-core-5.17.0.jar:na]
	at org.mockito.internal.configuration.plugins.PluginRegistry.<init>(PluginRegistry.java:29) ~[mockito-core-5.17.0.jar:na]
	at org.mockito.internal.configuration.plugins.Plugins.<clinit>(Plugins.java:26) ~[mockito-core-5.17.0.jar:na]
	at org.mockito.internal.MockitoCore.<clinit>(MockitoCore.java:71) ~[mockito-core-5.17.0.jar:na]
	at org.mockito.Mockito.<clinit>(Mockito.java:1777) ~[mockito-core-5.17.0.jar:na]
	at org.springframework.boot.test.mock.mockito.MockReset.get(MockReset.java:108) ~[spring-boot-test-3.5.5.jar:3.5.5]
	at org.springframework.boot.test.mock.mockito.ResetMocksTestExecutionListener.resetMocks(ResetMocksTestExecutionListener.java:89) ~[spring-boot-test-3.5.5.jar:3.5.5]
	at org.springframework.boot.test.mock.mockito.ResetMocksTestExecutionListener.resetMocks(ResetMocksTestExecutionListener.java:77) ~[spring-boot-test-3.5.5.jar:3.5.5]
	at org.springframework.boot.test.mock.mockito.ResetMocksTestExecutionListener.beforeTestMethod(ResetMocksTestExecutionListener.java:64) ~[spring-boot-test-3.5.5.jar:3.5.5]
	at org.springframework.test.context.TestContextManager.beforeTestMethod(TestContextManager.java:320) ~[spring-test-6.2.10.jar:6.2.10]
	at org.springframework.test.context.junit.jupiter.SpringExtension.beforeEach(SpringExtension.java:236) ~[spring-test-6.2.10.jar:6.2.10]
	at java.base/java.util.ArrayList.forEach(ArrayList.java:1604) ~[na:na]
	at java.base/java.util.ArrayList.forEach(ArrayList.java:1604) ~[na:na]
Caused by: java.lang.reflect.InvocationTargetException: null
	at java.base/java.lang.reflect.Constructor.newInstanceWithCaller(Constructor.java:499) ~[na:na]
	at java.base/java.lang.reflect.Constructor.newInstance(Constructor.java:483) ~[na:na]
	at org.mockito.internal.configuration.plugins.DefaultMockitoPlugins.create(DefaultMockitoPlugins.java:103) ~[mockito-core-5.17.0.jar:na]
	... 15 common frames omitted
Caused by: org.mockito.exceptions.base.MockitoInitializationException: 
Could not initialize inline Byte Buddy mock maker.

It appears as if your JDK does not supply a working agent attachment mechanism.
Java               : 24
JVM vendor name    : Oracle Corporation
JVM vendor version : 24.0.2+11-jvmci-b01
JVM name           : Java HotSpot(TM) 64-Bit Server VM
JVM version        : 24.0.2+11-jvmci-b01
JVM info           : mixed mode, sharing
OS name            : Windows 10
OS version         : 10.0

	at org.mockito.internal.creation.bytebuddy.InlineDelegateByteBuddyMockMaker.<init>(InlineDelegateByteBuddyMockMaker.java:275) ~[mockito-core-5.17.0.jar:na]
	at org.mockito.internal.creation.bytebuddy.InlineByteBuddyMockMaker.<init>(InlineByteBuddyMockMaker.java:23) ~[mockito-core-5.17.0.jar:na]
	... 18 common frames omitted
Caused by: java.lang.IllegalStateException: Could not self-attach to current VM using external process - set a property net.bytebuddy.agent.attacher.dump to dump the process output to a file at the specified location
	at net.bytebuddy.agent.ByteBuddyAgent.installExternal(ByteBuddyAgent.java:672) ~[byte-buddy-agent-1.17.7.jar:na]
	at net.bytebuddy.agent.ByteBuddyAgent.install(ByteBuddyAgent.java:599) ~[byte-buddy-agent-1.17.7.jar:na]
	at net.bytebuddy.agent.ByteBuddyAgent.install(ByteBuddyAgent.java:579) ~[byte-buddy-agent-1.17.7.jar:na]
	at net.bytebuddy.agent.ByteBuddyAgent.install(ByteBuddyAgent.java:531) ~[byte-buddy-agent-1.17.7.jar:na]
	at net.bytebuddy.agent.ByteBuddyAgent.install(ByteBuddyAgent.java:508) ~[byte-buddy-agent-1.17.7.jar:na]
	at org.mockito.internal.PremainAttachAccess.getInstrumentation(PremainAttachAccess.java:80) ~[mockito-core-5.17.0.jar:na]
	at org.mockito.internal.creation.bytebuddy.InlineDelegateByteBuddyMockMaker.<clinit>(InlineDelegateByteBuddyMockMaker.java:138) ~[mockito-core-5.17.0.jar:na]
	... 19 common frames omitted

2025-11-04T16:40:08.970+03:00  WARN 18696 --- [medical-center-userservice] [main] o.s.test.context.TestContextManager      : Caught exception while invoking 'beforeTestMethod' callback on TestExecutionListener [org.springframework.boot.test.mock.mockito.ResetMocksTestExecutionListener] for test method [void medicalcenter.userservice.repository.DoctorRepositoryTests.findByRatingGreaterThanEqual_ShouldReturnDoctorsWithRatingAboveMin()] and test instance [medicalcenter.userservice.repository.DoctorRepositoryTests@5a372288]

java.lang.IllegalStateException: Could not initialize plugin: interface org.mockito.plugins.MockMaker (alternate: null)
	at org.mockito.internal.configuration.plugins.PluginLoader$1.invoke(PluginLoader.java:85) ~[mockito-core-5.17.0.jar:na]
	at jdk.proxy1/jdk.proxy1.$Proxy150.getHandler(Unknown Source) ~[na:na]
	at org.mockito.internal.util.MockUtil.getMockHandlerOrNull(MockUtil.java:158) ~[mockito-core-5.17.0.jar:na]
	at org.mockito.internal.util.MockUtil.isMock(MockUtil.java:147) ~[mockito-core-5.17.0.jar:na]
	at org.mockito.internal.util.DefaultMockingDetails.isMock(DefaultMockingDetails.java:32) ~[mockito-core-5.17.0.jar:na]
	at org.springframework.boot.test.mock.mockito.MockReset.get(MockReset.java:109) ~[spring-boot-test-3.5.5.jar:3.5.5]
	at org.springframework.boot.test.mock.mockito.ResetMocksTestExecutionListener.resetMocks(ResetMocksTestExecutionListener.java:89) ~[spring-boot-test-3.5.5.jar:3.5.5]
	at org.springframework.boot.test.mock.mockito.ResetMocksTestExecutionListener.resetMocks(ResetMocksTestExecutionListener.java:77) ~[spring-boot-test-3.5.5.jar:3.5.5]
	at org.springframework.boot.test.mock.mockito.ResetMocksTestExecutionListener.beforeTestMethod(ResetMocksTestExecutionListener.java:64) ~[spring-boot-test-3.5.5.jar:3.5.5]
	at org.springframework.test.context.TestContextManager.beforeTestMethod(TestContextManager.java:320) ~[spring-test-6.2.10.jar:6.2.10]
	at org.springframework.test.context.junit.jupiter.SpringExtension.beforeEach(SpringExtension.java:236) ~[spring-test-6.2.10.jar:6.2.10]
	at org.junit.jupiter.engine.descriptor.TestMethodTestDescriptor.lambda$invokeBeforeEachCallbacks$2(TestMethodTestDescriptor.java:165) ~[junit-jupiter-engine-5.12.2.jar:5.12.2]
	at org.junit.jupiter.engine.descriptor.TestMethodTestDescriptor.lambda$invokeBeforeMethodsOrCallbacksUntilExceptionOccurs$6(TestMethodTestDescriptor.java:201) ~[junit-jupiter-engine-5.12.2.jar:5.12.2]
	at org.junit.platform.engine.support.hierarchical.ThrowableCollector.execute(ThrowableCollector.java:73) ~[junit-platform-engine-1.12.2.jar:1.12.2]
	at org.junit.jupiter.engine.descriptor.TestMethodTestDescriptor.invokeBeforeMethodsOrCallbacksUntilExceptionOccurs(TestMethodTestDescriptor.java:201) ~[junit-jupiter-engine-5.12.2.jar:5.12.2]
	at org.junit.jupiter.engine.descriptor.TestMethodTestDescriptor.invokeBeforeEachCallbacks(TestMethodTestDescriptor.java:164) ~[junit-jupiter-engine-5.12.2.jar:5.12.2]
	at org.junit.jupiter.engine.descriptor.TestMethodTestDescriptor.execute(TestMethodTestDescriptor.java:131) ~[junit-jupiter-engine-5.12.2.jar:5.12.2]
	at org.junit.jupiter.engine.descriptor.TestMethodTestDescriptor.execute(TestMethodTestDescriptor.java:69) ~[junit-jupiter-engine-5.12.2.jar:5.12.2]
	at org.junit.platform.engine.support.hierarchical.NodeTestTask.lambda$executeRecursively$6(NodeTestTask.java:156) ~[junit-platform-engine-1.12.2.jar:1.12.2]
	at org.junit.platform.engine.support.hierarchical.ThrowableCollector.execute(ThrowableCollector.java:73) ~[junit-platform-engine-1.12.2.jar:1.12.2]
	at org.junit.platform.engine.support.hierarchical.NodeTestTask.lambda$executeRecursively$8(NodeTestTask.java:146) ~[junit-platform-engine-1.12.2.jar:1.12.2]
	at org.junit.platform.engine.support.hierarchical.Node.around(Node.java:137) ~[junit-platform-engine-1.12.2.jar:1.12.2]
	at org.junit.platform.engine.support.hierarchical.NodeTestTask.lambda$executeRecursively$9(NodeTestTask.java:144) ~[junit-platform-engine-1.12.2.jar:1.12.2]
	at org.junit.platform.engine.support.hierarchical.ThrowableCollector.execute(ThrowableCollector.java:73) ~[junit-platform-engine-1.12.2.jar:1.12.2]
	at org.junit.platform.engine.support.hierarchical.NodeTestTask.executeRecursively(NodeTestTask.java:143) ~[junit-platform-engine-1.12.2.jar:1.12.2]
	at org.junit.platform.engine.support.hierarchical.NodeTestTask.execute(NodeTestTask.java:100) ~[junit-platform-engine-1.12.2.jar:1.12.2]
	at java.base/java.util.ArrayList.forEach(ArrayList.java:1604) ~[na:na]
	at org.junit.platform.engine.support.hierarchical.SameThreadHierarchicalTestExecutorService.invokeAll(SameThreadHierarchicalTestExecutorService.java:41) ~[junit-platform-engine-1.12.2.jar:1.12.2]
	at org.junit.platform.engine.support.hierarchical.NodeTestTask.lambda$executeRecursively$6(NodeTestTask.java:160) ~[junit-platform-engine-1.12.2.jar:1.12.2]
	at org.junit.platform.engine.support.hierarchical.ThrowableCollector.execute(ThrowableCollector.java:73) ~[junit-platform-engine-1.12.2.jar:1.12.2]
	at org.junit.platform.engine.support.hierarchical.NodeTestTask.lambda$executeRecursively$8(NodeTestTask.java:146) ~[junit-platform-engine-1.12.2.jar:1.12.2]
	at org.junit.platform.engine.support.hierarchical.Node.around(Node.java:137) ~[junit-platform-engine-1.12.2.jar:1.12.2]
	at org.junit.platform.engine.support.hierarchical.NodeTestTask.lambda$executeRecursively$9(NodeTestTask.java:144) ~[junit-platform-engine-1.12.2.jar:1.12.2]
	at org.junit.platform.engine.support.hierarchical.ThrowableCollector.execute(ThrowableCollector.java:73) ~[junit-platform-engine-1.12.2.jar:1.12.2]
	at org.junit.platform.engine.support.hierarchical.NodeTestTask.executeRecursively(NodeTestTask.java:143) ~[junit-platform-engine-1.12.2.jar:1.12.2]
	at org.junit.platform.engine.support.hierarchical.NodeTestTask.execute(NodeTestTask.java:100) ~[junit-platform-engine-1.12.2.jar:1.12.2]
	at java.base/java.util.ArrayList.forEach(ArrayList.java:1604) ~[na:na]
	at org.junit.platform.engine.support.hierarchical.SameThreadHierarchicalTestExecutorService.invokeAll(SameThreadHierarchicalTestExecutorService.java:41) ~[junit-platform-engine-1.12.2.jar:1.12.2]
	at org.junit.platform.engine.support.hierarchical.NodeTestTask.lambda$executeRecursively$6(NodeTestTask.java:160) ~[junit-platform-engine-1.12.2.jar:1.12.2]
	at org.junit.platform.engine.support.hierarchical.ThrowableCollector.execute(ThrowableCollector.java:73) ~[junit-platform-engine-1.12.2.jar:1.12.2]
	at org.junit.platform.engine.support.hierarchical.NodeTestTask.lambda$executeRecursively$8(NodeTestTask.java:146) ~[junit-platform-engine-1.12.2.jar:1.12.2]
	at org.junit.platform.engine.support.hierarchical.Node.around(Node.java:137) ~[junit-platform-engine-1.12.2.jar:1.12.2]
	at org.junit.platform.engine.support.hierarchical.NodeTestTask.lambda$executeRecursively$9(NodeTestTask.java:144) ~[junit-platform-engine-1.12.2.jar:1.12.2]
	at org.junit.platform.engine.support.hierarchical.ThrowableCollector.execute(ThrowableCollector.java:73) ~[junit-platform-engine-1.12.2.jar:1.12.2]
	at org.junit.platform.engine.support.hierarchical.NodeTestTask.executeRecursively(NodeTestTask.java:143) ~[junit-platform-engine-1.12.2.jar:1.12.2]
	at org.junit.platform.engine.support.hierarchical.NodeTestTask.execute(NodeTestTask.java:100) ~[junit-platform-engine-1.12.2.jar:1.12.2]
	at org.junit.platform.engine.support.hierarchical.SameThreadHierarchicalTestExecutorService.submit(SameThreadHierarchicalTestExecutorService.java:35) ~[junit-platform-engine-1.12.2.jar:1.12.2]
	at org.junit.platform.engine.support.hierarchical.HierarchicalTestExecutor.execute(HierarchicalTestExecutor.java:57) ~[junit-platform-engine-1.12.2.jar:1.12.2]
	at org.junit.platform.engine.support.hierarchical.HierarchicalTestEngine.execute(HierarchicalTestEngine.java:54) ~[junit-platform-engine-1.12.2.jar:1.12.2]
	at org.junit.platform.launcher.core.EngineExecutionOrchestrator.execute(EngineExecutionOrchestrator.java:201) ~[junit-platform-launcher-1.12.2.jar:1.12.2]
	at org.junit.platform.launcher.core.EngineExecutionOrchestrator.execute(EngineExecutionOrchestrator.java:170) ~[junit-platform-launcher-1.12.2.jar:1.12.2]
	at org.junit.platform.launcher.core.EngineExecutionOrchestrator.execute(EngineExecutionOrchestrator.java:94) ~[junit-platform-launcher-1.12.2.jar:1.12.2]
	at org.junit.platform.launcher.core.EngineExecutionOrchestrator.lambda$execute$0(EngineExecutionOrchestrator.java:59) ~[junit-platform-launcher-1.12.2.jar:1.12.2]
	at org.junit.platform.launcher.core.EngineExecutionOrchestrator.withInterceptedStreams(EngineExecutionOrchestrator.java:142) ~[junit-platform-launcher-1.12.2.jar:1.12.2]
	at org.junit.platform.launcher.core.EngineExecutionOrchestrator.execute(EngineExecutionOrchestrator.java:58) ~[junit-platform-launcher-1.12.2.jar:1.12.2]
	at org.junit.platform.launcher.core.DefaultLauncher.execute(DefaultLauncher.java:103) ~[junit-platform-launcher-1.12.2.jar:1.12.2]
	at org.junit.platform.launcher.core.DefaultLauncher.execute(DefaultLauncher.java:85) ~[junit-platform-launcher-1.12.2.jar:1.12.2]
	at org.junit.platform.launcher.core.DelegatingLauncher.execute(DelegatingLauncher.java:47) ~[junit-platform-launcher-1.12.2.jar:1.12.2]
	at org.junit.platform.launcher.core.InterceptingLauncher.lambda$execute$1(InterceptingLauncher.java:39) ~[junit-platform-launcher-1.12.2.jar:1.12.2]
	at org.junit.platform.launcher.core.ClasspathAlignmentCheckingLauncherInterceptor.intercept(ClasspathAlignmentCheckingLauncherInterceptor.java:25) ~[junit-platform-launcher-1.12.2.jar:1.12.2]
	at org.junit.platform.launcher.core.InterceptingLauncher.execute(InterceptingLauncher.java:38) ~[junit-platform-launcher-1.12.2.jar:1.12.2]
	at org.junit.platform.launcher.core.DelegatingLauncher.execute(DelegatingLauncher.java:47) ~[junit-platform-launcher-1.12.2.jar:1.12.2]
	at org.junit.platform.launcher.core.SessionPerRequestLauncher.execute(SessionPerRequestLauncher.java:63) ~[junit-platform-launcher-1.12.2.jar:1.12.2]
	at com.intellij.junit5.JUnit5IdeaTestRunner.startRunnerWithArgs(JUnit5IdeaTestRunner.java:66) ~[junit5-rt.jar:na]
	at com.intellij.rt.junit.IdeaTestRunner$Repeater$1.execute(IdeaTestRunner.java:38) ~[junit-rt.jar:na]
	at com.intellij.rt.execution.junit.TestsRepeater.repeat(TestsRepeater.java:11) ~[idea_rt.jar:na]
	at com.intellij.rt.junit.IdeaTestRunner$Repeater.startRunnerWithArgs(IdeaTestRunner.java:35) ~[junit-rt.jar:na]
	at com.intellij.rt.junit.JUnitStarter.prepareStreamsAndStart(JUnitStarter.java:237) ~[junit-rt.jar:na]
	at com.intellij.rt.junit.JUnitStarter.main(JUnitStarter.java:58) ~[junit-rt.jar:na]
Caused by: java.lang.IllegalStateException: Internal problem occurred, please report it. Mockito is unable to load the default implementation of class that is a part of Mockito distribution. Failed to load interface org.mockito.plugins.MockMaker
	at org.mockito.internal.configuration.plugins.DefaultMockitoPlugins.create(DefaultMockitoPlugins.java:105) ~[mockito-core-5.17.0.jar:na]
	at org.mockito.internal.configuration.plugins.DefaultMockitoPlugins.getDefaultPlugin(DefaultMockitoPlugins.java:79) ~[mockito-core-5.17.0.jar:na]
	at org.mockito.internal.configuration.plugins.PluginLoader.loadPlugin(PluginLoader.java:75) ~[mockito-core-5.17.0.jar:na]
	at org.mockito.internal.configuration.plugins.PluginLoader.loadPlugin(PluginLoader.java:49) ~[mockito-core-5.17.0.jar:na]
	at org.mockito.internal.configuration.plugins.PluginRegistry.<init>(PluginRegistry.java:29) ~[mockito-core-5.17.0.jar:na]
	at org.mockito.internal.configuration.plugins.Plugins.<clinit>(Plugins.java:26) ~[mockito-core-5.17.0.jar:na]
	at org.mockito.internal.MockitoCore.<clinit>(MockitoCore.java:71) ~[mockito-core-5.17.0.jar:na]
	at org.mockito.Mockito.<clinit>(Mockito.java:1777) ~[mockito-core-5.17.0.jar:na]
	at org.springframework.boot.test.mock.mockito.MockReset.get(MockReset.java:108) ~[spring-boot-test-3.5.5.jar:3.5.5]
	at org.springframework.boot.test.mock.mockito.ResetMocksTestExecutionListener.resetMocks(ResetMocksTestExecutionListener.java:89) ~[spring-boot-test-3.5.5.jar:3.5.5]
	at org.springframework.boot.test.mock.mockito.ResetMocksTestExecutionListener.resetMocks(ResetMocksTestExecutionListener.java:77) ~[spring-boot-test-3.5.5.jar:3.5.5]
	at org.springframework.boot.test.mock.mockito.ResetMocksTestExecutionListener.beforeTestMethod(ResetMocksTestExecutionListener.java:64) ~[spring-boot-test-3.5.5.jar:3.5.5]
	at org.springframework.test.context.TestContextManager.beforeTestMethod(TestContextManager.java:320) ~[spring-test-6.2.10.jar:6.2.10]
	at org.springframework.test.context.junit.jupiter.SpringExtension.beforeEach(SpringExtension.java:236) ~[spring-test-6.2.10.jar:6.2.10]
	at java.base/java.util.ArrayList.forEach(ArrayList.java:1604) ~[na:na]
	at java.base/java.util.ArrayList.forEach(ArrayList.java:1604) ~[na:na]
Caused by: java.lang.reflect.InvocationTargetException: null
	at java.base/java.lang.reflect.Constructor.newInstanceWithCaller(Constructor.java:499) ~[na:na]
	at java.base/java.lang.reflect.Constructor.newInstance(Constructor.java:483) ~[na:na]
	at org.mockito.internal.configuration.plugins.DefaultMockitoPlugins.create(DefaultMockitoPlugins.java:103) ~[mockito-core-5.17.0.jar:na]
	... 15 common frames omitted
Caused by: org.mockito.exceptions.base.MockitoInitializationException: 
Could not initialize inline Byte Buddy mock maker.

It appears as if your JDK does not supply a working agent attachment mechanism.
Java               : 24
JVM vendor name    : Oracle Corporation
JVM vendor version : 24.0.2+11-jvmci-b01
JVM name           : Java HotSpot(TM) 64-Bit Server VM
JVM version        : 24.0.2+11-jvmci-b01
JVM info           : mixed mode, sharing
OS name            : Windows 10
OS version         : 10.0

	at org.mockito.internal.creation.bytebuddy.InlineDelegateByteBuddyMockMaker.<init>(InlineDelegateByteBuddyMockMaker.java:275) ~[mockito-core-5.17.0.jar:na]
	at org.mockito.internal.creation.bytebuddy.InlineByteBuddyMockMaker.<init>(InlineByteBuddyMockMaker.java:23) ~[mockito-core-5.17.0.jar:na]
	... 18 common frames omitted
Caused by: java.lang.IllegalStateException: Could not self-attach to current VM using external process - set a property net.bytebuddy.agent.attacher.dump to dump the process output to a file at the specified location
	at net.bytebuddy.agent.ByteBuddyAgent.installExternal(ByteBuddyAgent.java:672) ~[byte-buddy-agent-1.17.7.jar:na]
	at net.bytebuddy.agent.ByteBuddyAgent.install(ByteBuddyAgent.java:599) ~[byte-buddy-agent-1.17.7.jar:na]
	at net.bytebuddy.agent.ByteBuddyAgent.install(ByteBuddyAgent.java:579) ~[byte-buddy-agent-1.17.7.jar:na]
	at net.bytebuddy.agent.ByteBuddyAgent.install(ByteBuddyAgent.java:531) ~[byte-buddy-agent-1.17.7.jar:na]
	at net.bytebuddy.agent.ByteBuddyAgent.install(ByteBuddyAgent.java:508) ~[byte-buddy-agent-1.17.7.jar:na]
	at org.mockito.internal.PremainAttachAccess.getInstrumentation(PremainAttachAccess.java:80) ~[mockito-core-5.17.0.jar:na]
	at org.mockito.internal.creation.bytebuddy.InlineDelegateByteBuddyMockMaker.<clinit>(InlineDelegateByteBuddyMockMaker.java:138) ~[mockito-core-5.17.0.jar:na]
	... 19 common frames omitted

2025-11-04T16:40:08.976+03:00  WARN 18696 --- [medical-center-userservice] [main] o.s.test.context.TestContextManager      : Caught exception while invoking 'afterTestMethod' callback on TestExecutionListener [org.springframework.boot.test.mock.mockito.ResetMocksTestExecutionListener] for test method [void medicalcenter.userservice.repository.DoctorRepositoryTests.findByRatingGreaterThanEqual_ShouldReturnDoctorsWithRatingAboveMin()] and test instance [medicalcenter.userservice.repository.DoctorRepositoryTests@5a372288]

java.lang.IllegalStateException: Could not initialize plugin: interface org.mockito.plugins.MockMaker (alternate: null)
	at org.mockito.internal.configuration.plugins.PluginLoader$1.invoke(PluginLoader.java:85) ~[mockito-core-5.17.0.jar:na]
	at jdk.proxy1/jdk.proxy1.$Proxy150.getHandler(Unknown Source) ~[na:na]
	at org.mockito.internal.util.MockUtil.getMockHandlerOrNull(MockUtil.java:158) ~[mockito-core-5.17.0.jar:na]
	at org.mockito.internal.util.MockUtil.isMock(MockUtil.java:147) ~[mockito-core-5.17.0.jar:na]
	at org.mockito.internal.util.DefaultMockingDetails.isMock(DefaultMockingDetails.java:32) ~[mockito-core-5.17.0.jar:na]
	at org.springframework.boot.test.mock.mockito.MockReset.get(MockReset.java:109) ~[spring-boot-test-3.5.5.jar:3.5.5]
	at org.springframework.boot.test.mock.mockito.ResetMocksTestExecutionListener.resetMocks(ResetMocksTestExecutionListener.java:89) ~[spring-boot-test-3.5.5.jar:3.5.5]
	at org.springframework.boot.test.mock.mockito.ResetMocksTestExecutionListener.resetMocks(ResetMocksTestExecutionListener.java:77) ~[spring-boot-test-3.5.5.jar:3.5.5]
	at org.springframework.boot.test.mock.mockito.ResetMocksTestExecutionListener.afterTestMethod(ResetMocksTestExecutionListener.java:71) ~[spring-boot-test-3.5.5.jar:3.5.5]
	at org.springframework.test.context.TestContextManager.afterTestMethod(TestContextManager.java:488) ~[spring-test-6.2.10.jar:6.2.10]
	at org.springframework.test.context.junit.jupiter.SpringExtension.afterEach(SpringExtension.java:274) ~[spring-test-6.2.10.jar:6.2.10]
	at org.junit.jupiter.engine.descriptor.TestMethodTestDescriptor.lambda$invokeAfterEachCallbacks$12(TestMethodTestDescriptor.java:259) ~[junit-jupiter-engine-5.12.2.jar:5.12.2]
	at org.junit.jupiter.engine.descriptor.TestMethodTestDescriptor.lambda$invokeAllAfterMethodsOrCallbacks$13(TestMethodTestDescriptor.java:275) ~[junit-jupiter-engine-5.12.2.jar:5.12.2]
	at org.junit.platform.engine.support.hierarchical.ThrowableCollector.execute(ThrowableCollector.java:73) ~[junit-platform-engine-1.12.2.jar:1.12.2]
	at org.junit.jupiter.engine.descriptor.TestMethodTestDescriptor.lambda$invokeAllAfterMethodsOrCallbacks$14(TestMethodTestDescriptor.java:275) ~[junit-jupiter-engine-5.12.2.jar:5.12.2]
	at org.junit.platform.commons.util.CollectionUtils.forEachInReverseOrder(CollectionUtils.java:239) ~[junit-platform-commons-1.12.2.jar:1.12.2]
	at org.junit.jupiter.engine.descriptor.TestMethodTestDescriptor.invokeAllAfterMethodsOrCallbacks(TestMethodTestDescriptor.java:274) ~[junit-jupiter-engine-5.12.2.jar:5.12.2]
	at org.junit.jupiter.engine.descriptor.TestMethodTestDescriptor.invokeAfterEachCallbacks(TestMethodTestDescriptor.java:258) ~[junit-jupiter-engine-5.12.2.jar:5.12.2]
	at org.junit.jupiter.engine.descriptor.TestMethodTestDescriptor.execute(TestMethodTestDescriptor.java:143) ~[junit-jupiter-engine-5.12.2.jar:5.12.2]
	at org.junit.jupiter.engine.descriptor.TestMethodTestDescriptor.execute(TestMethodTestDescriptor.java:69) ~[junit-jupiter-engine-5.12.2.jar:5.12.2]
	at org.junit.platform.engine.support.hierarchical.NodeTestTask.lambda$executeRecursively$6(NodeTestTask.java:156) ~[junit-platform-engine-1.12.2.jar:1.12.2]
	at org.junit.platform.engine.support.hierarchical.ThrowableCollector.execute(ThrowableCollector.java:73) ~[junit-platform-engine-1.12.2.jar:1.12.2]
	at org.junit.platform.engine.support.hierarchical.NodeTestTask.lambda$executeRecursively$8(NodeTestTask.java:146) ~[junit-platform-engine-1.12.2.jar:1.12.2]
	at org.junit.platform.engine.support.hierarchical.Node.around(Node.java:137) ~[junit-platform-engine-1.12.2.jar:1.12.2]
	at org.junit.platform.engine.support.hierarchical.NodeTestTask.lambda$executeRecursively$9(NodeTestTask.java:144) ~[junit-platform-engine-1.12.2.jar:1.12.2]
	at org.junit.platform.engine.support.hierarchical.ThrowableCollector.execute(ThrowableCollector.java:73) ~[junit-platform-engine-1.12.2.jar:1.12.2]
	at org.junit.platform.engine.support.hierarchical.NodeTestTask.executeRecursively(NodeTestTask.java:143) ~[junit-platform-engine-1.12.2.jar:1.12.2]
	at org.junit.platform.engine.support.hierarchical.NodeTestTask.execute(NodeTestTask.java:100) ~[junit-platform-engine-1.12.2.jar:1.12.2]
	at java.base/java.util.ArrayList.forEach(ArrayList.java:1604) ~[na:na]
	at org.junit.platform.engine.support.hierarchical.SameThreadHierarchicalTestExecutorService.invokeAll(SameThreadHierarchicalTestExecutorService.java:41) ~[junit-platform-engine-1.12.2.jar:1.12.2]
	at org.junit.platform.engine.support.hierarchical.NodeTestTask.lambda$executeRecursively$6(NodeTestTask.java:160) ~[junit-platform-engine-1.12.2.jar:1.12.2]
	at org.junit.platform.engine.support.hierarchical.ThrowableCollector.execute(ThrowableCollector.java:73) ~[junit-platform-engine-1.12.2.jar:1.12.2]
	at org.junit.platform.engine.support.hierarchical.NodeTestTask.lambda$executeRecursively$8(NodeTestTask.java:146) ~[junit-platform-engine-1.12.2.jar:1.12.2]
	at org.junit.platform.engine.support.hierarchical.Node.around(Node.java:137) ~[junit-platform-engine-1.12.2.jar:1.12.2]
	at org.junit.platform.engine.support.hierarchical.NodeTestTask.lambda$executeRecursively$9(NodeTestTask.java:144) ~[junit-platform-engine-1.12.2.jar:1.12.2]
	at org.junit.platform.engine.support.hierarchical.ThrowableCollector.execute(ThrowableCollector.java:73) ~[junit-platform-engine-1.12.2.jar:1.12.2]
	at org.junit.platform.engine.support.hierarchical.NodeTestTask.executeRecursively(NodeTestTask.java:143) ~[junit-platform-engine-1.12.2.jar:1.12.2]
	at org.junit.platform.engine.support.hierarchical.NodeTestTask.execute(NodeTestTask.java:100) ~[junit-platform-engine-1.12.2.jar:1.12.2]
	at java.base/java.util.ArrayList.forEach(ArrayList.java:1604) ~[na:na]
	at org.junit.platform.engine.support.hierarchical.SameThreadHierarchicalTestExecutorService.invokeAll(SameThreadHierarchicalTestExecutorService.java:41) ~[junit-platform-engine-1.12.2.jar:1.12.2]
	at org.junit.platform.engine.support.hierarchical.NodeTestTask.lambda$executeRecursively$6(NodeTestTask.java:160) ~[junit-platform-engine-1.12.2.jar:1.12.2]
	at org.junit.platform.engine.support.hierarchical.ThrowableCollector.execute(ThrowableCollector.java:73) ~[junit-platform-engine-1.12.2.jar:1.12.2]
	at org.junit.platform.engine.support.hierarchical.NodeTestTask.lambda$executeRecursively$8(NodeTestTask.java:146) ~[junit-platform-engine-1.12.2.jar:1.12.2]
	at org.junit.platform.engine.support.hierarchical.Node.around(Node.java:137) ~[junit-platform-engine-1.12.2.jar:1.12.2]
	at org.junit.platform.engine.support.hierarchical.NodeTestTask.lambda$executeRecursively$9(NodeTestTask.java:144) ~[junit-platform-engine-1.12.2.jar:1.12.2]
	at org.junit.platform.engine.support.hierarchical.ThrowableCollector.execute(ThrowableCollector.java:73) ~[junit-platform-engine-1.12.2.jar:1.12.2]
	at org.junit.platform.engine.support.hierarchical.NodeTestTask.executeRecursively(NodeTestTask.java:143) ~[junit-platform-engine-1.12.2.jar:1.12.2]
	at org.junit.platform.engine.support.hierarchical.NodeTestTask.execute(NodeTestTask.java:100) ~[junit-platform-engine-1.12.2.jar:1.12.2]
	at org.junit.platform.engine.support.hierarchical.SameThreadHierarchicalTestExecutorService.submit(SameThreadHierarchicalTestExecutorService.java:35) ~[junit-platform-engine-1.12.2.jar:1.12.2]
	at org.junit.platform.engine.support.hierarchical.HierarchicalTestExecutor.execute(HierarchicalTestExecutor.java:57) ~[junit-platform-engine-1.12.2.jar:1.12.2]
	at org.junit.platform.engine.support.hierarchical.HierarchicalTestEngine.execute(HierarchicalTestEngine.java:54) ~[junit-platform-engine-1.12.2.jar:1.12.2]
	at org.junit.platform.launcher.core.EngineExecutionOrchestrator.execute(EngineExecutionOrchestrator.java:201) ~[junit-platform-launcher-1.12.2.jar:1.12.2]
	at org.junit.platform.launcher.core.EngineExecutionOrchestrator.execute(EngineExecutionOrchestrator.java:170) ~[junit-platform-launcher-1.12.2.jar:1.12.2]
	at org.junit.platform.launcher.core.EngineExecutionOrchestrator.execute(EngineExecutionOrchestrator.java:94) ~[junit-platform-launcher-1.12.2.jar:1.12.2]
	at org.junit.platform.launcher.core.EngineExecutionOrchestrator.lambda$execute$0(EngineExecutionOrchestrator.java:59) ~[junit-platform-launcher-1.12.2.jar:1.12.2]
	at org.junit.platform.launcher.core.EngineExecutionOrchestrator.withInterceptedStreams(EngineExecutionOrchestrator.java:142) ~[junit-platform-launcher-1.12.2.jar:1.12.2]
	at org.junit.platform.launcher.core.EngineExecutionOrchestrator.execute(EngineExecutionOrchestrator.java:58) ~[junit-platform-launcher-1.12.2.jar:1.12.2]
	at org.junit.platform.launcher.core.DefaultLauncher.execute(DefaultLauncher.java:103) ~[junit-platform-launcher-1.12.2.jar:1.12.2]
	at org.junit.platform.launcher.core.DefaultLauncher.execute(DefaultLauncher.java:85) ~[junit-platform-launcher-1.12.2.jar:1.12.2]
	at org.junit.platform.launcher.core.DelegatingLauncher.execute(DelegatingLauncher.java:47) ~[junit-platform-launcher-1.12.2.jar:1.12.2]
	at org.junit.platform.launcher.core.InterceptingLauncher.lambda$execute$1(InterceptingLauncher.java:39) ~[junit-platform-launcher-1.12.2.jar:1.12.2]
	at org.junit.platform.launcher.core.ClasspathAlignmentCheckingLauncherInterceptor.intercept(ClasspathAlignmentCheckingLauncherInterceptor.java:25) ~[junit-platform-launcher-1.12.2.jar:1.12.2]
	at org.junit.platform.launcher.core.InterceptingLauncher.execute(InterceptingLauncher.java:38) ~[junit-platform-launcher-1.12.2.jar:1.12.2]
	at org.junit.platform.launcher.core.DelegatingLauncher.execute(DelegatingLauncher.java:47) ~[junit-platform-launcher-1.12.2.jar:1.12.2]
	at org.junit.platform.launcher.core.SessionPerRequestLauncher.execute(SessionPerRequestLauncher.java:63) ~[junit-platform-launcher-1.12.2.jar:1.12.2]
	at com.intellij.junit5.JUnit5IdeaTestRunner.startRunnerWithArgs(JUnit5IdeaTestRunner.java:66) ~[junit5-rt.jar:na]
	at com.intellij.rt.junit.IdeaTestRunner$Repeater$1.execute(IdeaTestRunner.java:38) ~[junit-rt.jar:na]
	at com.intellij.rt.execution.junit.TestsRepeater.repeat(TestsRepeater.java:11) ~[idea_rt.jar:na]
	at com.intellij.rt.junit.IdeaTestRunner$Repeater.startRunnerWithArgs(IdeaTestRunner.java:35) ~[junit-rt.jar:na]
	at com.intellij.rt.junit.JUnitStarter.prepareStreamsAndStart(JUnitStarter.java:237) ~[junit-rt.jar:na]
	at com.intellij.rt.junit.JUnitStarter.main(JUnitStarter.java:58) ~[junit-rt.jar:na]
Caused by: java.lang.IllegalStateException: Internal problem occurred, please report it. Mockito is unable to load the default implementation of class that is a part of Mockito distribution. Failed to load interface org.mockito.plugins.MockMaker
	at org.mockito.internal.configuration.plugins.DefaultMockitoPlugins.create(DefaultMockitoPlugins.java:105) ~[mockito-core-5.17.0.jar:na]
	at org.mockito.internal.configuration.plugins.DefaultMockitoPlugins.getDefaultPlugin(DefaultMockitoPlugins.java:79) ~[mockito-core-5.17.0.jar:na]
	at org.mockito.internal.configuration.plugins.PluginLoader.loadPlugin(PluginLoader.java:75) ~[mockito-core-5.17.0.jar:na]
	at org.mockito.internal.configuration.plugins.PluginLoader.loadPlugin(PluginLoader.java:49) ~[mockito-core-5.17.0.jar:na]
	at org.mockito.internal.configuration.plugins.PluginRegistry.<init>(PluginRegistry.java:29) ~[mockito-core-5.17.0.jar:na]
	at org.mockito.internal.configuration.plugins.Plugins.<clinit>(Plugins.java:26) ~[mockito-core-5.17.0.jar:na]
	at org.mockito.internal.MockitoCore.<clinit>(MockitoCore.java:71) ~[mockito-core-5.17.0.jar:na]
	at org.mockito.Mockito.<clinit>(Mockito.java:1777) ~[mockito-core-5.17.0.jar:na]
	at org.springframework.boot.test.mock.mockito.MockReset.get(MockReset.java:108) ~[spring-boot-test-3.5.5.jar:3.5.5]
	at org.springframework.boot.test.mock.mockito.ResetMocksTestExecutionListener.resetMocks(ResetMocksTestExecutionListener.java:89) ~[spring-boot-test-3.5.5.jar:3.5.5]
	at org.springframework.boot.test.mock.mockito.ResetMocksTestExecutionListener.resetMocks(ResetMocksTestExecutionListener.java:77) ~[spring-boot-test-3.5.5.jar:3.5.5]
	at org.springframework.boot.test.mock.mockito.ResetMocksTestExecutionListener.beforeTestMethod(ResetMocksTestExecutionListener.java:64) ~[spring-boot-test-3.5.5.jar:3.5.5]
	at org.springframework.test.context.TestContextManager.beforeTestMethod(TestContextManager.java:320) ~[spring-test-6.2.10.jar:6.2.10]
	at org.springframework.test.context.junit.jupiter.SpringExtension.beforeEach(SpringExtension.java:236) ~[spring-test-6.2.10.jar:6.2.10]
	at java.base/java.util.ArrayList.forEach(ArrayList.java:1604) ~[na:na]
	at java.base/java.util.ArrayList.forEach(ArrayList.java:1604) ~[na:na]
Caused by: java.lang.reflect.InvocationTargetException: null
	at java.base/java.lang.reflect.Constructor.newInstanceWithCaller(Constructor.java:499) ~[na:na]
	at java.base/java.lang.reflect.Constructor.newInstance(Constructor.java:483) ~[na:na]
	at org.mockito.internal.configuration.plugins.DefaultMockitoPlugins.create(DefaultMockitoPlugins.java:103) ~[mockito-core-5.17.0.jar:na]
	... 15 common frames omitted
Caused by: org.mockito.exceptions.base.MockitoInitializationException: 
Could not initialize inline Byte Buddy mock maker.

It appears as if your JDK does not supply a working agent attachment mechanism.
Java               : 24
JVM vendor name    : Oracle Corporation
JVM vendor version : 24.0.2+11-jvmci-b01
JVM name           : Java HotSpot(TM) 64-Bit Server VM
JVM version        : 24.0.2+11-jvmci-b01
JVM info           : mixed mode, sharing
OS name            : Windows 10
OS version         : 10.0

	at org.mockito.internal.creation.bytebuddy.InlineDelegateByteBuddyMockMaker.<init>(InlineDelegateByteBuddyMockMaker.java:275) ~[mockito-core-5.17.0.jar:na]
	at org.mockito.internal.creation.bytebuddy.InlineByteBuddyMockMaker.<init>(InlineByteBuddyMockMaker.java:23) ~[mockito-core-5.17.0.jar:na]
	... 18 common frames omitted
Caused by: java.lang.IllegalStateException: Could not self-attach to current VM using external process - set a property net.bytebuddy.agent.attacher.dump to dump the process output to a file at the specified location
	at net.bytebuddy.agent.ByteBuddyAgent.installExternal(ByteBuddyAgent.java:672) ~[byte-buddy-agent-1.17.7.jar:na]
	at net.bytebuddy.agent.ByteBuddyAgent.install(ByteBuddyAgent.java:599) ~[byte-buddy-agent-1.17.7.jar:na]
	at net.bytebuddy.agent.ByteBuddyAgent.install(ByteBuddyAgent.java:579) ~[byte-buddy-agent-1.17.7.jar:na]
	at net.bytebuddy.agent.ByteBuddyAgent.install(ByteBuddyAgent.java:531) ~[byte-buddy-agent-1.17.7.jar:na]
	at net.bytebuddy.agent.ByteBuddyAgent.install(ByteBuddyAgent.java:508) ~[byte-buddy-agent-1.17.7.jar:na]
	at org.mockito.internal.PremainAttachAccess.getInstrumentation(PremainAttachAccess.java:80) ~[mockito-core-5.17.0.jar:na]
	at org.mockito.internal.creation.bytebuddy.InlineDelegateByteBuddyMockMaker.<clinit>(InlineDelegateByteBuddyMockMaker.java:138) ~[mockito-core-5.17.0.jar:na]
	... 19 common frames omitted

2025-11-04T16:40:08.986+03:00  WARN 18696 --- [medical-center-userservice] [main] o.s.test.context.TestContextManager      : Caught exception while invoking 'beforeTestMethod' callback on TestExecutionListener [org.springframework.boot.test.mock.mockito.ResetMocksTestExecutionListener] for test method [void medicalcenter.userservice.repository.DoctorRepositoryTests.findAll_ShouldReturnAllDoctors()] and test instance [medicalcenter.userservice.repository.DoctorRepositoryTests@10c88d11]

java.lang.IllegalStateException: Could not initialize plugin: interface org.mockito.plugins.MockMaker (alternate: null)
	at org.mockito.internal.configuration.plugins.PluginLoader$1.invoke(PluginLoader.java:85) ~[mockito-core-5.17.0.jar:na]
	at jdk.proxy1/jdk.proxy1.$Proxy150.getHandler(Unknown Source) ~[na:na]
	at org.mockito.internal.util.MockUtil.getMockHandlerOrNull(MockUtil.java:158) ~[mockito-core-5.17.0.jar:na]
	at org.mockito.internal.util.MockUtil.isMock(MockUtil.java:147) ~[mockito-core-5.17.0.jar:na]
	at org.mockito.internal.util.DefaultMockingDetails.isMock(DefaultMockingDetails.java:32) ~[mockito-core-5.17.0.jar:na]
	at org.springframework.boot.test.mock.mockito.MockReset.get(MockReset.java:109) ~[spring-boot-test-3.5.5.jar:3.5.5]
	at org.springframework.boot.test.mock.mockito.ResetMocksTestExecutionListener.resetMocks(ResetMocksTestExecutionListener.java:89) ~[spring-boot-test-3.5.5.jar:3.5.5]
	at org.springframework.boot.test.mock.mockito.ResetMocksTestExecutionListener.resetMocks(ResetMocksTestExecutionListener.java:77) ~[spring-boot-test-3.5.5.jar:3.5.5]
	at org.springframework.boot.test.mock.mockito.ResetMocksTestExecutionListener.beforeTestMethod(ResetMocksTestExecutionListener.java:64) ~[spring-boot-test-3.5.5.jar:3.5.5]
	at org.springframework.test.context.TestContextManager.beforeTestMethod(TestContextManager.java:320) ~[spring-test-6.2.10.jar:6.2.10]
	at org.springframework.test.context.junit.jupiter.SpringExtension.beforeEach(SpringExtension.java:236) ~[spring-test-6.2.10.jar:6.2.10]
	at org.junit.jupiter.engine.descriptor.TestMethodTestDescriptor.lambda$invokeBeforeEachCallbacks$2(TestMethodTestDescriptor.java:165) ~[junit-jupiter-engine-5.12.2.jar:5.12.2]
	at org.junit.jupiter.engine.descriptor.TestMethodTestDescriptor.lambda$invokeBeforeMethodsOrCallbacksUntilExceptionOccurs$6(TestMethodTestDescriptor.java:201) ~[junit-jupiter-engine-5.12.2.jar:5.12.2]
	at org.junit.platform.engine.support.hierarchical.ThrowableCollector.execute(ThrowableCollector.java:73) ~[junit-platform-engine-1.12.2.jar:1.12.2]
	at org.junit.jupiter.engine.descriptor.TestMethodTestDescriptor.invokeBeforeMethodsOrCallbacksUntilExceptionOccurs(TestMethodTestDescriptor.java:201) ~[junit-jupiter-engine-5.12.2.jar:5.12.2]
	at org.junit.jupiter.engine.descriptor.TestMethodTestDescriptor.invokeBeforeEachCallbacks(TestMethodTestDescriptor.java:164) ~[junit-jupiter-engine-5.12.2.jar:5.12.2]
	at org.junit.jupiter.engine.descriptor.TestMethodTestDescriptor.execute(TestMethodTestDescriptor.java:131) ~[junit-jupiter-engine-5.12.2.jar:5.12.2]
	at org.junit.jupiter.engine.descriptor.TestMethodTestDescriptor.execute(TestMethodTestDescriptor.java:69) ~[junit-jupiter-engine-5.12.2.jar:5.12.2]
	at org.junit.platform.engine.support.hierarchical.NodeTestTask.lambda$executeRecursively$6(NodeTestTask.java:156) ~[junit-platform-engine-1.12.2.jar:1.12.2]
	at org.junit.platform.engine.support.hierarchical.ThrowableCollector.execute(ThrowableCollector.java:73) ~[junit-platform-engine-1.12.2.jar:1.12.2]
	at org.junit.platform.engine.support.hierarchical.NodeTestTask.lambda$executeRecursively$8(NodeTestTask.java:146) ~[junit-platform-engine-1.12.2.jar:1.12.2]
	at org.junit.platform.engine.support.hierarchical.Node.around(Node.java:137) ~[junit-platform-engine-1.12.2.jar:1.12.2]
	at org.junit.platform.engine.support.hierarchical.NodeTestTask.lambda$executeRecursively$9(NodeTestTask.java:144) ~[junit-platform-engine-1.12.2.jar:1.12.2]
	at org.junit.platform.engine.support.hierarchical.ThrowableCollector.execute(ThrowableCollector.java:73) ~[junit-platform-engine-1.12.2.jar:1.12.2]
	at org.junit.platform.engine.support.hierarchical.NodeTestTask.executeRecursively(NodeTestTask.java:143) ~[junit-platform-engine-1.12.2.jar:1.12.2]
	at org.junit.platform.engine.support.hierarchical.NodeTestTask.execute(NodeTestTask.java:100) ~[junit-platform-engine-1.12.2.jar:1.12.2]
	at java.base/java.util.ArrayList.forEach(ArrayList.java:1604) ~[na:na]
	at org.junit.platform.engine.support.hierarchical.SameThreadHierarchicalTestExecutorService.invokeAll(SameThreadHierarchicalTestExecutorService.java:41) ~[junit-platform-engine-1.12.2.jar:1.12.2]
	at org.junit.platform.engine.support.hierarchical.NodeTestTask.lambda$executeRecursively$6(NodeTestTask.java:160) ~[junit-platform-engine-1.12.2.jar:1.12.2]
	at org.junit.platform.engine.support.hierarchical.ThrowableCollector.execute(ThrowableCollector.java:73) ~[junit-platform-engine-1.12.2.jar:1.12.2]
	at org.junit.platform.engine.support.hierarchical.NodeTestTask.lambda$executeRecursively$8(NodeTestTask.java:146) ~[junit-platform-engine-1.12.2.jar:1.12.2]
	at org.junit.platform.engine.support.hierarchical.Node.around(Node.java:137) ~[junit-platform-engine-1.12.2.jar:1.12.2]
	at org.junit.platform.engine.support.hierarchical.NodeTestTask.lambda$executeRecursively$9(NodeTestTask.java:144) ~[junit-platform-engine-1.12.2.jar:1.12.2]
	at org.junit.platform.engine.support.hierarchical.ThrowableCollector.execute(ThrowableCollector.java:73) ~[junit-platform-engine-1.12.2.jar:1.12.2]
	at org.junit.platform.engine.support.hierarchical.NodeTestTask.executeRecursively(NodeTestTask.java:143) ~[junit-platform-engine-1.12.2.jar:1.12.2]
	at org.junit.platform.engine.support.hierarchical.NodeTestTask.execute(NodeTestTask.java:100) ~[junit-platform-engine-1.12.2.jar:1.12.2]
	at java.base/java.util.ArrayList.forEach(ArrayList.java:1604) ~[na:na]
	at org.junit.platform.engine.support.hierarchical.SameThreadHierarchicalTestExecutorService.invokeAll(SameThreadHierarchicalTestExecutorService.java:41) ~[junit-platform-engine-1.12.2.jar:1.12.2]
	at org.junit.platform.engine.support.hierarchical.NodeTestTask.lambda$executeRecursively$6(NodeTestTask.java:160) ~[junit-platform-engine-1.12.2.jar:1.12.2]
	at org.junit.platform.engine.support.hierarchical.ThrowableCollector.execute(ThrowableCollector.java:73) ~[junit-platform-engine-1.12.2.jar:1.12.2]
	at org.junit.platform.engine.support.hierarchical.NodeTestTask.lambda$executeRecursively$8(NodeTestTask.java:146) ~[junit-platform-engine-1.12.2.jar:1.12.2]
	at org.junit.platform.engine.support.hierarchical.Node.around(Node.java:137) ~[junit-platform-engine-1.12.2.jar:1.12.2]
	at org.junit.platform.engine.support.hierarchical.NodeTestTask.lambda$executeRecursively$9(NodeTestTask.java:144) ~[junit-platform-engine-1.12.2.jar:1.12.2]
	at org.junit.platform.engine.support.hierarchical.ThrowableCollector.execute(ThrowableCollector.java:73) ~[junit-platform-engine-1.12.2.jar:1.12.2]
	at org.junit.platform.engine.support.hierarchical.NodeTestTask.executeRecursively(NodeTestTask.java:143) ~[junit-platform-engine-1.12.2.jar:1.12.2]
	at org.junit.platform.engine.support.hierarchical.NodeTestTask.execute(NodeTestTask.java:100) ~[junit-platform-engine-1.12.2.jar:1.12.2]
	at org.junit.platform.engine.support.hierarchical.SameThreadHierarchicalTestExecutorService.submit(SameThreadHierarchicalTestExecutorService.java:35) ~[junit-platform-engine-1.12.2.jar:1.12.2]
	at org.junit.platform.engine.support.hierarchical.HierarchicalTestExecutor.execute(HierarchicalTestExecutor.java:57) ~[junit-platform-engine-1.12.2.jar:1.12.2]
	at org.junit.platform.engine.support.hierarchical.HierarchicalTestEngine.execute(HierarchicalTestEngine.java:54) ~[junit-platform-engine-1.12.2.jar:1.12.2]
	at org.junit.platform.launcher.core.EngineExecutionOrchestrator.execute(EngineExecutionOrchestrator.java:201) ~[junit-platform-launcher-1.12.2.jar:1.12.2]
	at org.junit.platform.launcher.core.EngineExecutionOrchestrator.execute(EngineExecutionOrchestrator.java:170) ~[junit-platform-launcher-1.12.2.jar:1.12.2]
	at org.junit.platform.launcher.core.EngineExecutionOrchestrator.execute(EngineExecutionOrchestrator.java:94) ~[junit-platform-launcher-1.12.2.jar:1.12.2]
	at org.junit.platform.launcher.core.EngineExecutionOrchestrator.lambda$execute$0(EngineExecutionOrchestrator.java:59) ~[junit-platform-launcher-1.12.2.jar:1.12.2]
	at org.junit.platform.launcher.core.EngineExecutionOrchestrator.withInterceptedStreams(EngineExecutionOrchestrator.java:142) ~[junit-platform-launcher-1.12.2.jar:1.12.2]
	at org.junit.platform.launcher.core.EngineExecutionOrchestrator.execute(EngineExecutionOrchestrator.java:58) ~[junit-platform-launcher-1.12.2.jar:1.12.2]
	at org.junit.platform.launcher.core.DefaultLauncher.execute(DefaultLauncher.java:103) ~[junit-platform-launcher-1.12.2.jar:1.12.2]
	at org.junit.platform.launcher.core.DefaultLauncher.execute(DefaultLauncher.java:85) ~[junit-platform-launcher-1.12.2.jar:1.12.2]
	at org.junit.platform.launcher.core.DelegatingLauncher.execute(DelegatingLauncher.java:47) ~[junit-platform-launcher-1.12.2.jar:1.12.2]
	at org.junit.platform.launcher.core.InterceptingLauncher.lambda$execute$1(InterceptingLauncher.java:39) ~[junit-platform-launcher-1.12.2.jar:1.12.2]
	at org.junit.platform.launcher.core.ClasspathAlignmentCheckingLauncherInterceptor.intercept(ClasspathAlignmentCheckingLauncherInterceptor.java:25) ~[junit-platform-launcher-1.12.2.jar:1.12.2]
	at org.junit.platform.launcher.core.InterceptingLauncher.execute(InterceptingLauncher.java:38) ~[junit-platform-launcher-1.12.2.jar:1.12.2]
	at org.junit.platform.launcher.core.DelegatingLauncher.execute(DelegatingLauncher.java:47) ~[junit-platform-launcher-1.12.2.jar:1.12.2]
	at org.junit.platform.launcher.core.SessionPerRequestLauncher.execute(SessionPerRequestLauncher.java:63) ~[junit-platform-launcher-1.12.2.jar:1.12.2]
	at com.intellij.junit5.JUnit5IdeaTestRunner.startRunnerWithArgs(JUnit5IdeaTestRunner.java:66) ~[junit5-rt.jar:na]
	at com.intellij.rt.junit.IdeaTestRunner$Repeater$1.execute(IdeaTestRunner.java:38) ~[junit-rt.jar:na]
	at com.intellij.rt.execution.junit.TestsRepeater.repeat(TestsRepeater.java:11) ~[idea_rt.jar:na]
	at com.intellij.rt.junit.IdeaTestRunner$Repeater.startRunnerWithArgs(IdeaTestRunner.java:35) ~[junit-rt.jar:na]
	at com.intellij.rt.junit.JUnitStarter.prepareStreamsAndStart(JUnitStarter.java:237) ~[junit-rt.jar:na]
	at com.intellij.rt.junit.JUnitStarter.main(JUnitStarter.java:58) ~[junit-rt.jar:na]
Caused by: java.lang.IllegalStateException: Internal problem occurred, please report it. Mockito is unable to load the default implementation of class that is a part of Mockito distribution. Failed to load interface org.mockito.plugins.MockMaker
	at org.mockito.internal.configuration.plugins.DefaultMockitoPlugins.create(DefaultMockitoPlugins.java:105) ~[mockito-core-5.17.0.jar:na]
	at org.mockito.internal.configuration.plugins.DefaultMockitoPlugins.getDefaultPlugin(DefaultMockitoPlugins.java:79) ~[mockito-core-5.17.0.jar:na]
	at org.mockito.internal.configuration.plugins.PluginLoader.loadPlugin(PluginLoader.java:75) ~[mockito-core-5.17.0.jar:na]
	at org.mockito.internal.configuration.plugins.PluginLoader.loadPlugin(PluginLoader.java:49) ~[mockito-core-5.17.0.jar:na]
	at org.mockito.internal.configuration.plugins.PluginRegistry.<init>(PluginRegistry.java:29) ~[mockito-core-5.17.0.jar:na]
	at org.mockito.internal.configuration.plugins.Plugins.<clinit>(Plugins.java:26) ~[mockito-core-5.17.0.jar:na]
	at org.mockito.internal.MockitoCore.<clinit>(MockitoCore.java:71) ~[mockito-core-5.17.0.jar:na]
	at org.mockito.Mockito.<clinit>(Mockito.java:1777) ~[mockito-core-5.17.0.jar:na]
	at org.springframework.boot.test.mock.mockito.MockReset.get(MockReset.java:108) ~[spring-boot-test-3.5.5.jar:3.5.5]
	at org.springframework.boot.test.mock.mockito.ResetMocksTestExecutionListener.resetMocks(ResetMocksTestExecutionListener.java:89) ~[spring-boot-test-3.5.5.jar:3.5.5]
	at org.springframework.boot.test.mock.mockito.ResetMocksTestExecutionListener.resetMocks(ResetMocksTestExecutionListener.java:77) ~[spring-boot-test-3.5.5.jar:3.5.5]
	at org.springframework.boot.test.mock.mockito.ResetMocksTestExecutionListener.beforeTestMethod(ResetMocksTestExecutionListener.java:64) ~[spring-boot-test-3.5.5.jar:3.5.5]
	at org.springframework.test.context.TestContextManager.beforeTestMethod(TestContextManager.java:320) ~[spring-test-6.2.10.jar:6.2.10]
	at org.springframework.test.context.junit.jupiter.SpringExtension.beforeEach(SpringExtension.java:236) ~[spring-test-6.2.10.jar:6.2.10]
	at java.base/java.util.ArrayList.forEach(ArrayList.java:1604) ~[na:na]
	at java.base/java.util.ArrayList.forEach(ArrayList.java:1604) ~[na:na]
Caused by: java.lang.reflect.InvocationTargetException: null
	at java.base/java.lang.reflect.Constructor.newInstanceWithCaller(Constructor.java:499) ~[na:na]
	at java.base/java.lang.reflect.Constructor.newInstance(Constructor.java:483) ~[na:na]
	at org.mockito.internal.configuration.plugins.DefaultMockitoPlugins.create(DefaultMockitoPlugins.java:103) ~[mockito-core-5.17.0.jar:na]
	... 15 common frames omitted
Caused by: org.mockito.exceptions.base.MockitoInitializationException: 
Could not initialize inline Byte Buddy mock maker.

It appears as if your JDK does not supply a working agent attachment mechanism.
Java               : 24
JVM vendor name    : Oracle Corporation
JVM vendor version : 24.0.2+11-jvmci-b01
JVM name           : Java HotSpot(TM) 64-Bit Server VM
JVM version        : 24.0.2+11-jvmci-b01
JVM info           : mixed mode, sharing
OS name            : Windows 10
OS version         : 10.0

	at org.mockito.internal.creation.bytebuddy.InlineDelegateByteBuddyMockMaker.<init>(InlineDelegateByteBuddyMockMaker.java:275) ~[mockito-core-5.17.0.jar:na]
	at org.mockito.internal.creation.bytebuddy.InlineByteBuddyMockMaker.<init>(InlineByteBuddyMockMaker.java:23) ~[mockito-core-5.17.0.jar:na]
	... 18 common frames omitted
Caused by: java.lang.IllegalStateException: Could not self-attach to current VM using external process - set a property net.bytebuddy.agent.attacher.dump to dump the process output to a file at the specified location
	at net.bytebuddy.agent.ByteBuddyAgent.installExternal(ByteBuddyAgent.java:672) ~[byte-buddy-agent-1.17.7.jar:na]
	at net.bytebuddy.agent.ByteBuddyAgent.install(ByteBuddyAgent.java:599) ~[byte-buddy-agent-1.17.7.jar:na]
	at net.bytebuddy.agent.ByteBuddyAgent.install(ByteBuddyAgent.java:579) ~[byte-buddy-agent-1.17.7.jar:na]
	at net.bytebuddy.agent.ByteBuddyAgent.install(ByteBuddyAgent.java:531) ~[byte-buddy-agent-1.17.7.jar:na]
	at net.bytebuddy.agent.ByteBuddyAgent.install(ByteBuddyAgent.java:508) ~[byte-buddy-agent-1.17.7.jar:na]
	at org.mockito.internal.PremainAttachAccess.getInstrumentation(PremainAttachAccess.java:80) ~[mockito-core-5.17.0.jar:na]
	at org.mockito.internal.creation.bytebuddy.InlineDelegateByteBuddyMockMaker.<clinit>(InlineDelegateByteBuddyMockMaker.java:138) ~[mockito-core-5.17.0.jar:na]
	... 19 common frames omitted

2025-11-04T16:40:08.989+03:00  WARN 18696 --- [medical-center-userservice] [main] o.s.test.context.TestContextManager      : Caught exception while invoking 'afterTestMethod' callback on TestExecutionListener [org.springframework.boot.test.mock.mockito.ResetMocksTestExecutionListener] for test method [void medicalcenter.userservice.repository.DoctorRepositoryTests.findAll_ShouldReturnAllDoctors()] and test instance [medicalcenter.userservice.repository.DoctorRepositoryTests@10c88d11]

java.lang.IllegalStateException: Could not initialize plugin: interface org.mockito.plugins.MockMaker (alternate: null)
	at org.mockito.internal.configuration.plugins.PluginLoader$1.invoke(PluginLoader.java:85) ~[mockito-core-5.17.0.jar:na]
	at jdk.proxy1/jdk.proxy1.$Proxy150.getHandler(Unknown Source) ~[na:na]
	at org.mockito.internal.util.MockUtil.getMockHandlerOrNull(MockUtil.java:158) ~[mockito-core-5.17.0.jar:na]
	at org.mockito.internal.util.MockUtil.isMock(MockUtil.java:147) ~[mockito-core-5.17.0.jar:na]
	at org.mockito.internal.util.DefaultMockingDetails.isMock(DefaultMockingDetails.java:32) ~[mockito-core-5.17.0.jar:na]
	at org.springframework.boot.test.mock.mockito.MockReset.get(MockReset.java:109) ~[spring-boot-test-3.5.5.jar:3.5.5]
	at org.springframework.boot.test.mock.mockito.ResetMocksTestExecutionListener.resetMocks(ResetMocksTestExecutionListener.java:89) ~[spring-boot-test-3.5.5.jar:3.5.5]
	at org.springframework.boot.test.mock.mockito.ResetMocksTestExecutionListener.resetMocks(ResetMocksTestExecutionListener.java:77) ~[spring-boot-test-3.5.5.jar:3.5.5]
	at org.springframework.boot.test.mock.mockito.ResetMocksTestExecutionListener.afterTestMethod(ResetMocksTestExecutionListener.java:71) ~[spring-boot-test-3.5.5.jar:3.5.5]
	at org.springframework.test.context.TestContextManager.afterTestMethod(TestContextManager.java:488) ~[spring-test-6.2.10.jar:6.2.10]
	at org.springframework.test.context.junit.jupiter.SpringExtension.afterEach(SpringExtension.java:274) ~[spring-test-6.2.10.jar:6.2.10]
	at org.junit.jupiter.engine.descriptor.TestMethodTestDescriptor.lambda$invokeAfterEachCallbacks$12(TestMethodTestDescriptor.java:259) ~[junit-jupiter-engine-5.12.2.jar:5.12.2]
	at org.junit.jupiter.engine.descriptor.TestMethodTestDescriptor.lambda$invokeAllAfterMethodsOrCallbacks$13(TestMethodTestDescriptor.java:275) ~[junit-jupiter-engine-5.12.2.jar:5.12.2]
	at org.junit.platform.engine.support.hierarchical.ThrowableCollector.execute(ThrowableCollector.java:73) ~[junit-platform-engine-1.12.2.jar:1.12.2]
	at org.junit.jupiter.engine.descriptor.TestMethodTestDescriptor.lambda$invokeAllAfterMethodsOrCallbacks$14(TestMethodTestDescriptor.java:275) ~[junit-jupiter-engine-5.12.2.jar:5.12.2]
	at org.junit.platform.commons.util.CollectionUtils.forEachInReverseOrder(CollectionUtils.java:239) ~[junit-platform-commons-1.12.2.jar:1.12.2]
	at org.junit.jupiter.engine.descriptor.TestMethodTestDescriptor.invokeAllAfterMethodsOrCallbacks(TestMethodTestDescriptor.java:274) ~[junit-jupiter-engine-5.12.2.jar:5.12.2]
	at org.junit.jupiter.engine.descriptor.TestMethodTestDescriptor.invokeAfterEachCallbacks(TestMethodTestDescriptor.java:258) ~[junit-jupiter-engine-5.12.2.jar:5.12.2]
	at org.junit.jupiter.engine.descriptor.TestMethodTestDescriptor.execute(TestMethodTestDescriptor.java:143) ~[junit-jupiter-engine-5.12.2.jar:5.12.2]
	at org.junit.jupiter.engine.descriptor.TestMethodTestDescriptor.execute(TestMethodTestDescriptor.java:69) ~[junit-jupiter-engine-5.12.2.jar:5.12.2]
	at org.junit.platform.engine.support.hierarchical.NodeTestTask.lambda$executeRecursively$6(NodeTestTask.java:156) ~[junit-platform-engine-1.12.2.jar:1.12.2]
	at org.junit.platform.engine.support.hierarchical.ThrowableCollector.execute(ThrowableCollector.java:73) ~[junit-platform-engine-1.12.2.jar:1.12.2]
	at org.junit.platform.engine.support.hierarchical.NodeTestTask.lambda$executeRecursively$8(NodeTestTask.java:146) ~[junit-platform-engine-1.12.2.jar:1.12.2]
	at org.junit.platform.engine.support.hierarchical.Node.around(Node.java:137) ~[junit-platform-engine-1.12.2.jar:1.12.2]
	at org.junit.platform.engine.support.hierarchical.NodeTestTask.lambda$executeRecursively$9(NodeTestTask.java:144) ~[junit-platform-engine-1.12.2.jar:1.12.2]
	at org.junit.platform.engine.support.hierarchical.ThrowableCollector.execute(ThrowableCollector.java:73) ~[junit-platform-engine-1.12.2.jar:1.12.2]
	at org.junit.platform.engine.support.hierarchical.NodeTestTask.executeRecursively(NodeTestTask.java:143) ~[junit-platform-engine-1.12.2.jar:1.12.2]
	at org.junit.platform.engine.support.hierarchical.NodeTestTask.execute(NodeTestTask.java:100) ~[junit-platform-engine-1.12.2.jar:1.12.2]
	at java.base/java.util.ArrayList.forEach(ArrayList.java:1604) ~[na:na]
	at org.junit.platform.engine.support.hierarchical.SameThreadHierarchicalTestExecutorService.invokeAll(SameThreadHierarchicalTestExecutorService.java:41) ~[junit-platform-engine-1.12.2.jar:1.12.2]
	at org.junit.platform.engine.support.hierarchical.NodeTestTask.lambda$executeRecursively$6(NodeTestTask.java:160) ~[junit-platform-engine-1.12.2.jar:1.12.2]
	at org.junit.platform.engine.support.hierarchical.ThrowableCollector.execute(ThrowableCollector.java:73) ~[junit-platform-engine-1.12.2.jar:1.12.2]
	at org.junit.platform.engine.support.hierarchical.NodeTestTask.lambda$executeRecursively$8(NodeTestTask.java:146) ~[junit-platform-engine-1.12.2.jar:1.12.2]
	at org.junit.platform.engine.support.hierarchical.Node.around(Node.java:137) ~[junit-platform-engine-1.12.2.jar:1.12.2]
	at org.junit.platform.engine.support.hierarchical.NodeTestTask.lambda$executeRecursively$9(NodeTestTask.java:144) ~[junit-platform-engine-1.12.2.jar:1.12.2]
	at org.junit.platform.engine.support.hierarchical.ThrowableCollector.execute(ThrowableCollector.java:73) ~[junit-platform-engine-1.12.2.jar:1.12.2]
	at org.junit.platform.engine.support.hierarchical.NodeTestTask.executeRecursively(NodeTestTask.java:143) ~[junit-platform-engine-1.12.2.jar:1.12.2]
	at org.junit.platform.engine.support.hierarchical.NodeTestTask.execute(NodeTestTask.java:100) ~[junit-platform-engine-1.12.2.jar:1.12.2]
	at java.base/java.util.ArrayList.forEach(ArrayList.java:1604) ~[na:na]
	at org.junit.platform.engine.support.hierarchical.SameThreadHierarchicalTestExecutorService.invokeAll(SameThreadHierarchicalTestExecutorService.java:41) ~[junit-platform-engine-1.12.2.jar:1.12.2]
	at org.junit.platform.engine.support.hierarchical.NodeTestTask.lambda$executeRecursively$6(NodeTestTask.java:160) ~[junit-platform-engine-1.12.2.jar:1.12.2]
	at org.junit.platform.engine.support.hierarchical.ThrowableCollector.execute(ThrowableCollector.java:73) ~[junit-platform-engine-1.12.2.jar:1.12.2]
	at org.junit.platform.engine.support.hierarchical.NodeTestTask.lambda$executeRecursively$8(NodeTestTask.java:146) ~[junit-platform-engine-1.12.2.jar:1.12.2]
	at org.junit.platform.engine.support.hierarchical.Node.around(Node.java:137) ~[junit-platform-engine-1.12.2.jar:1.12.2]
	at org.junit.platform.engine.support.hierarchical.NodeTestTask.lambda$executeRecursively$9(NodeTestTask.java:144) ~[junit-platform-engine-1.12.2.jar:1.12.2]
	at org.junit.platform.engine.support.hierarchical.ThrowableCollector.execute(ThrowableCollector.java:73) ~[junit-platform-engine-1.12.2.jar:1.12.2]
	at org.junit.platform.engine.support.hierarchical.NodeTestTask.executeRecursively(NodeTestTask.java:143) ~[junit-platform-engine-1.12.2.jar:1.12.2]
	at org.junit.platform.engine.support.hierarchical.NodeTestTask.execute(NodeTestTask.java:100) ~[junit-platform-engine-1.12.2.jar:1.12.2]
	at org.junit.platform.engine.support.hierarchical.SameThreadHierarchicalTestExecutorService.submit(SameThreadHierarchicalTestExecutorService.java:35) ~[junit-platform-engine-1.12.2.jar:1.12.2]
	at org.junit.platform.engine.support.hierarchical.HierarchicalTestExecutor.execute(HierarchicalTestExecutor.java:57) ~[junit-platform-engine-1.12.2.jar:1.12.2]
	at org.junit.platform.engine.support.hierarchical.HierarchicalTestEngine.execute(HierarchicalTestEngine.java:54) ~[junit-platform-engine-1.12.2.jar:1.12.2]
	at org.junit.platform.launcher.core.EngineExecutionOrchestrator.execute(EngineExecutionOrchestrator.java:201) ~[junit-platform-launcher-1.12.2.jar:1.12.2]
	at org.junit.platform.launcher.core.EngineExecutionOrchestrator.execute(EngineExecutionOrchestrator.java:170) ~[junit-platform-launcher-1.12.2.jar:1.12.2]
	at org.junit.platform.launcher.core.EngineExecutionOrchestrator.execute(EngineExecutionOrchestrator.java:94) ~[junit-platform-launcher-1.12.2.jar:1.12.2]
	at org.junit.platform.launcher.core.EngineExecutionOrchestrator.lambda$execute$0(EngineExecutionOrchestrator.java:59) ~[junit-platform-launcher-1.12.2.jar:1.12.2]
	at org.junit.platform.launcher.core.EngineExecutionOrchestrator.withInterceptedStreams(EngineExecutionOrchestrator.java:142) ~[junit-platform-launcher-1.12.2.jar:1.12.2]
	at org.junit.platform.launcher.core.EngineExecutionOrchestrator.execute(EngineExecutionOrchestrator.java:58) ~[junit-platform-launcher-1.12.2.jar:1.12.2]
	at org.junit.platform.launcher.core.DefaultLauncher.execute(DefaultLauncher.java:103) ~[junit-platform-launcher-1.12.2.jar:1.12.2]
	at org.junit.platform.launcher.core.DefaultLauncher.execute(DefaultLauncher.java:85) ~[junit-platform-launcher-1.12.2.jar:1.12.2]
	at org.junit.platform.launcher.core.DelegatingLauncher.execute(DelegatingLauncher.java:47) ~[junit-platform-launcher-1.12.2.jar:1.12.2]
	at org.junit.platform.launcher.core.InterceptingLauncher.lambda$execute$1(InterceptingLauncher.java:39) ~[junit-platform-launcher-1.12.2.jar:1.12.2]
	at org.junit.platform.launcher.core.ClasspathAlignmentCheckingLauncherInterceptor.intercept(ClasspathAlignmentCheckingLauncherInterceptor.java:25) ~[junit-platform-launcher-1.12.2.jar:1.12.2]
	at org.junit.platform.launcher.core.InterceptingLauncher.execute(InterceptingLauncher.java:38) ~[junit-platform-launcher-1.12.2.jar:1.12.2]
	at org.junit.platform.launcher.core.DelegatingLauncher.execute(DelegatingLauncher.java:47) ~[junit-platform-launcher-1.12.2.jar:1.12.2]
	at org.junit.platform.launcher.core.SessionPerRequestLauncher.execute(SessionPerRequestLauncher.java:63) ~[junit-platform-launcher-1.12.2.jar:1.12.2]
	at com.intellij.junit5.JUnit5IdeaTestRunner.startRunnerWithArgs(JUnit5IdeaTestRunner.java:66) ~[junit5-rt.jar:na]
	at com.intellij.rt.junit.IdeaTestRunner$Repeater$1.execute(IdeaTestRunner.java:38) ~[junit-rt.jar:na]
	at com.intellij.rt.execution.junit.TestsRepeater.repeat(TestsRepeater.java:11) ~[idea_rt.jar:na]
	at com.intellij.rt.junit.IdeaTestRunner$Repeater.startRunnerWithArgs(IdeaTestRunner.java:35) ~[junit-rt.jar:na]
	at com.intellij.rt.junit.JUnitStarter.prepareStreamsAndStart(JUnitStarter.java:237) ~[junit-rt.jar:na]
	at com.intellij.rt.junit.JUnitStarter.main(JUnitStarter.java:58) ~[junit-rt.jar:na]
Caused by: java.lang.IllegalStateException: Internal problem occurred, please report it. Mockito is unable to load the default implementation of class that is a part of Mockito distribution. Failed to load interface org.mockito.plugins.MockMaker
	at org.mockito.internal.configuration.plugins.DefaultMockitoPlugins.create(DefaultMockitoPlugins.java:105) ~[mockito-core-5.17.0.jar:na]
	at org.mockito.internal.configuration.plugins.DefaultMockitoPlugins.getDefaultPlugin(DefaultMockitoPlugins.java:79) ~[mockito-core-5.17.0.jar:na]
	at org.mockito.internal.configuration.plugins.PluginLoader.loadPlugin(PluginLoader.java:75) ~[mockito-core-5.17.0.jar:na]
	at org.mockito.internal.configuration.plugins.PluginLoader.loadPlugin(PluginLoader.java:49) ~[mockito-core-5.17.0.jar:na]
	at org.mockito.internal.configuration.plugins.PluginRegistry.<init>(PluginRegistry.java:29) ~[mockito-core-5.17.0.jar:na]
	at org.mockito.internal.configuration.plugins.Plugins.<clinit>(Plugins.java:26) ~[mockito-core-5.17.0.jar:na]
	at org.mockito.internal.MockitoCore.<clinit>(MockitoCore.java:71) ~[mockito-core-5.17.0.jar:na]
	at org.mockito.Mockito.<clinit>(Mockito.java:1777) ~[mockito-core-5.17.0.jar:na]
	at org.springframework.boot.test.mock.mockito.MockReset.get(MockReset.java:108) ~[spring-boot-test-3.5.5.jar:3.5.5]
	at org.springframework.boot.test.mock.mockito.ResetMocksTestExecutionListener.resetMocks(ResetMocksTestExecutionListener.java:89) ~[spring-boot-test-3.5.5.jar:3.5.5]
	at org.springframework.boot.test.mock.mockito.ResetMocksTestExecutionListener.resetMocks(ResetMocksTestExecutionListener.java:77) ~[spring-boot-test-3.5.5.jar:3.5.5]
	at org.springframework.boot.test.mock.mockito.ResetMocksTestExecutionListener.beforeTestMethod(ResetMocksTestExecutionListener.java:64) ~[spring-boot-test-3.5.5.jar:3.5.5]
	at org.springframework.test.context.TestContextManager.beforeTestMethod(TestContextManager.java:320) ~[spring-test-6.2.10.jar:6.2.10]
	at org.springframework.test.context.junit.jupiter.SpringExtension.beforeEach(SpringExtension.java:236) ~[spring-test-6.2.10.jar:6.2.10]
	at java.base/java.util.ArrayList.forEach(ArrayList.java:1604) ~[na:na]
	at java.base/java.util.ArrayList.forEach(ArrayList.java:1604) ~[na:na]
Caused by: java.lang.reflect.InvocationTargetException: null
	at java.base/java.lang.reflect.Constructor.newInstanceWithCaller(Constructor.java:499) ~[na:na]
	at java.base/java.lang.reflect.Constructor.newInstance(Constructor.java:483) ~[na:na]
	at org.mockito.internal.configuration.plugins.DefaultMockitoPlugins.create(DefaultMockitoPlugins.java:103) ~[mockito-core-5.17.0.jar:na]
	... 15 common frames omitted
Caused by: org.mockito.exceptions.base.MockitoInitializationException: 
Could not initialize inline Byte Buddy mock maker.

It appears as if your JDK does not supply a working agent attachment mechanism.
Java               : 24
JVM vendor name    : Oracle Corporation
JVM vendor version : 24.0.2+11-jvmci-b01
JVM name           : Java HotSpot(TM) 64-Bit Server VM
JVM version        : 24.0.2+11-jvmci-b01
JVM info           : mixed mode, sharing
OS name            : Windows 10
OS version         : 10.0

	at org.mockito.internal.creation.bytebuddy.InlineDelegateByteBuddyMockMaker.<init>(InlineDelegateByteBuddyMockMaker.java:275) ~[mockito-core-5.17.0.jar:na]
	at org.mockito.internal.creation.bytebuddy.InlineByteBuddyMockMaker.<init>(InlineByteBuddyMockMaker.java:23) ~[mockito-core-5.17.0.jar:na]
	... 18 common frames omitted
Caused by: java.lang.IllegalStateException: Could not self-attach to current VM using external process - set a property net.bytebuddy.agent.attacher.dump to dump the process output to a file at the specified location
	at net.bytebuddy.agent.ByteBuddyAgent.installExternal(ByteBuddyAgent.java:672) ~[byte-buddy-agent-1.17.7.jar:na]
	at net.bytebuddy.agent.ByteBuddyAgent.install(ByteBuddyAgent.java:599) ~[byte-buddy-agent-1.17.7.jar:na]
	at net.bytebuddy.agent.ByteBuddyAgent.install(ByteBuddyAgent.java:579) ~[byte-buddy-agent-1.17.7.jar:na]
	at net.bytebuddy.agent.ByteBuddyAgent.install(ByteBuddyAgent.java:531) ~[byte-buddy-agent-1.17.7.jar:na]
	at net.bytebuddy.agent.ByteBuddyAgent.install(ByteBuddyAgent.java:508) ~[byte-buddy-agent-1.17.7.jar:na]
	at org.mockito.internal.PremainAttachAccess.getInstrumentation(PremainAttachAccess.java:80) ~[mockito-core-5.17.0.jar:na]
	at org.mockito.internal.creation.bytebuddy.InlineDelegateByteBuddyMockMaker.<clinit>(InlineDelegateByteBuddyMockMaker.java:138) ~[mockito-core-5.17.0.jar:na]
	... 19 common frames omitted

2025-11-04T16:40:08.998+03:00  WARN 18696 --- [medical-center-userservice] [main] o.s.test.context.TestContextManager      : Caught exception while invoking 'beforeTestMethod' callback on TestExecutionListener [org.springframework.boot.test.mock.mockito.ResetMocksTestExecutionListener] for test method [void medicalcenter.userservice.repository.DoctorRepositoryTests.findByRatingGreaterThanEqual_WithHighMinRating_ShouldReturnEmptyList()] and test instance [medicalcenter.userservice.repository.DoctorRepositoryTests@67620d80]

java.lang.IllegalStateException: Could not initialize plugin: interface org.mockito.plugins.MockMaker (alternate: null)
	at org.mockito.internal.configuration.plugins.PluginLoader$1.invoke(PluginLoader.java:85) ~[mockito-core-5.17.0.jar:na]
	at jdk.proxy1/jdk.proxy1.$Proxy150.getHandler(Unknown Source) ~[na:na]
	at org.mockito.internal.util.MockUtil.getMockHandlerOrNull(MockUtil.java:158) ~[mockito-core-5.17.0.jar:na]
	at org.mockito.internal.util.MockUtil.isMock(MockUtil.java:147) ~[mockito-core-5.17.0.jar:na]
	at org.mockito.internal.util.DefaultMockingDetails.isMock(DefaultMockingDetails.java:32) ~[mockito-core-5.17.0.jar:na]
	at org.springframework.boot.test.mock.mockito.MockReset.get(MockReset.java:109) ~[spring-boot-test-3.5.5.jar:3.5.5]
	at org.springframework.boot.test.mock.mockito.ResetMocksTestExecutionListener.resetMocks(ResetMocksTestExecutionListener.java:89) ~[spring-boot-test-3.5.5.jar:3.5.5]
	at org.springframework.boot.test.mock.mockito.ResetMocksTestExecutionListener.resetMocks(ResetMocksTestExecutionListener.java:77) ~[spring-boot-test-3.5.5.jar:3.5.5]
	at org.springframework.boot.test.mock.mockito.ResetMocksTestExecutionListener.beforeTestMethod(ResetMocksTestExecutionListener.java:64) ~[spring-boot-test-3.5.5.jar:3.5.5]
	at org.springframework.test.context.TestContextManager.beforeTestMethod(TestContextManager.java:320) ~[spring-test-6.2.10.jar:6.2.10]
	at org.springframework.test.context.junit.jupiter.SpringExtension.beforeEach(SpringExtension.java:236) ~[spring-test-6.2.10.jar:6.2.10]
	at org.junit.jupiter.engine.descriptor.TestMethodTestDescriptor.lambda$invokeBeforeEachCallbacks$2(TestMethodTestDescriptor.java:165) ~[junit-jupiter-engine-5.12.2.jar:5.12.2]
	at org.junit.jupiter.engine.descriptor.TestMethodTestDescriptor.lambda$invokeBeforeMethodsOrCallbacksUntilExceptionOccurs$6(TestMethodTestDescriptor.java:201) ~[junit-jupiter-engine-5.12.2.jar:5.12.2]
	at org.junit.platform.engine.support.hierarchical.ThrowableCollector.execute(ThrowableCollector.java:73) ~[junit-platform-engine-1.12.2.jar:1.12.2]
	at org.junit.jupiter.engine.descriptor.TestMethodTestDescriptor.invokeBeforeMethodsOrCallbacksUntilExceptionOccurs(TestMethodTestDescriptor.java:201) ~[junit-jupiter-engine-5.12.2.jar:5.12.2]
	at org.junit.jupiter.engine.descriptor.TestMethodTestDescriptor.invokeBeforeEachCallbacks(TestMethodTestDescriptor.java:164) ~[junit-jupiter-engine-5.12.2.jar:5.12.2]
	at org.junit.jupiter.engine.descriptor.TestMethodTestDescriptor.execute(TestMethodTestDescriptor.java:131) ~[junit-jupiter-engine-5.12.2.jar:5.12.2]
	at org.junit.jupiter.engine.descriptor.TestMethodTestDescriptor.execute(TestMethodTestDescriptor.java:69) ~[junit-jupiter-engine-5.12.2.jar:5.12.2]
	at org.junit.platform.engine.support.hierarchical.NodeTestTask.lambda$executeRecursively$6(NodeTestTask.java:156) ~[junit-platform-engine-1.12.2.jar:1.12.2]
	at org.junit.platform.engine.support.hierarchical.ThrowableCollector.execute(ThrowableCollector.java:73) ~[junit-platform-engine-1.12.2.jar:1.12.2]
	at org.junit.platform.engine.support.hierarchical.NodeTestTask.lambda$executeRecursively$8(NodeTestTask.java:146) ~[junit-platform-engine-1.12.2.jar:1.12.2]
	at org.junit.platform.engine.support.hierarchical.Node.around(Node.java:137) ~[junit-platform-engine-1.12.2.jar:1.12.2]
	at org.junit.platform.engine.support.hierarchical.NodeTestTask.lambda$executeRecursively$9(NodeTestTask.java:144) ~[junit-platform-engine-1.12.2.jar:1.12.2]
	at org.junit.platform.engine.support.hierarchical.ThrowableCollector.execute(ThrowableCollector.java:73) ~[junit-platform-engine-1.12.2.jar:1.12.2]
	at org.junit.platform.engine.support.hierarchical.NodeTestTask.executeRecursively(NodeTestTask.java:143) ~[junit-platform-engine-1.12.2.jar:1.12.2]
	at org.junit.platform.engine.support.hierarchical.NodeTestTask.execute(NodeTestTask.java:100) ~[junit-platform-engine-1.12.2.jar:1.12.2]
	at java.base/java.util.ArrayList.forEach(ArrayList.java:1604) ~[na:na]
	at org.junit.platform.engine.support.hierarchical.SameThreadHierarchicalTestExecutorService.invokeAll(SameThreadHierarchicalTestExecutorService.java:41) ~[junit-platform-engine-1.12.2.jar:1.12.2]
	at org.junit.platform.engine.support.hierarchical.NodeTestTask.lambda$executeRecursively$6(NodeTestTask.java:160) ~[junit-platform-engine-1.12.2.jar:1.12.2]
	at org.junit.platform.engine.support.hierarchical.ThrowableCollector.execute(ThrowableCollector.java:73) ~[junit-platform-engine-1.12.2.jar:1.12.2]
	at org.junit.platform.engine.support.hierarchical.NodeTestTask.lambda$executeRecursively$8(NodeTestTask.java:146) ~[junit-platform-engine-1.12.2.jar:1.12.2]
	at org.junit.platform.engine.support.hierarchical.Node.around(Node.java:137) ~[junit-platform-engine-1.12.2.jar:1.12.2]
	at org.junit.platform.engine.support.hierarchical.NodeTestTask.lambda$executeRecursively$9(NodeTestTask.java:144) ~[junit-platform-engine-1.12.2.jar:1.12.2]
	at org.junit.platform.engine.support.hierarchical.ThrowableCollector.execute(ThrowableCollector.java:73) ~[junit-platform-engine-1.12.2.jar:1.12.2]
	at org.junit.platform.engine.support.hierarchical.NodeTestTask.executeRecursively(NodeTestTask.java:143) ~[junit-platform-engine-1.12.2.jar:1.12.2]
	at org.junit.platform.engine.support.hierarchical.NodeTestTask.execute(NodeTestTask.java:100) ~[junit-platform-engine-1.12.2.jar:1.12.2]
	at java.base/java.util.ArrayList.forEach(ArrayList.java:1604) ~[na:na]
	at org.junit.platform.engine.support.hierarchical.SameThreadHierarchicalTestExecutorService.invokeAll(SameThreadHierarchicalTestExecutorService.java:41) ~[junit-platform-engine-1.12.2.jar:1.12.2]
	at org.junit.platform.engine.support.hierarchical.NodeTestTask.lambda$executeRecursively$6(NodeTestTask.java:160) ~[junit-platform-engine-1.12.2.jar:1.12.2]
	at org.junit.platform.engine.support.hierarchical.ThrowableCollector.execute(ThrowableCollector.java:73) ~[junit-platform-engine-1.12.2.jar:1.12.2]
	at org.junit.platform.engine.support.hierarchical.NodeTestTask.lambda$executeRecursively$8(NodeTestTask.java:146) ~[junit-platform-engine-1.12.2.jar:1.12.2]
	at org.junit.platform.engine.support.hierarchical.Node.around(Node.java:137) ~[junit-platform-engine-1.12.2.jar:1.12.2]
	at org.junit.platform.engine.support.hierarchical.NodeTestTask.lambda$executeRecursively$9(NodeTestTask.java:144) ~[junit-platform-engine-1.12.2.jar:1.12.2]
	at org.junit.platform.engine.support.hierarchical.ThrowableCollector.execute(ThrowableCollector.java:73) ~[junit-platform-engine-1.12.2.jar:1.12.2]
	at org.junit.platform.engine.support.hierarchical.NodeTestTask.executeRecursively(NodeTestTask.java:143) ~[junit-platform-engine-1.12.2.jar:1.12.2]
	at org.junit.platform.engine.support.hierarchical.NodeTestTask.execute(NodeTestTask.java:100) ~[junit-platform-engine-1.12.2.jar:1.12.2]
	at org.junit.platform.engine.support.hierarchical.SameThreadHierarchicalTestExecutorService.submit(SameThreadHierarchicalTestExecutorService.java:35) ~[junit-platform-engine-1.12.2.jar:1.12.2]
	at org.junit.platform.engine.support.hierarchical.HierarchicalTestExecutor.execute(HierarchicalTestExecutor.java:57) ~[junit-platform-engine-1.12.2.jar:1.12.2]
	at org.junit.platform.engine.support.hierarchical.HierarchicalTestEngine.execute(HierarchicalTestEngine.java:54) ~[junit-platform-engine-1.12.2.jar:1.12.2]
	at org.junit.platform.launcher.core.EngineExecutionOrchestrator.execute(EngineExecutionOrchestrator.java:201) ~[junit-platform-launcher-1.12.2.jar:1.12.2]
	at org.junit.platform.launcher.core.EngineExecutionOrchestrator.execute(EngineExecutionOrchestrator.java:170) ~[junit-platform-launcher-1.12.2.jar:1.12.2]
	at org.junit.platform.launcher.core.EngineExecutionOrchestrator.execute(EngineExecutionOrchestrator.java:94) ~[junit-platform-launcher-1.12.2.jar:1.12.2]
	at org.junit.platform.launcher.core.EngineExecutionOrchestrator.lambda$execute$0(EngineExecutionOrchestrator.java:59) ~[junit-platform-launcher-1.12.2.jar:1.12.2]
	at org.junit.platform.launcher.core.EngineExecutionOrchestrator.withInterceptedStreams(EngineExecutionOrchestrator.java:142) ~[junit-platform-launcher-1.12.2.jar:1.12.2]
	at org.junit.platform.launcher.core.EngineExecutionOrchestrator.execute(EngineExecutionOrchestrator.java:58) ~[junit-platform-launcher-1.12.2.jar:1.12.2]
	at org.junit.platform.launcher.core.DefaultLauncher.execute(DefaultLauncher.java:103) ~[junit-platform-launcher-1.12.2.jar:1.12.2]
	at org.junit.platform.launcher.core.DefaultLauncher.execute(DefaultLauncher.java:85) ~[junit-platform-launcher-1.12.2.jar:1.12.2]
	at org.junit.platform.launcher.core.DelegatingLauncher.execute(DelegatingLauncher.java:47) ~[junit-platform-launcher-1.12.2.jar:1.12.2]
	at org.junit.platform.launcher.core.InterceptingLauncher.lambda$execute$1(InterceptingLauncher.java:39) ~[junit-platform-launcher-1.12.2.jar:1.12.2]
	at org.junit.platform.launcher.core.ClasspathAlignmentCheckingLauncherInterceptor.intercept(ClasspathAlignmentCheckingLauncherInterceptor.java:25) ~[junit-platform-launcher-1.12.2.jar:1.12.2]
	at org.junit.platform.launcher.core.InterceptingLauncher.execute(InterceptingLauncher.java:38) ~[junit-platform-launcher-1.12.2.jar:1.12.2]
	at org.junit.platform.launcher.core.DelegatingLauncher.execute(DelegatingLauncher.java:47) ~[junit-platform-launcher-1.12.2.jar:1.12.2]
	at org.junit.platform.launcher.core.SessionPerRequestLauncher.execute(SessionPerRequestLauncher.java:63) ~[junit-platform-launcher-1.12.2.jar:1.12.2]
	at com.intellij.junit5.JUnit5IdeaTestRunner.startRunnerWithArgs(JUnit5IdeaTestRunner.java:66) ~[junit5-rt.jar:na]
	at com.intellij.rt.junit.IdeaTestRunner$Repeater$1.execute(IdeaTestRunner.java:38) ~[junit-rt.jar:na]
	at com.intellij.rt.execution.junit.TestsRepeater.repeat(TestsRepeater.java:11) ~[idea_rt.jar:na]
	at com.intellij.rt.junit.IdeaTestRunner$Repeater.startRunnerWithArgs(IdeaTestRunner.java:35) ~[junit-rt.jar:na]
	at com.intellij.rt.junit.JUnitStarter.prepareStreamsAndStart(JUnitStarter.java:237) ~[junit-rt.jar:na]
	at com.intellij.rt.junit.JUnitStarter.main(JUnitStarter.java:58) ~[junit-rt.jar:na]
Caused by: java.lang.IllegalStateException: Internal problem occurred, please report it. Mockito is unable to load the default implementation of class that is a part of Mockito distribution. Failed to load interface org.mockito.plugins.MockMaker
	at org.mockito.internal.configuration.plugins.DefaultMockitoPlugins.create(DefaultMockitoPlugins.java:105) ~[mockito-core-5.17.0.jar:na]
	at org.mockito.internal.configuration.plugins.DefaultMockitoPlugins.getDefaultPlugin(DefaultMockitoPlugins.java:79) ~[mockito-core-5.17.0.jar:na]
	at org.mockito.internal.configuration.plugins.PluginLoader.loadPlugin(PluginLoader.java:75) ~[mockito-core-5.17.0.jar:na]
	at org.mockito.internal.configuration.plugins.PluginLoader.loadPlugin(PluginLoader.java:49) ~[mockito-core-5.17.0.jar:na]
	at org.mockito.internal.configuration.plugins.PluginRegistry.<init>(PluginRegistry.java:29) ~[mockito-core-5.17.0.jar:na]
	at org.mockito.internal.configuration.plugins.Plugins.<clinit>(Plugins.java:26) ~[mockito-core-5.17.0.jar:na]
	at org.mockito.internal.MockitoCore.<clinit>(MockitoCore.java:71) ~[mockito-core-5.17.0.jar:na]
	at org.mockito.Mockito.<clinit>(Mockito.java:1777) ~[mockito-core-5.17.0.jar:na]
	at org.springframework.boot.test.mock.mockito.MockReset.get(MockReset.java:108) ~[spring-boot-test-3.5.5.jar:3.5.5]
	at org.springframework.boot.test.mock.mockito.ResetMocksTestExecutionListener.resetMocks(ResetMocksTestExecutionListener.java:89) ~[spring-boot-test-3.5.5.jar:3.5.5]
	at org.springframework.boot.test.mock.mockito.ResetMocksTestExecutionListener.resetMocks(ResetMocksTestExecutionListener.java:77) ~[spring-boot-test-3.5.5.jar:3.5.5]
	at org.springframework.boot.test.mock.mockito.ResetMocksTestExecutionListener.beforeTestMethod(ResetMocksTestExecutionListener.java:64) ~[spring-boot-test-3.5.5.jar:3.5.5]
	at org.springframework.test.context.TestContextManager.beforeTestMethod(TestContextManager.java:320) ~[spring-test-6.2.10.jar:6.2.10]
	at org.springframework.test.context.junit.jupiter.SpringExtension.beforeEach(SpringExtension.java:236) ~[spring-test-6.2.10.jar:6.2.10]
	at java.base/java.util.ArrayList.forEach(ArrayList.java:1604) ~[na:na]
	at java.base/java.util.ArrayList.forEach(ArrayList.java:1604) ~[na:na]
Caused by: java.lang.reflect.InvocationTargetException: null
	at java.base/java.lang.reflect.Constructor.newInstanceWithCaller(Constructor.java:499) ~[na:na]
	at java.base/java.lang.reflect.Constructor.newInstance(Constructor.java:483) ~[na:na]
	at org.mockito.internal.configuration.plugins.DefaultMockitoPlugins.create(DefaultMockitoPlugins.java:103) ~[mockito-core-5.17.0.jar:na]
	... 15 common frames omitted
Caused by: org.mockito.exceptions.base.MockitoInitializationException: 
Could not initialize inline Byte Buddy mock maker.

It appears as if your JDK does not supply a working agent attachment mechanism.
Java               : 24
JVM vendor name    : Oracle Corporation
JVM vendor version : 24.0.2+11-jvmci-b01
JVM name           : Java HotSpot(TM) 64-Bit Server VM
JVM version        : 24.0.2+11-jvmci-b01
JVM info           : mixed mode, sharing
OS name            : Windows 10
OS version         : 10.0

	at org.mockito.internal.creation.bytebuddy.InlineDelegateByteBuddyMockMaker.<init>(InlineDelegateByteBuddyMockMaker.java:275) ~[mockito-core-5.17.0.jar:na]
	at org.mockito.internal.creation.bytebuddy.InlineByteBuddyMockMaker.<init>(InlineByteBuddyMockMaker.java:23) ~[mockito-core-5.17.0.jar:na]
	... 18 common frames omitted
Caused by: java.lang.IllegalStateException: Could not self-attach to current VM using external process - set a property net.bytebuddy.agent.attacher.dump to dump the process output to a file at the specified location
	at net.bytebuddy.agent.ByteBuddyAgent.installExternal(ByteBuddyAgent.java:672) ~[byte-buddy-agent-1.17.7.jar:na]
	at net.bytebuddy.agent.ByteBuddyAgent.install(ByteBuddyAgent.java:599) ~[byte-buddy-agent-1.17.7.jar:na]
	at net.bytebuddy.agent.ByteBuddyAgent.install(ByteBuddyAgent.java:579) ~[byte-buddy-agent-1.17.7.jar:na]
	at net.bytebuddy.agent.ByteBuddyAgent.install(ByteBuddyAgent.java:531) ~[byte-buddy-agent-1.17.7.jar:na]
	at net.bytebuddy.agent.ByteBuddyAgent.install(ByteBuddyAgent.java:508) ~[byte-buddy-agent-1.17.7.jar:na]
	at org.mockito.internal.PremainAttachAccess.getInstrumentation(PremainAttachAccess.java:80) ~[mockito-core-5.17.0.jar:na]
	at org.mockito.internal.creation.bytebuddy.InlineDelegateByteBuddyMockMaker.<clinit>(InlineDelegateByteBuddyMockMaker.java:138) ~[mockito-core-5.17.0.jar:na]
	... 19 common frames omitted

2025-11-04T16:40:09.001+03:00  WARN 18696 --- [medical-center-userservice] [main] o.s.test.context.TestContextManager      : Caught exception while invoking 'afterTestMethod' callback on TestExecutionListener [org.springframework.boot.test.mock.mockito.ResetMocksTestExecutionListener] for test method [void medicalcenter.userservice.repository.DoctorRepositoryTests.findByRatingGreaterThanEqual_WithHighMinRating_ShouldReturnEmptyList()] and test instance [medicalcenter.userservice.repository.DoctorRepositoryTests@67620d80]

java.lang.IllegalStateException: Could not initialize plugin: interface org.mockito.plugins.MockMaker (alternate: null)
	at org.mockito.internal.configuration.plugins.PluginLoader$1.invoke(PluginLoader.java:85) ~[mockito-core-5.17.0.jar:na]
	at jdk.proxy1/jdk.proxy1.$Proxy150.getHandler(Unknown Source) ~[na:na]
	at org.mockito.internal.util.MockUtil.getMockHandlerOrNull(MockUtil.java:158) ~[mockito-core-5.17.0.jar:na]
	at org.mockito.internal.util.MockUtil.isMock(MockUtil.java:147) ~[mockito-core-5.17.0.jar:na]
	at org.mockito.internal.util.DefaultMockingDetails.isMock(DefaultMockingDetails.java:32) ~[mockito-core-5.17.0.jar:na]
	at org.springframework.boot.test.mock.mockito.MockReset.get(MockReset.java:109) ~[spring-boot-test-3.5.5.jar:3.5.5]
	at org.springframework.boot.test.mock.mockito.ResetMocksTestExecutionListener.resetMocks(ResetMocksTestExecutionListener.java:89) ~[spring-boot-test-3.5.5.jar:3.5.5]
	at org.springframework.boot.test.mock.mockito.ResetMocksTestExecutionListener.resetMocks(ResetMocksTestExecutionListener.java:77) ~[spring-boot-test-3.5.5.jar:3.5.5]
	at org.springframework.boot.test.mock.mockito.ResetMocksTestExecutionListener.afterTestMethod(ResetMocksTestExecutionListener.java:71) ~[spring-boot-test-3.5.5.jar:3.5.5]
	at org.springframework.test.context.TestContextManager.afterTestMethod(TestContextManager.java:488) ~[spring-test-6.2.10.jar:6.2.10]
	at org.springframework.test.context.junit.jupiter.SpringExtension.afterEach(SpringExtension.java:274) ~[spring-test-6.2.10.jar:6.2.10]
	at org.junit.jupiter.engine.descriptor.TestMethodTestDescriptor.lambda$invokeAfterEachCallbacks$12(TestMethodTestDescriptor.java:259) ~[junit-jupiter-engine-5.12.2.jar:5.12.2]
	at org.junit.jupiter.engine.descriptor.TestMethodTestDescriptor.lambda$invokeAllAfterMethodsOrCallbacks$13(TestMethodTestDescriptor.java:275) ~[junit-jupiter-engine-5.12.2.jar:5.12.2]
	at org.junit.platform.engine.support.hierarchical.ThrowableCollector.execute(ThrowableCollector.java:73) ~[junit-platform-engine-1.12.2.jar:1.12.2]
	at org.junit.jupiter.engine.descriptor.TestMethodTestDescriptor.lambda$invokeAllAfterMethodsOrCallbacks$14(TestMethodTestDescriptor.java:275) ~[junit-jupiter-engine-5.12.2.jar:5.12.2]
	at org.junit.platform.commons.util.CollectionUtils.forEachInReverseOrder(CollectionUtils.java:239) ~[junit-platform-commons-1.12.2.jar:1.12.2]
	at org.junit.jupiter.engine.descriptor.TestMethodTestDescriptor.invokeAllAfterMethodsOrCallbacks(TestMethodTestDescriptor.java:274) ~[junit-jupiter-engine-5.12.2.jar:5.12.2]
	at org.junit.jupiter.engine.descriptor.TestMethodTestDescriptor.invokeAfterEachCallbacks(TestMethodTestDescriptor.java:258) ~[junit-jupiter-engine-5.12.2.jar:5.12.2]
	at org.junit.jupiter.engine.descriptor.TestMethodTestDescriptor.execute(TestMethodTestDescriptor.java:143) ~[junit-jupiter-engine-5.12.2.jar:5.12.2]
	at org.junit.jupiter.engine.descriptor.TestMethodTestDescriptor.execute(TestMethodTestDescriptor.java:69) ~[junit-jupiter-engine-5.12.2.jar:5.12.2]
	at org.junit.platform.engine.support.hierarchical.NodeTestTask.lambda$executeRecursively$6(NodeTestTask.java:156) ~[junit-platform-engine-1.12.2.jar:1.12.2]
	at org.junit.platform.engine.support.hierarchical.ThrowableCollector.execute(ThrowableCollector.java:73) ~[junit-platform-engine-1.12.2.jar:1.12.2]
	at org.junit.platform.engine.support.hierarchical.NodeTestTask.lambda$executeRecursively$8(NodeTestTask.java:146) ~[junit-platform-engine-1.12.2.jar:1.12.2]
	at org.junit.platform.engine.support.hierarchical.Node.around(Node.java:137) ~[junit-platform-engine-1.12.2.jar:1.12.2]
	at org.junit.platform.engine.support.hierarchical.NodeTestTask.lambda$executeRecursively$9(NodeTestTask.java:144) ~[junit-platform-engine-1.12.2.jar:1.12.2]
	at org.junit.platform.engine.support.hierarchical.ThrowableCollector.execute(ThrowableCollector.java:73) ~[junit-platform-engine-1.12.2.jar:1.12.2]
	at org.junit.platform.engine.support.hierarchical.NodeTestTask.executeRecursively(NodeTestTask.java:143) ~[junit-platform-engine-1.12.2.jar:1.12.2]
	at org.junit.platform.engine.support.hierarchical.NodeTestTask.execute(NodeTestTask.java:100) ~[junit-platform-engine-1.12.2.jar:1.12.2]
	at java.base/java.util.ArrayList.forEach(ArrayList.java:1604) ~[na:na]
	at org.junit.platform.engine.support.hierarchical.SameThreadHierarchicalTestExecutorService.invokeAll(SameThreadHierarchicalTestExecutorService.java:41) ~[junit-platform-engine-1.12.2.jar:1.12.2]
	at org.junit.platform.engine.support.hierarchical.NodeTestTask.lambda$executeRecursively$6(NodeTestTask.java:160) ~[junit-platform-engine-1.12.2.jar:1.12.2]
	at org.junit.platform.engine.support.hierarchical.ThrowableCollector.execute(ThrowableCollector.java:73) ~[junit-platform-engine-1.12.2.jar:1.12.2]
	at org.junit.platform.engine.support.hierarchical.NodeTestTask.lambda$executeRecursively$8(NodeTestTask.java:146) ~[junit-platform-engine-1.12.2.jar:1.12.2]
	at org.junit.platform.engine.support.hierarchical.Node.around(Node.java:137) ~[junit-platform-engine-1.12.2.jar:1.12.2]
	at org.junit.platform.engine.support.hierarchical.NodeTestTask.lambda$executeRecursively$9(NodeTestTask.java:144) ~[junit-platform-engine-1.12.2.jar:1.12.2]
	at org.junit.platform.engine.support.hierarchical.ThrowableCollector.execute(ThrowableCollector.java:73) ~[junit-platform-engine-1.12.2.jar:1.12.2]
	at org.junit.platform.engine.support.hierarchical.NodeTestTask.executeRecursively(NodeTestTask.java:143) ~[junit-platform-engine-1.12.2.jar:1.12.2]
	at org.junit.platform.engine.support.hierarchical.NodeTestTask.execute(NodeTestTask.java:100) ~[junit-platform-engine-1.12.2.jar:1.12.2]
	at java.base/java.util.ArrayList.forEach(ArrayList.java:1604) ~[na:na]
	at org.junit.platform.engine.support.hierarchical.SameThreadHierarchicalTestExecutorService.invokeAll(SameThreadHierarchicalTestExecutorService.java:41) ~[junit-platform-engine-1.12.2.jar:1.12.2]
	at org.junit.platform.engine.support.hierarchical.NodeTestTask.lambda$executeRecursively$6(NodeTestTask.java:160) ~[junit-platform-engine-1.12.2.jar:1.12.2]
	at org.junit.platform.engine.support.hierarchical.ThrowableCollector.execute(ThrowableCollector.java:73) ~[junit-platform-engine-1.12.2.jar:1.12.2]
	at org.junit.platform.engine.support.hierarchical.NodeTestTask.lambda$executeRecursively$8(NodeTestTask.java:146) ~[junit-platform-engine-1.12.2.jar:1.12.2]
	at org.junit.platform.engine.support.hierarchical.Node.around(Node.java:137) ~[junit-platform-engine-1.12.2.jar:1.12.2]
	at org.junit.platform.engine.support.hierarchical.NodeTestTask.lambda$executeRecursively$9(NodeTestTask.java:144) ~[junit-platform-engine-1.12.2.jar:1.12.2]
	at org.junit.platform.engine.support.hierarchical.ThrowableCollector.execute(ThrowableCollector.java:73) ~[junit-platform-engine-1.12.2.jar:1.12.2]
	at org.junit.platform.engine.support.hierarchical.NodeTestTask.executeRecursively(NodeTestTask.java:143) ~[junit-platform-engine-1.12.2.jar:1.12.2]
	at org.junit.platform.engine.support.hierarchical.NodeTestTask.execute(NodeTestTask.java:100) ~[junit-platform-engine-1.12.2.jar:1.12.2]
	at org.junit.platform.engine.support.hierarchical.SameThreadHierarchicalTestExecutorService.submit(SameThreadHierarchicalTestExecutorService.java:35) ~[junit-platform-engine-1.12.2.jar:1.12.2]
	at org.junit.platform.engine.support.hierarchical.HierarchicalTestExecutor.execute(HierarchicalTestExecutor.java:57) ~[junit-platform-engine-1.12.2.jar:1.12.2]
	at org.junit.platform.engine.support.hierarchical.HierarchicalTestEngine.execute(HierarchicalTestEngine.java:54) ~[junit-platform-engine-1.12.2.jar:1.12.2]
	at org.junit.platform.launcher.core.EngineExecutionOrchestrator.execute(EngineExecutionOrchestrator.java:201) ~[junit-platform-launcher-1.12.2.jar:1.12.2]
	at org.junit.platform.launcher.core.EngineExecutionOrchestrator.execute(EngineExecutionOrchestrator.java:170) ~[junit-platform-launcher-1.12.2.jar:1.12.2]
	at org.junit.platform.launcher.core.EngineExecutionOrchestrator.execute(EngineExecutionOrchestrator.java:94) ~[junit-platform-launcher-1.12.2.jar:1.12.2]
	at org.junit.platform.launcher.core.EngineExecutionOrchestrator.lambda$execute$0(EngineExecutionOrchestrator.java:59) ~[junit-platform-launcher-1.12.2.jar:1.12.2]
	at org.junit.platform.launcher.core.EngineExecutionOrchestrator.withInterceptedStreams(EngineExecutionOrchestrator.java:142) ~[junit-platform-launcher-1.12.2.jar:1.12.2]
	at org.junit.platform.launcher.core.EngineExecutionOrchestrator.execute(EngineExecutionOrchestrator.java:58) ~[junit-platform-launcher-1.12.2.jar:1.12.2]
	at org.junit.platform.launcher.core.DefaultLauncher.execute(DefaultLauncher.java:103) ~[junit-platform-launcher-1.12.2.jar:1.12.2]
	at org.junit.platform.launcher.core.DefaultLauncher.execute(DefaultLauncher.java:85) ~[junit-platform-launcher-1.12.2.jar:1.12.2]
	at org.junit.platform.launcher.core.DelegatingLauncher.execute(DelegatingLauncher.java:47) ~[junit-platform-launcher-1.12.2.jar:1.12.2]
	at org.junit.platform.launcher.core.InterceptingLauncher.lambda$execute$1(InterceptingLauncher.java:39) ~[junit-platform-launcher-1.12.2.jar:1.12.2]
	at org.junit.platform.launcher.core.ClasspathAlignmentCheckingLauncherInterceptor.intercept(ClasspathAlignmentCheckingLauncherInterceptor.java:25) ~[junit-platform-launcher-1.12.2.jar:1.12.2]
	at org.junit.platform.launcher.core.InterceptingLauncher.execute(InterceptingLauncher.java:38) ~[junit-platform-launcher-1.12.2.jar:1.12.2]
	at org.junit.platform.launcher.core.DelegatingLauncher.execute(DelegatingLauncher.java:47) ~[junit-platform-launcher-1.12.2.jar:1.12.2]
	at org.junit.platform.launcher.core.SessionPerRequestLauncher.execute(SessionPerRequestLauncher.java:63) ~[junit-platform-launcher-1.12.2.jar:1.12.2]
	at com.intellij.junit5.JUnit5IdeaTestRunner.startRunnerWithArgs(JUnit5IdeaTestRunner.java:66) ~[junit5-rt.jar:na]
	at com.intellij.rt.junit.IdeaTestRunner$Repeater$1.execute(IdeaTestRunner.java:38) ~[junit-rt.jar:na]
	at com.intellij.rt.execution.junit.TestsRepeater.repeat(TestsRepeater.java:11) ~[idea_rt.jar:na]
	at com.intellij.rt.junit.IdeaTestRunner$Repeater.startRunnerWithArgs(IdeaTestRunner.java:35) ~[junit-rt.jar:na]
	at com.intellij.rt.junit.JUnitStarter.prepareStreamsAndStart(JUnitStarter.java:237) ~[junit-rt.jar:na]
	at com.intellij.rt.junit.JUnitStarter.main(JUnitStarter.java:58) ~[junit-rt.jar:na]
Caused by: java.lang.IllegalStateException: Internal problem occurred, please report it. Mockito is unable to load the default implementation of class that is a part of Mockito distribution. Failed to load interface org.mockito.plugins.MockMaker
	at org.mockito.internal.configuration.plugins.DefaultMockitoPlugins.create(DefaultMockitoPlugins.java:105) ~[mockito-core-5.17.0.jar:na]
	at org.mockito.internal.configuration.plugins.DefaultMockitoPlugins.getDefaultPlugin(DefaultMockitoPlugins.java:79) ~[mockito-core-5.17.0.jar:na]
	at org.mockito.internal.configuration.plugins.PluginLoader.loadPlugin(PluginLoader.java:75) ~[mockito-core-5.17.0.jar:na]
	at org.mockito.internal.configuration.plugins.PluginLoader.loadPlugin(PluginLoader.java:49) ~[mockito-core-5.17.0.jar:na]
	at org.mockito.internal.configuration.plugins.PluginRegistry.<init>(PluginRegistry.java:29) ~[mockito-core-5.17.0.jar:na]
	at org.mockito.internal.configuration.plugins.Plugins.<clinit>(Plugins.java:26) ~[mockito-core-5.17.0.jar:na]
	at org.mockito.internal.MockitoCore.<clinit>(MockitoCore.java:71) ~[mockito-core-5.17.0.jar:na]
	at org.mockito.Mockito.<clinit>(Mockito.java:1777) ~[mockito-core-5.17.0.jar:na]
	at org.springframework.boot.test.mock.mockito.MockReset.get(MockReset.java:108) ~[spring-boot-test-3.5.5.jar:3.5.5]
	at org.springframework.boot.test.mock.mockito.ResetMocksTestExecutionListener.resetMocks(ResetMocksTestExecutionListener.java:89) ~[spring-boot-test-3.5.5.jar:3.5.5]
	at org.springframework.boot.test.mock.mockito.ResetMocksTestExecutionListener.resetMocks(ResetMocksTestExecutionListener.java:77) ~[spring-boot-test-3.5.5.jar:3.5.5]
	at org.springframework.boot.test.mock.mockito.ResetMocksTestExecutionListener.beforeTestMethod(ResetMocksTestExecutionListener.java:64) ~[spring-boot-test-3.5.5.jar:3.5.5]
	at org.springframework.test.context.TestContextManager.beforeTestMethod(TestContextManager.java:320) ~[spring-test-6.2.10.jar:6.2.10]
	at org.springframework.test.context.junit.jupiter.SpringExtension.beforeEach(SpringExtension.java:236) ~[spring-test-6.2.10.jar:6.2.10]
	at java.base/java.util.ArrayList.forEach(ArrayList.java:1604) ~[na:na]
	at java.base/java.util.ArrayList.forEach(ArrayList.java:1604) ~[na:na]
Caused by: java.lang.reflect.InvocationTargetException: null
	at java.base/java.lang.reflect.Constructor.newInstanceWithCaller(Constructor.java:499) ~[na:na]
	at java.base/java.lang.reflect.Constructor.newInstance(Constructor.java:483) ~[na:na]
	at org.mockito.internal.configuration.plugins.DefaultMockitoPlugins.create(DefaultMockitoPlugins.java:103) ~[mockito-core-5.17.0.jar:na]
	... 15 common frames omitted
Caused by: org.mockito.exceptions.base.MockitoInitializationException: 
Could not initialize inline Byte Buddy mock maker.

It appears as if your JDK does not supply a working agent attachment mechanism.
Java               : 24
JVM vendor name    : Oracle Corporation
JVM vendor version : 24.0.2+11-jvmci-b01
JVM name           : Java HotSpot(TM) 64-Bit Server VM
JVM version        : 24.0.2+11-jvmci-b01
JVM info           : mixed mode, sharing
OS name            : Windows 10
OS version         : 10.0

	at org.mockito.internal.creation.bytebuddy.InlineDelegateByteBuddyMockMaker.<init>(InlineDelegateByteBuddyMockMaker.java:275) ~[mockito-core-5.17.0.jar:na]
	at org.mockito.internal.creation.bytebuddy.InlineByteBuddyMockMaker.<init>(InlineByteBuddyMockMaker.java:23) ~[mockito-core-5.17.0.jar:na]
	... 18 common frames omitted
Caused by: java.lang.IllegalStateException: Could not self-attach to current VM using external process - set a property net.bytebuddy.agent.attacher.dump to dump the process output to a file at the specified location
	at net.bytebuddy.agent.ByteBuddyAgent.installExternal(ByteBuddyAgent.java:672) ~[byte-buddy-agent-1.17.7.jar:na]
	at net.bytebuddy.agent.ByteBuddyAgent.install(ByteBuddyAgent.java:599) ~[byte-buddy-agent-1.17.7.jar:na]
	at net.bytebuddy.agent.ByteBuddyAgent.install(ByteBuddyAgent.java:579) ~[byte-buddy-agent-1.17.7.jar:na]
	at net.bytebuddy.agent.ByteBuddyAgent.install(ByteBuddyAgent.java:531) ~[byte-buddy-agent-1.17.7.jar:na]
	at net.bytebuddy.agent.ByteBuddyAgent.install(ByteBuddyAgent.java:508) ~[byte-buddy-agent-1.17.7.jar:na]
	at org.mockito.internal.PremainAttachAccess.getInstrumentation(PremainAttachAccess.java:80) ~[mockito-core-5.17.0.jar:na]
	at org.mockito.internal.creation.bytebuddy.InlineDelegateByteBuddyMockMaker.<clinit>(InlineDelegateByteBuddyMockMaker.java:138) ~[mockito-core-5.17.0.jar:na]
	... 19 common frames omitted

2025-11-04T16:40:09.011+03:00  WARN 18696 --- [medical-center-userservice] [main] o.s.test.context.TestContextManager      : Caught exception while invoking 'beforeTestMethod' callback on TestExecutionListener [org.springframework.boot.test.mock.mockito.ResetMocksTestExecutionListener] for test method [void medicalcenter.userservice.repository.DoctorRepositoryTests.findBySpecialty_WithPagination_ShouldReturnPaginatedResults()] and test instance [medicalcenter.userservice.repository.DoctorRepositoryTests@16bc97b9]

java.lang.IllegalStateException: Could not initialize plugin: interface org.mockito.plugins.MockMaker (alternate: null)
	at org.mockito.internal.configuration.plugins.PluginLoader$1.invoke(PluginLoader.java:85) ~[mockito-core-5.17.0.jar:na]
	at jdk.proxy1/jdk.proxy1.$Proxy150.getHandler(Unknown Source) ~[na:na]
	at org.mockito.internal.util.MockUtil.getMockHandlerOrNull(MockUtil.java:158) ~[mockito-core-5.17.0.jar:na]
	at org.mockito.internal.util.MockUtil.isMock(MockUtil.java:147) ~[mockito-core-5.17.0.jar:na]
	at org.mockito.internal.util.DefaultMockingDetails.isMock(DefaultMockingDetails.java:32) ~[mockito-core-5.17.0.jar:na]
	at org.springframework.boot.test.mock.mockito.MockReset.get(MockReset.java:109) ~[spring-boot-test-3.5.5.jar:3.5.5]
	at org.springframework.boot.test.mock.mockito.ResetMocksTestExecutionListener.resetMocks(ResetMocksTestExecutionListener.java:89) ~[spring-boot-test-3.5.5.jar:3.5.5]
	at org.springframework.boot.test.mock.mockito.ResetMocksTestExecutionListener.resetMocks(ResetMocksTestExecutionListener.java:77) ~[spring-boot-test-3.5.5.jar:3.5.5]
	at org.springframework.boot.test.mock.mockito.ResetMocksTestExecutionListener.beforeTestMethod(ResetMocksTestExecutionListener.java:64) ~[spring-boot-test-3.5.5.jar:3.5.5]
	at org.springframework.test.context.TestContextManager.beforeTestMethod(TestContextManager.java:320) ~[spring-test-6.2.10.jar:6.2.10]
	at org.springframework.test.context.junit.jupiter.SpringExtension.beforeEach(SpringExtension.java:236) ~[spring-test-6.2.10.jar:6.2.10]
	at org.junit.jupiter.engine.descriptor.TestMethodTestDescriptor.lambda$invokeBeforeEachCallbacks$2(TestMethodTestDescriptor.java:165) ~[junit-jupiter-engine-5.12.2.jar:5.12.2]
	at org.junit.jupiter.engine.descriptor.TestMethodTestDescriptor.lambda$invokeBeforeMethodsOrCallbacksUntilExceptionOccurs$6(TestMethodTestDescriptor.java:201) ~[junit-jupiter-engine-5.12.2.jar:5.12.2]
	at org.junit.platform.engine.support.hierarchical.ThrowableCollector.execute(ThrowableCollector.java:73) ~[junit-platform-engine-1.12.2.jar:1.12.2]
	at org.junit.jupiter.engine.descriptor.TestMethodTestDescriptor.invokeBeforeMethodsOrCallbacksUntilExceptionOccurs(TestMethodTestDescriptor.java:201) ~[junit-jupiter-engine-5.12.2.jar:5.12.2]
	at org.junit.jupiter.engine.descriptor.TestMethodTestDescriptor.invokeBeforeEachCallbacks(TestMethodTestDescriptor.java:164) ~[junit-jupiter-engine-5.12.2.jar:5.12.2]
	at org.junit.jupiter.engine.descriptor.TestMethodTestDescriptor.execute(TestMethodTestDescriptor.java:131) ~[junit-jupiter-engine-5.12.2.jar:5.12.2]
	at org.junit.jupiter.engine.descriptor.TestMethodTestDescriptor.execute(TestMethodTestDescriptor.java:69) ~[junit-jupiter-engine-5.12.2.jar:5.12.2]
	at org.junit.platform.engine.support.hierarchical.NodeTestTask.lambda$executeRecursively$6(NodeTestTask.java:156) ~[junit-platform-engine-1.12.2.jar:1.12.2]
	at org.junit.platform.engine.support.hierarchical.ThrowableCollector.execute(ThrowableCollector.java:73) ~[junit-platform-engine-1.12.2.jar:1.12.2]
	at org.junit.platform.engine.support.hierarchical.NodeTestTask.lambda$executeRecursively$8(NodeTestTask.java:146) ~[junit-platform-engine-1.12.2.jar:1.12.2]
	at org.junit.platform.engine.support.hierarchical.Node.around(Node.java:137) ~[junit-platform-engine-1.12.2.jar:1.12.2]
	at org.junit.platform.engine.support.hierarchical.NodeTestTask.lambda$executeRecursively$9(NodeTestTask.java:144) ~[junit-platform-engine-1.12.2.jar:1.12.2]
	at org.junit.platform.engine.support.hierarchical.ThrowableCollector.execute(ThrowableCollector.java:73) ~[junit-platform-engine-1.12.2.jar:1.12.2]
	at org.junit.platform.engine.support.hierarchical.NodeTestTask.executeRecursively(NodeTestTask.java:143) ~[junit-platform-engine-1.12.2.jar:1.12.2]
	at org.junit.platform.engine.support.hierarchical.NodeTestTask.execute(NodeTestTask.java:100) ~[junit-platform-engine-1.12.2.jar:1.12.2]
	at java.base/java.util.ArrayList.forEach(ArrayList.java:1604) ~[na:na]
	at org.junit.platform.engine.support.hierarchical.SameThreadHierarchicalTestExecutorService.invokeAll(SameThreadHierarchicalTestExecutorService.java:41) ~[junit-platform-engine-1.12.2.jar:1.12.2]
	at org.junit.platform.engine.support.hierarchical.NodeTestTask.lambda$executeRecursively$6(NodeTestTask.java:160) ~[junit-platform-engine-1.12.2.jar:1.12.2]
	at org.junit.platform.engine.support.hierarchical.ThrowableCollector.execute(ThrowableCollector.java:73) ~[junit-platform-engine-1.12.2.jar:1.12.2]
	at org.junit.platform.engine.support.hierarchical.NodeTestTask.lambda$executeRecursively$8(NodeTestTask.java:146) ~[junit-platform-engine-1.12.2.jar:1.12.2]
	at org.junit.platform.engine.support.hierarchical.Node.around(Node.java:137) ~[junit-platform-engine-1.12.2.jar:1.12.2]
	at org.junit.platform.engine.support.hierarchical.NodeTestTask.lambda$executeRecursively$9(NodeTestTask.java:144) ~[junit-platform-engine-1.12.2.jar:1.12.2]
	at org.junit.platform.engine.support.hierarchical.ThrowableCollector.execute(ThrowableCollector.java:73) ~[junit-platform-engine-1.12.2.jar:1.12.2]
	at org.junit.platform.engine.support.hierarchical.NodeTestTask.executeRecursively(NodeTestTask.java:143) ~[junit-platform-engine-1.12.2.jar:1.12.2]
	at org.junit.platform.engine.support.hierarchical.NodeTestTask.execute(NodeTestTask.java:100) ~[junit-platform-engine-1.12.2.jar:1.12.2]
	at java.base/java.util.ArrayList.forEach(ArrayList.java:1604) ~[na:na]
	at org.junit.platform.engine.support.hierarchical.SameThreadHierarchicalTestExecutorService.invokeAll(SameThreadHierarchicalTestExecutorService.java:41) ~[junit-platform-engine-1.12.2.jar:1.12.2]
	at org.junit.platform.engine.support.hierarchical.NodeTestTask.lambda$executeRecursively$6(NodeTestTask.java:160) ~[junit-platform-engine-1.12.2.jar:1.12.2]
	at org.junit.platform.engine.support.hierarchical.ThrowableCollector.execute(ThrowableCollector.java:73) ~[junit-platform-engine-1.12.2.jar:1.12.2]
	at org.junit.platform.engine.support.hierarchical.NodeTestTask.lambda$executeRecursively$8(NodeTestTask.java:146) ~[junit-platform-engine-1.12.2.jar:1.12.2]
	at org.junit.platform.engine.support.hierarchical.Node.around(Node.java:137) ~[junit-platform-engine-1.12.2.jar:1.12.2]
	at org.junit.platform.engine.support.hierarchical.NodeTestTask.lambda$executeRecursively$9(NodeTestTask.java:144) ~[junit-platform-engine-1.12.2.jar:1.12.2]
	at org.junit.platform.engine.support.hierarchical.ThrowableCollector.execute(ThrowableCollector.java:73) ~[junit-platform-engine-1.12.2.jar:1.12.2]
	at org.junit.platform.engine.support.hierarchical.NodeTestTask.executeRecursively(NodeTestTask.java:143) ~[junit-platform-engine-1.12.2.jar:1.12.2]
	at org.junit.platform.engine.support.hierarchical.NodeTestTask.execute(NodeTestTask.java:100) ~[junit-platform-engine-1.12.2.jar:1.12.2]
	at org.junit.platform.engine.support.hierarchical.SameThreadHierarchicalTestExecutorService.submit(SameThreadHierarchicalTestExecutorService.java:35) ~[junit-platform-engine-1.12.2.jar:1.12.2]
	at org.junit.platform.engine.support.hierarchical.HierarchicalTestExecutor.execute(HierarchicalTestExecutor.java:57) ~[junit-platform-engine-1.12.2.jar:1.12.2]
	at org.junit.platform.engine.support.hierarchical.HierarchicalTestEngine.execute(HierarchicalTestEngine.java:54) ~[junit-platform-engine-1.12.2.jar:1.12.2]
	at org.junit.platform.launcher.core.EngineExecutionOrchestrator.execute(EngineExecutionOrchestrator.java:201) ~[junit-platform-launcher-1.12.2.jar:1.12.2]
	at org.junit.platform.launcher.core.EngineExecutionOrchestrator.execute(EngineExecutionOrchestrator.java:170) ~[junit-platform-launcher-1.12.2.jar:1.12.2]
	at org.junit.platform.launcher.core.EngineExecutionOrchestrator.execute(EngineExecutionOrchestrator.java:94) ~[junit-platform-launcher-1.12.2.jar:1.12.2]
	at org.junit.platform.launcher.core.EngineExecutionOrchestrator.lambda$execute$0(EngineExecutionOrchestrator.java:59) ~[junit-platform-launcher-1.12.2.jar:1.12.2]
	at org.junit.platform.launcher.core.EngineExecutionOrchestrator.withInterceptedStreams(EngineExecutionOrchestrator.java:142) ~[junit-platform-launcher-1.12.2.jar:1.12.2]
	at org.junit.platform.launcher.core.EngineExecutionOrchestrator.execute(EngineExecutionOrchestrator.java:58) ~[junit-platform-launcher-1.12.2.jar:1.12.2]
	at org.junit.platform.launcher.core.DefaultLauncher.execute(DefaultLauncher.java:103) ~[junit-platform-launcher-1.12.2.jar:1.12.2]
	at org.junit.platform.launcher.core.DefaultLauncher.execute(DefaultLauncher.java:85) ~[junit-platform-launcher-1.12.2.jar:1.12.2]
	at org.junit.platform.launcher.core.DelegatingLauncher.execute(DelegatingLauncher.java:47) ~[junit-platform-launcher-1.12.2.jar:1.12.2]
	at org.junit.platform.launcher.core.InterceptingLauncher.lambda$execute$1(InterceptingLauncher.java:39) ~[junit-platform-launcher-1.12.2.jar:1.12.2]
	at org.junit.platform.launcher.core.ClasspathAlignmentCheckingLauncherInterceptor.intercept(ClasspathAlignmentCheckingLauncherInterceptor.java:25) ~[junit-platform-launcher-1.12.2.jar:1.12.2]
	at org.junit.platform.launcher.core.InterceptingLauncher.execute(InterceptingLauncher.java:38) ~[junit-platform-launcher-1.12.2.jar:1.12.2]
	at org.junit.platform.launcher.core.DelegatingLauncher.execute(DelegatingLauncher.java:47) ~[junit-platform-launcher-1.12.2.jar:1.12.2]
	at org.junit.platform.launcher.core.SessionPerRequestLauncher.execute(SessionPerRequestLauncher.java:63) ~[junit-platform-launcher-1.12.2.jar:1.12.2]
	at com.intellij.junit5.JUnit5IdeaTestRunner.startRunnerWithArgs(JUnit5IdeaTestRunner.java:66) ~[junit5-rt.jar:na]
	at com.intellij.rt.junit.IdeaTestRunner$Repeater$1.execute(IdeaTestRunner.java:38) ~[junit-rt.jar:na]
	at com.intellij.rt.execution.junit.TestsRepeater.repeat(TestsRepeater.java:11) ~[idea_rt.jar:na]
	at com.intellij.rt.junit.IdeaTestRunner$Repeater.startRunnerWithArgs(IdeaTestRunner.java:35) ~[junit-rt.jar:na]
	at com.intellij.rt.junit.JUnitStarter.prepareStreamsAndStart(JUnitStarter.java:237) ~[junit-rt.jar:na]
	at com.intellij.rt.junit.JUnitStarter.main(JUnitStarter.java:58) ~[junit-rt.jar:na]
Caused by: java.lang.IllegalStateException: Internal problem occurred, please report it. Mockito is unable to load the default implementation of class that is a part of Mockito distribution. Failed to load interface org.mockito.plugins.MockMaker
	at org.mockito.internal.configuration.plugins.DefaultMockitoPlugins.create(DefaultMockitoPlugins.java:105) ~[mockito-core-5.17.0.jar:na]
	at org.mockito.internal.configuration.plugins.DefaultMockitoPlugins.getDefaultPlugin(DefaultMockitoPlugins.java:79) ~[mockito-core-5.17.0.jar:na]
	at org.mockito.internal.configuration.plugins.PluginLoader.loadPlugin(PluginLoader.java:75) ~[mockito-core-5.17.0.jar:na]
	at org.mockito.internal.configuration.plugins.PluginLoader.loadPlugin(PluginLoader.java:49) ~[mockito-core-5.17.0.jar:na]
	at org.mockito.internal.configuration.plugins.PluginRegistry.<init>(PluginRegistry.java:29) ~[mockito-core-5.17.0.jar:na]
	at org.mockito.internal.configuration.plugins.Plugins.<clinit>(Plugins.java:26) ~[mockito-core-5.17.0.jar:na]
	at org.mockito.internal.MockitoCore.<clinit>(MockitoCore.java:71) ~[mockito-core-5.17.0.jar:na]
	at org.mockito.Mockito.<clinit>(Mockito.java:1777) ~[mockito-core-5.17.0.jar:na]
	at org.springframework.boot.test.mock.mockito.MockReset.get(MockReset.java:108) ~[spring-boot-test-3.5.5.jar:3.5.5]
	at org.springframework.boot.test.mock.mockito.ResetMocksTestExecutionListener.resetMocks(ResetMocksTestExecutionListener.java:89) ~[spring-boot-test-3.5.5.jar:3.5.5]
	at org.springframework.boot.test.mock.mockito.ResetMocksTestExecutionListener.resetMocks(ResetMocksTestExecutionListener.java:77) ~[spring-boot-test-3.5.5.jar:3.5.5]
	at org.springframework.boot.test.mock.mockito.ResetMocksTestExecutionListener.beforeTestMethod(ResetMocksTestExecutionListener.java:64) ~[spring-boot-test-3.5.5.jar:3.5.5]
	at org.springframework.test.context.TestContextManager.beforeTestMethod(TestContextManager.java:320) ~[spring-test-6.2.10.jar:6.2.10]
	at org.springframework.test.context.junit.jupiter.SpringExtension.beforeEach(SpringExtension.java:236) ~[spring-test-6.2.10.jar:6.2.10]
	at java.base/java.util.ArrayList.forEach(ArrayList.java:1604) ~[na:na]
	at java.base/java.util.ArrayList.forEach(ArrayList.java:1604) ~[na:na]
Caused by: java.lang.reflect.InvocationTargetException: null
	at java.base/java.lang.reflect.Constructor.newInstanceWithCaller(Constructor.java:499) ~[na:na]
	at java.base/java.lang.reflect.Constructor.newInstance(Constructor.java:483) ~[na:na]
	at org.mockito.internal.configuration.plugins.DefaultMockitoPlugins.create(DefaultMockitoPlugins.java:103) ~[mockito-core-5.17.0.jar:na]
	... 15 common frames omitted
Caused by: org.mockito.exceptions.base.MockitoInitializationException: 
Could not initialize inline Byte Buddy mock maker.

It appears as if your JDK does not supply a working agent attachment mechanism.
Java               : 24
JVM vendor name    : Oracle Corporation
JVM vendor version : 24.0.2+11-jvmci-b01
JVM name           : Java HotSpot(TM) 64-Bit Server VM
JVM version        : 24.0.2+11-jvmci-b01
JVM info           : mixed mode, sharing
OS name            : Windows 10
OS version         : 10.0

	at org.mockito.internal.creation.bytebuddy.InlineDelegateByteBuddyMockMaker.<init>(InlineDelegateByteBuddyMockMaker.java:275) ~[mockito-core-5.17.0.jar:na]
	at org.mockito.internal.creation.bytebuddy.InlineByteBuddyMockMaker.<init>(InlineByteBuddyMockMaker.java:23) ~[mockito-core-5.17.0.jar:na]
	... 18 common frames omitted
Caused by: java.lang.IllegalStateException: Could not self-attach to current VM using external process - set a property net.bytebuddy.agent.attacher.dump to dump the process output to a file at the specified location
	at net.bytebuddy.agent.ByteBuddyAgent.installExternal(ByteBuddyAgent.java:672) ~[byte-buddy-agent-1.17.7.jar:na]
	at net.bytebuddy.agent.ByteBuddyAgent.install(ByteBuddyAgent.java:599) ~[byte-buddy-agent-1.17.7.jar:na]
	at net.bytebuddy.agent.ByteBuddyAgent.install(ByteBuddyAgent.java:579) ~[byte-buddy-agent-1.17.7.jar:na]
	at net.bytebuddy.agent.ByteBuddyAgent.install(ByteBuddyAgent.java:531) ~[byte-buddy-agent-1.17.7.jar:na]
	at net.bytebuddy.agent.ByteBuddyAgent.install(ByteBuddyAgent.java:508) ~[byte-buddy-agent-1.17.7.jar:na]
	at org.mockito.internal.PremainAttachAccess.getInstrumentation(PremainAttachAccess.java:80) ~[mockito-core-5.17.0.jar:na]
	at org.mockito.internal.creation.bytebuddy.InlineDelegateByteBuddyMockMaker.<clinit>(InlineDelegateByteBuddyMockMaker.java:138) ~[mockito-core-5.17.0.jar:na]
	... 19 common frames omitted

2025-11-04T16:40:09.020+03:00  WARN 18696 --- [medical-center-userservice] [main] o.s.test.context.TestContextManager      : Caught exception while invoking 'afterTestMethod' callback on TestExecutionListener [org.springframework.boot.test.mock.mockito.ResetMocksTestExecutionListener] for test method [void medicalcenter.userservice.repository.DoctorRepositoryTests.findBySpecialty_WithPagination_ShouldReturnPaginatedResults()] and test instance [medicalcenter.userservice.repository.DoctorRepositoryTests@16bc97b9]

java.lang.IllegalStateException: Could not initialize plugin: interface org.mockito.plugins.MockMaker (alternate: null)
	at org.mockito.internal.configuration.plugins.PluginLoader$1.invoke(PluginLoader.java:85) ~[mockito-core-5.17.0.jar:na]
	at jdk.proxy1/jdk.proxy1.$Proxy150.getHandler(Unknown Source) ~[na:na]
	at org.mockito.internal.util.MockUtil.getMockHandlerOrNull(MockUtil.java:158) ~[mockito-core-5.17.0.jar:na]
	at org.mockito.internal.util.MockUtil.isMock(MockUtil.java:147) ~[mockito-core-5.17.0.jar:na]
	at org.mockito.internal.util.DefaultMockingDetails.isMock(DefaultMockingDetails.java:32) ~[mockito-core-5.17.0.jar:na]
	at org.springframework.boot.test.mock.mockito.MockReset.get(MockReset.java:109) ~[spring-boot-test-3.5.5.jar:3.5.5]
	at org.springframework.boot.test.mock.mockito.ResetMocksTestExecutionListener.resetMocks(ResetMocksTestExecutionListener.java:89) ~[spring-boot-test-3.5.5.jar:3.5.5]
	at org.springframework.boot.test.mock.mockito.ResetMocksTestExecutionListener.resetMocks(ResetMocksTestExecutionListener.java:77) ~[spring-boot-test-3.5.5.jar:3.5.5]
	at org.springframework.boot.test.mock.mockito.ResetMocksTestExecutionListener.afterTestMethod(ResetMocksTestExecutionListener.java:71) ~[spring-boot-test-3.5.5.jar:3.5.5]
	at org.springframework.test.context.TestContextManager.afterTestMethod(TestContextManager.java:488) ~[spring-test-6.2.10.jar:6.2.10]
	at org.springframework.test.context.junit.jupiter.SpringExtension.afterEach(SpringExtension.java:274) ~[spring-test-6.2.10.jar:6.2.10]
	at org.junit.jupiter.engine.descriptor.TestMethodTestDescriptor.lambda$invokeAfterEachCallbacks$12(TestMethodTestDescriptor.java:259) ~[junit-jupiter-engine-5.12.2.jar:5.12.2]
	at org.junit.jupiter.engine.descriptor.TestMethodTestDescriptor.lambda$invokeAllAfterMethodsOrCallbacks$13(TestMethodTestDescriptor.java:275) ~[junit-jupiter-engine-5.12.2.jar:5.12.2]
	at org.junit.platform.engine.support.hierarchical.ThrowableCollector.execute(ThrowableCollector.java:73) ~[junit-platform-engine-1.12.2.jar:1.12.2]
	at org.junit.jupiter.engine.descriptor.TestMethodTestDescriptor.lambda$invokeAllAfterMethodsOrCallbacks$14(TestMethodTestDescriptor.java:275) ~[junit-jupiter-engine-5.12.2.jar:5.12.2]
	at org.junit.platform.commons.util.CollectionUtils.forEachInReverseOrder(CollectionUtils.java:239) ~[junit-platform-commons-1.12.2.jar:1.12.2]
	at org.junit.jupiter.engine.descriptor.TestMethodTestDescriptor.invokeAllAfterMethodsOrCallbacks(TestMethodTestDescriptor.java:274) ~[junit-jupiter-engine-5.12.2.jar:5.12.2]
	at org.junit.jupiter.engine.descriptor.TestMethodTestDescriptor.invokeAfterEachCallbacks(TestMethodTestDescriptor.java:258) ~[junit-jupiter-engine-5.12.2.jar:5.12.2]
	at org.junit.jupiter.engine.descriptor.TestMethodTestDescriptor.execute(TestMethodTestDescriptor.java:143) ~[junit-jupiter-engine-5.12.2.jar:5.12.2]
	at org.junit.jupiter.engine.descriptor.TestMethodTestDescriptor.execute(TestMethodTestDescriptor.java:69) ~[junit-jupiter-engine-5.12.2.jar:5.12.2]
	at org.junit.platform.engine.support.hierarchical.NodeTestTask.lambda$executeRecursively$6(NodeTestTask.java:156) ~[junit-platform-engine-1.12.2.jar:1.12.2]
	at org.junit.platform.engine.support.hierarchical.ThrowableCollector.execute(ThrowableCollector.java:73) ~[junit-platform-engine-1.12.2.jar:1.12.2]
	at org.junit.platform.engine.support.hierarchical.NodeTestTask.lambda$executeRecursively$8(NodeTestTask.java:146) ~[junit-platform-engine-1.12.2.jar:1.12.2]
	at org.junit.platform.engine.support.hierarchical.Node.around(Node.java:137) ~[junit-platform-engine-1.12.2.jar:1.12.2]
	at org.junit.platform.engine.support.hierarchical.NodeTestTask.lambda$executeRecursively$9(NodeTestTask.java:144) ~[junit-platform-engine-1.12.2.jar:1.12.2]
	at org.junit.platform.engine.support.hierarchical.ThrowableCollector.execute(ThrowableCollector.java:73) ~[junit-platform-engine-1.12.2.jar:1.12.2]
	at org.junit.platform.engine.support.hierarchical.NodeTestTask.executeRecursively(NodeTestTask.java:143) ~[junit-platform-engine-1.12.2.jar:1.12.2]
	at org.junit.platform.engine.support.hierarchical.NodeTestTask.execute(NodeTestTask.java:100) ~[junit-platform-engine-1.12.2.jar:1.12.2]
	at java.base/java.util.ArrayList.forEach(ArrayList.java:1604) ~[na:na]
	at org.junit.platform.engine.support.hierarchical.SameThreadHierarchicalTestExecutorService.invokeAll(SameThreadHierarchicalTestExecutorService.java:41) ~[junit-platform-engine-1.12.2.jar:1.12.2]
	at org.junit.platform.engine.support.hierarchical.NodeTestTask.lambda$executeRecursively$6(NodeTestTask.java:160) ~[junit-platform-engine-1.12.2.jar:1.12.2]
	at org.junit.platform.engine.support.hierarchical.ThrowableCollector.execute(ThrowableCollector.java:73) ~[junit-platform-engine-1.12.2.jar:1.12.2]
	at org.junit.platform.engine.support.hierarchical.NodeTestTask.lambda$executeRecursively$8(NodeTestTask.java:146) ~[junit-platform-engine-1.12.2.jar:1.12.2]
	at org.junit.platform.engine.support.hierarchical.Node.around(Node.java:137) ~[junit-platform-engine-1.12.2.jar:1.12.2]
	at org.junit.platform.engine.support.hierarchical.NodeTestTask.lambda$executeRecursively$9(NodeTestTask.java:144) ~[junit-platform-engine-1.12.2.jar:1.12.2]
	at org.junit.platform.engine.support.hierarchical.ThrowableCollector.execute(ThrowableCollector.java:73) ~[junit-platform-engine-1.12.2.jar:1.12.2]
	at org.junit.platform.engine.support.hierarchical.NodeTestTask.executeRecursively(NodeTestTask.java:143) ~[junit-platform-engine-1.12.2.jar:1.12.2]
	at org.junit.platform.engine.support.hierarchical.NodeTestTask.execute(NodeTestTask.java:100) ~[junit-platform-engine-1.12.2.jar:1.12.2]
	at java.base/java.util.ArrayList.forEach(ArrayList.java:1604) ~[na:na]
	at org.junit.platform.engine.support.hierarchical.SameThreadHierarchicalTestExecutorService.invokeAll(SameThreadHierarchicalTestExecutorService.java:41) ~[junit-platform-engine-1.12.2.jar:1.12.2]
	at org.junit.platform.engine.support.hierarchical.NodeTestTask.lambda$executeRecursively$6(NodeTestTask.java:160) ~[junit-platform-engine-1.12.2.jar:1.12.2]
	at org.junit.platform.engine.support.hierarchical.ThrowableCollector.execute(ThrowableCollector.java:73) ~[junit-platform-engine-1.12.2.jar:1.12.2]
	at org.junit.platform.engine.support.hierarchical.NodeTestTask.lambda$executeRecursively$8(NodeTestTask.java:146) ~[junit-platform-engine-1.12.2.jar:1.12.2]
	at org.junit.platform.engine.support.hierarchical.Node.around(Node.java:137) ~[junit-platform-engine-1.12.2.jar:1.12.2]
	at org.junit.platform.engine.support.hierarchical.NodeTestTask.lambda$executeRecursively$9(NodeTestTask.java:144) ~[junit-platform-engine-1.12.2.jar:1.12.2]
	at org.junit.platform.engine.support.hierarchical.ThrowableCollector.execute(ThrowableCollector.java:73) ~[junit-platform-engine-1.12.2.jar:1.12.2]
	at org.junit.platform.engine.support.hierarchical.NodeTestTask.executeRecursively(NodeTestTask.java:143) ~[junit-platform-engine-1.12.2.jar:1.12.2]
	at org.junit.platform.engine.support.hierarchical.NodeTestTask.execute(NodeTestTask.java:100) ~[junit-platform-engine-1.12.2.jar:1.12.2]
	at org.junit.platform.engine.support.hierarchical.SameThreadHierarchicalTestExecutorService.submit(SameThreadHierarchicalTestExecutorService.java:35) ~[junit-platform-engine-1.12.2.jar:1.12.2]
	at org.junit.platform.engine.support.hierarchical.HierarchicalTestExecutor.execute(HierarchicalTestExecutor.java:57) ~[junit-platform-engine-1.12.2.jar:1.12.2]
	at org.junit.platform.engine.support.hierarchical.HierarchicalTestEngine.execute(HierarchicalTestEngine.java:54) ~[junit-platform-engine-1.12.2.jar:1.12.2]
	at org.junit.platform.launcher.core.EngineExecutionOrchestrator.execute(EngineExecutionOrchestrator.java:201) ~[junit-platform-launcher-1.12.2.jar:1.12.2]
	at org.junit.platform.launcher.core.EngineExecutionOrchestrator.execute(EngineExecutionOrchestrator.java:170) ~[junit-platform-launcher-1.12.2.jar:1.12.2]
	at org.junit.platform.launcher.core.EngineExecutionOrchestrator.execute(EngineExecutionOrchestrator.java:94) ~[junit-platform-launcher-1.12.2.jar:1.12.2]
	at org.junit.platform.launcher.core.EngineExecutionOrchestrator.lambda$execute$0(EngineExecutionOrchestrator.java:59) ~[junit-platform-launcher-1.12.2.jar:1.12.2]
	at org.junit.platform.launcher.core.EngineExecutionOrchestrator.withInterceptedStreams(EngineExecutionOrchestrator.java:142) ~[junit-platform-launcher-1.12.2.jar:1.12.2]
	at org.junit.platform.launcher.core.EngineExecutionOrchestrator.execute(EngineExecutionOrchestrator.java:58) ~[junit-platform-launcher-1.12.2.jar:1.12.2]
	at org.junit.platform.launcher.core.DefaultLauncher.execute(DefaultLauncher.java:103) ~[junit-platform-launcher-1.12.2.jar:1.12.2]
	at org.junit.platform.launcher.core.DefaultLauncher.execute(DefaultLauncher.java:85) ~[junit-platform-launcher-1.12.2.jar:1.12.2]
	at org.junit.platform.launcher.core.DelegatingLauncher.execute(DelegatingLauncher.java:47) ~[junit-platform-launcher-1.12.2.jar:1.12.2]
	at org.junit.platform.launcher.core.InterceptingLauncher.lambda$execute$1(InterceptingLauncher.java:39) ~[junit-platform-launcher-1.12.2.jar:1.12.2]
	at org.junit.platform.launcher.core.ClasspathAlignmentCheckingLauncherInterceptor.intercept(ClasspathAlignmentCheckingLauncherInterceptor.java:25) ~[junit-platform-launcher-1.12.2.jar:1.12.2]
	at org.junit.platform.launcher.core.InterceptingLauncher.execute(InterceptingLauncher.java:38) ~[junit-platform-launcher-1.12.2.jar:1.12.2]
	at org.junit.platform.launcher.core.DelegatingLauncher.execute(DelegatingLauncher.java:47) ~[junit-platform-launcher-1.12.2.jar:1.12.2]
	at org.junit.platform.launcher.core.SessionPerRequestLauncher.execute(SessionPerRequestLauncher.java:63) ~[junit-platform-launcher-1.12.2.jar:1.12.2]
	at com.intellij.junit5.JUnit5IdeaTestRunner.startRunnerWithArgs(JUnit5IdeaTestRunner.java:66) ~[junit5-rt.jar:na]
	at com.intellij.rt.junit.IdeaTestRunner$Repeater$1.execute(IdeaTestRunner.java:38) ~[junit-rt.jar:na]
	at com.intellij.rt.execution.junit.TestsRepeater.repeat(TestsRepeater.java:11) ~[idea_rt.jar:na]
	at com.intellij.rt.junit.IdeaTestRunner$Repeater.startRunnerWithArgs(IdeaTestRunner.java:35) ~[junit-rt.jar:na]
	at com.intellij.rt.junit.JUnitStarter.prepareStreamsAndStart(JUnitStarter.java:237) ~[junit-rt.jar:na]
	at com.intellij.rt.junit.JUnitStarter.main(JUnitStarter.java:58) ~[junit-rt.jar:na]
Caused by: java.lang.IllegalStateException: Internal problem occurred, please report it. Mockito is unable to load the default implementation of class that is a part of Mockito distribution. Failed to load interface org.mockito.plugins.MockMaker
	at org.mockito.internal.configuration.plugins.DefaultMockitoPlugins.create(DefaultMockitoPlugins.java:105) ~[mockito-core-5.17.0.jar:na]
	at org.mockito.internal.configuration.plugins.DefaultMockitoPlugins.getDefaultPlugin(DefaultMockitoPlugins.java:79) ~[mockito-core-5.17.0.jar:na]
	at org.mockito.internal.configuration.plugins.PluginLoader.loadPlugin(PluginLoader.java:75) ~[mockito-core-5.17.0.jar:na]
	at org.mockito.internal.configuration.plugins.PluginLoader.loadPlugin(PluginLoader.java:49) ~[mockito-core-5.17.0.jar:na]
	at org.mockito.internal.configuration.plugins.PluginRegistry.<init>(PluginRegistry.java:29) ~[mockito-core-5.17.0.jar:na]
	at org.mockito.internal.configuration.plugins.Plugins.<clinit>(Plugins.java:26) ~[mockito-core-5.17.0.jar:na]
	at org.mockito.internal.MockitoCore.<clinit>(MockitoCore.java:71) ~[mockito-core-5.17.0.jar:na]
	at org.mockito.Mockito.<clinit>(Mockito.java:1777) ~[mockito-core-5.17.0.jar:na]
	at org.springframework.boot.test.mock.mockito.MockReset.get(MockReset.java:108) ~[spring-boot-test-3.5.5.jar:3.5.5]
	at org.springframework.boot.test.mock.mockito.ResetMocksTestExecutionListener.resetMocks(ResetMocksTestExecutionListener.java:89) ~[spring-boot-test-3.5.5.jar:3.5.5]
	at org.springframework.boot.test.mock.mockito.ResetMocksTestExecutionListener.resetMocks(ResetMocksTestExecutionListener.java:77) ~[spring-boot-test-3.5.5.jar:3.5.5]
	at org.springframework.boot.test.mock.mockito.ResetMocksTestExecutionListener.beforeTestMethod(ResetMocksTestExecutionListener.java:64) ~[spring-boot-test-3.5.5.jar:3.5.5]
	at org.springframework.test.context.TestContextManager.beforeTestMethod(TestContextManager.java:320) ~[spring-test-6.2.10.jar:6.2.10]
	at org.springframework.test.context.junit.jupiter.SpringExtension.beforeEach(SpringExtension.java:236) ~[spring-test-6.2.10.jar:6.2.10]
	at java.base/java.util.ArrayList.forEach(ArrayList.java:1604) ~[na:na]
	at java.base/java.util.ArrayList.forEach(ArrayList.java:1604) ~[na:na]
Caused by: java.lang.reflect.InvocationTargetException: null
	at java.base/java.lang.reflect.Constructor.newInstanceWithCaller(Constructor.java:499) ~[na:na]
	at java.base/java.lang.reflect.Constructor.newInstance(Constructor.java:483) ~[na:na]
	at org.mockito.internal.configuration.plugins.DefaultMockitoPlugins.create(DefaultMockitoPlugins.java:103) ~[mockito-core-5.17.0.jar:na]
	... 15 common frames omitted
Caused by: org.mockito.exceptions.base.MockitoInitializationException: 
Could not initialize inline Byte Buddy mock maker.

It appears as if your JDK does not supply a working agent attachment mechanism.
Java               : 24
JVM vendor name    : Oracle Corporation
JVM vendor version : 24.0.2+11-jvmci-b01
JVM name           : Java HotSpot(TM) 64-Bit Server VM
JVM version        : 24.0.2+11-jvmci-b01
JVM info           : mixed mode, sharing
OS name            : Windows 10
OS version         : 10.0

	at org.mockito.internal.creation.bytebuddy.InlineDelegateByteBuddyMockMaker.<init>(InlineDelegateByteBuddyMockMaker.java:275) ~[mockito-core-5.17.0.jar:na]
	at org.mockito.internal.creation.bytebuddy.InlineByteBuddyMockMaker.<init>(InlineByteBuddyMockMaker.java:23) ~[mockito-core-5.17.0.jar:na]
	... 18 common frames omitted
Caused by: java.lang.IllegalStateException: Could not self-attach to current VM using external process - set a property net.bytebuddy.agent.attacher.dump to dump the process output to a file at the specified location
	at net.bytebuddy.agent.ByteBuddyAgent.installExternal(ByteBuddyAgent.java:672) ~[byte-buddy-agent-1.17.7.jar:na]
	at net.bytebuddy.agent.ByteBuddyAgent.install(ByteBuddyAgent.java:599) ~[byte-buddy-agent-1.17.7.jar:na]
	at net.bytebuddy.agent.ByteBuddyAgent.install(ByteBuddyAgent.java:579) ~[byte-buddy-agent-1.17.7.jar:na]
	at net.bytebuddy.agent.ByteBuddyAgent.install(ByteBuddyAgent.java:531) ~[byte-buddy-agent-1.17.7.jar:na]
	at net.bytebuddy.agent.ByteBuddyAgent.install(ByteBuddyAgent.java:508) ~[byte-buddy-agent-1.17.7.jar:na]
	at org.mockito.internal.PremainAttachAccess.getInstrumentation(PremainAttachAccess.java:80) ~[mockito-core-5.17.0.jar:na]
	at org.mockito.internal.creation.bytebuddy.InlineDelegateByteBuddyMockMaker.<clinit>(InlineDelegateByteBuddyMockMaker.java:138) ~[mockito-core-5.17.0.jar:na]
	... 19 common frames omitted

2025-11-04T16:40:09.061+03:00  INFO 18696 --- [medical-center-userservice] [SpringApplicationShutdownHook] j.LocalContainerEntityManagerFactoryBean : Closing JPA EntityManagerFactory for persistence unit 'default'
2025-11-04T16:40:09.064+03:00 ERROR 18696 --- [medical-center-userservice] [SpringApplicationShutdownHook] .SchemaDropperImpl$DelayedDropActionImpl : HHH000478: Unsuccessful: set client_min_messages = WARNING
